valid/c/0/0/0	1aa1c3e8d117fc46bf27785e193ed36721107e9cb87c41fcfb33f1f9d01728a8	4323
valid/zarr.json	4893c134cc16284cbd0075481524d84e580251ee4fb243bfe24f2f7ea9698190	599
waveform/c/0/0/0/0	e1491f0b26930aac5c205e14d58ed131a2f84502341fb72e3145a83e1722b7c5	399649
waveform/c/1/0/0/0	46fdc33131f21c67ebe8cdbb2fc46d6208c9735592223b3d5f287e7a7b91c26f	1081885
waveform/c/10/0/0/0	c1534cf207eb04e2e2cf89ddb27a2cf0595dadb324187611e9f6eb4420daa6a8	538118
waveform/c/100/0/0/0	48b72c55757cb0972b3f4ec566938c4147b654910a83f02a3605fc8f9ef6d5be	1342556
waveform/c/1000/0/0/0	0a2dbae1a5fd0ca2118122421a4aedabf04bc5d86e0da913fe081054b3244822	1336436
waveform/c/1001/0/0/0	80d2661f519f5d95852ef65217cba35cf91ec9227946f7290887ac8bec0b91ff	671255
waveform/c/1002/0/0/0	5900e6077b67cf5b5d88bc17cc9e2e82bcd09240319dfda80cf33704c89e4a77	669167
waveform/c/1003/0/0/0	fa2dac54995cae9871d68fbf8b73fa82d63c3075fd5e5fc16d2e84962407b859	1225873
waveform/c/1004/0/0/0	e641c0fef7f61fd464606a3918bec81f97069bfc0c7c50ab22dbc4b64ac712c1	538606
waveform/c/1005/0/0/0	55c3c27e102c0598cb3c5a96396c728d21fa058c9e2c502cb5e2c1041c4b11eb	404314
waveform/c/1006/0/0/0	116c9658bd09e3d7e5772fedce0f4499e8b61fd24bbeb7d595de76253114467a	1186521
waveform/c/1007/0/0/0	7172ed22c1b02c4d01da347fd890de826affee34c81e040c5ebb210faebfaa9e	540641
waveform/c/1008/0/0/0	0b55771ea3a141149d572f67e800934b98489d1117cc2b456f6560d65d5db35e	1206528
waveform/c/1009/0/0/0	753bba3280570555658a4fceeae6761a059c68aab79822b3dc5eda7327e33930	684058
waveform/c/101/0/0/0	9882cdc8e285ce4f0903b24fdef6831d05baed0f647949c8d56d877579af6604	1339964
waveform/c/1010/0/0/0	1550ada87804440302bd242e4ae8d374b3ded3cb86301de520889e6069da75f4	668284
waveform/c/1011/0/0/0	31e221d0a3a7e2a1f4fb8a9e830e2324001c06668e3ecd10eee6025d092ed85b	675062
waveform/c/1012/0/0/0	bd14100eb2b706d4719433569715d82c8bf8003cfc879e3423af83d2a676de04	668150
waveform/c/1013/0/0/0	7f45ce154c2436dcb7324a5c06c4b72d80e3577025ffc367aa54b78e4865401c	676913
waveform/c/1014/0/0/0	dda48d8d9a671490bb0122b596b3db481abc69d542e8cab651f353d14a8e27aa	538348
waveform/c/1015/0/0/0	59535513cde8b5a25c6d69a7cbd67f02548764eda7050e54fc9265d7df74d83e	944438
waveform/c/1016/0/0/0	dbc6b629bb403c980944819b1e9b7ce785402699d62c96183ccb46b4dc6e3344	1261541
waveform/c/1017/0/0/0	5cda3b81958dcd12d24db50d30931b95be38c45236371765624b5b7b8a1a8205	813077
waveform/c/1018/0/0/0	1daff7386ed2ea715faae83761e882bc6b56517a67c27b73deb0ef2630e1a02f	1252228
waveform/c/1019/0/0/0	f5be168196f21a56b598769b391bdf144c0708228d3c4eb43280142abb168e3a	1625543
waveform/c/102/0/0/0	f8d455196e3a81c51efeaec8ed20310a05da65be1e7bbf01c9e98efae3a6b2ac	1075821
waveform/c/1020/0/0/0	730ac8c27537411f75258712b71c5911930d62a36380727660f155236142cb45	945237
waveform/c/1021/0/0/0	0801d20353d718b88bb63d2e093d6585c1fca1bf72fe3820782b6f4a162b82aa	1627010
waveform/c/1022/0/0/0	687d16324438abb9eee245f0e44cf69c90f2b017b74fe2c933dcbecdeeb606be	1220165
waveform/c/1023/0/0/0	064b80b19867d3359b927397cf83fc6225f4338778ae254b985fcbd77cec8b64	1615660
waveform/c/1024/0/0/0	f5a4f5be8683384f0e46a21d0717f534f614b78fc05f7bc288da016a50f6a391	1613179
waveform/c/1025/0/0/0	023681291044816f5fd76816017d8e06f1b2d56da8f1fb3ac765d22c0966ce8f	672606
waveform/c/1026/0/0/0	52c5d4d7f5362412ff7732baa7580c083ddee7ec4dcddee36eb3d6e9e35556f3	545841
waveform/c/1027/0/0/0	17f041d71a084499791e28a09a1206739c9e5c0bab84e02f7ba9c528bbb9d831	812062
waveform/c/1028/0/0/0	d8ad2e37a5ed5fc786513c88786a3ca14f65794f2c9c15e2aa85cd875f6f29ab	817725
waveform/c/1029/0/0/0	01b3ba784b89efe89ae587acf1fac268f18c1e6f6bda4d44ce0b08bdfa1a53fd	404434
waveform/c/103/0/0/0	51452b53740fd30d4e3fa38be866b0a60ea0716df66c4fa7fa5015376f3a3bdc	668003
waveform/c/1030/0/0/0	1b18e1abce43682a3b900ea88228e2258709c33a339078df57038512577717f8	668233
waveform/c/1031/0/0/0	84c9a6fe004060d0d7f7a8dc1249fd018236f87d4f31dc7b674c69e160bc5b49	806882
waveform/c/1032/0/0/0	eee81726d2def5afccfddd1433b62a5948024042df96ef8151c8b0857da96353	1082276
waveform/c/1033/0/0/0	f60c5ce94b32f64331d18aabccf00b5266acf8a03939e870d067ff896281ecc9	951176
waveform/c/1034/0/0/0	40d8dc62fe41becb6c3dc57297f5b80a5c4410fe9a5917b4486bbf9f5e302013	538367
waveform/c/1035/0/0/0	455f8a36b8b61022f35ecce8d0e52fe1a09ef3b5868778cfaa8b65d605b7b578	1223816
waveform/c/1036/0/0/0	4502015df1987f7b4aa684ad58648c9d8a188d53c63ed4b8035efe8e0710c524	1069197
waveform/c/1037/0/0/0	84c9a6fe004060d0d7f7a8dc1249fd018236f87d4f31dc7b674c69e160bc5b49	806882
waveform/c/1038/0/0/0	eee81726d2def5afccfddd1433b62a5948024042df96ef8151c8b0857da96353	1082276
waveform/c/1039/0/0/0	f60c5ce94b32f64331d18aabccf00b5266acf8a03939e870d067ff896281ecc9	951176
waveform/c/104/0/0/0	e808070cca49ef5b7d58260011fec96ae97c7c39e6c3f3a912db3c8aefd1e6ff	1473946
waveform/c/1040/0/0/0	40d8dc62fe41becb6c3dc57297f5b80a5c4410fe9a5917b4486bbf9f5e302013	538367
waveform/c/1041/0/0/0	455f8a36b8b61022f35ecce8d0e52fe1a09ef3b5868778cfaa8b65d605b7b578	1223816
waveform/c/1042/0/0/0	afc76c57e405e6bbd99718c5598dde8e52caa733b361554db5d98fdc519e52ee	1069779
waveform/c/1043/0/0/0	b8775163c2f7d607c7d9c8faa9efed4e01af83a1333c973aecb9e76f7f3994cf	407975
waveform/c/1044/0/0/0	b7157bcfda936bc05fc9cd92c4c43d596c54f89771ae623fc96048898ded77b5	405278
waveform/c/1045/0/0/0	c23223edfd31981235f5b37f241a43735a4fddc192513790523a9e57a24f8a13	1350211
waveform/c/1046/0/0/0	7de527a6dcab6f86b6e9f2aa4e9df975a6015bfdfdcfefc1cae2be560222cabb	1217143
waveform/c/1047/0/0/0	277c5ecf009ba5e72050b50bb1a9965b1e7d67fb8c55bfac02d410a478051a29	1366616
waveform/c/1048/0/0/0	8f93ef4371851d5d9ecf6ba6a2414e576f34161d8e8d7342610461296c4dd4d8	1333704
waveform/c/1049/0/0/0	7140e88a1f3d368767ee338239f0aa2d5174351fa2fdec47c0b037cbf011f385	950186
waveform/c/105/0/0/0	351dbc0d4305a4d7d6dd45623475c99b483810020ef4f92e54a50c78b58fa304	1206899
waveform/c/1050/0/0/0	ce62888734a33fb1820688bb0bda10099c7257a1dc658aecf02bca6805efe681	1210764
waveform/c/1051/0/0/0	753bba3280570555658a4fceeae6761a059c68aab79822b3dc5eda7327e33930	684058
waveform/c/1052/0/0/0	1550ada87804440302bd242e4ae8d374b3ded3cb86301de520889e6069da75f4	668284
waveform/c/1053/0/0/0	31e221d0a3a7e2a1f4fb8a9e830e2324001c06668e3ecd10eee6025d092ed85b	675062
waveform/c/1054/0/0/0	95b315e16150bd758d541dd2c7598d00f1de326c645991bd842173f02397d5b2	677987
waveform/c/1055/0/0/0	2bce06867c8e710c9b4662784b72c53def8134a02126192e9642db8fb12c4c5b	668534
waveform/c/1056/0/0/0	d9ae4ff83dd32725e7c743112a2c3c807a4d78847abd8dfd31f700ebed901327	1075412
waveform/c/1057/0/0/0	c0a356e8d1d6dc9206129b4c5a6d2c18a942bbc0a645d2a0f59600e4a08eb2cb	809352
waveform/c/1058/0/0/0	d96ad7ce685f1fa44103469324410d23fe4926db8c6172aa44917f66f05d7ca0	401784
waveform/c/1059/0/0/0	3765e4de9ee32d2d6a1cef0febf9ae9a6d11c53cfd7b50916002ded874727c5b	940326
waveform/c/106/0/0/0	1c378f1e19133751d6048bd1736eccdd3eec36bee03a1cea8e79fb3dfd10433d	1347735
waveform/c/1060/0/0/0	8dc3164060b6975836a3f568d2cc3296991c0375904d5fe159074c72adbf88d3	1075711
waveform/c/1061/0/0/0	6a16448fcb8f6d4cdbcd4950901aafce400a22d8a0a6e1f9bb1f5800b6d8298e	940462
waveform/c/1062/0/0/0	5ab7dd8d71f924972190b9c0f89ca5836c8e5621c89fa289f78b50129404d99a	1082433
waveform/c/1063/0/0/0	04d7bcc814b4188fb7bdcfdea0af129c9efc9186a0f6f6620ad18b1fda76cd1c	405131
waveform/c/1064/0/0/0	6f40968e791940c2098c5465a10245634471c5b79b0708ae076650cb6469209b	672503
waveform/c/1065/0/0/0	2d24dd59f89c5b7eed162583cbf561efdd249c7e5b1811b1728a12698e855ed0	949231
waveform/c/1066/0/0/0	213e2cd38f75447c38e9610429959abde11af313d4c2d39317dd13aef86cb295	403653
waveform/c/1067/0/0/0	0fde396d1c0baffc8d7e709fd76b4febd380c97fc0e24b46ec46ec0395790fc3	802060
waveform/c/1068/0/0/0	e29766da5f7c921f1d66e327b2b7246c7f05b5e1059e69abead007117dc7e8a2	950567
waveform/c/1069/0/0/0	fe3c9fcf818453681452ae1dd3e0b7eec3d3449ced191d6e9d3a44a9c9c53301	811152
waveform/c/107/0/0/0	c9c1c859b56344bb25b7123dda1ab00f878bdf1fd358e90166a4af796b1f7ba3	1620004
waveform/c/1070/0/0/0	92e05aa97756c759e6a9e2d07534f4f99b7aba04e6f00f688e4da0e30409ce7d	1075375
waveform/c/1071/0/0/0	c113224e9cd6998ad026983786ee265bd9b1d0dcdd73dd189284d0ef8689851b	1492843
waveform/c/1072/0/0/0	936997c656dafbdce5d8e545c167e975c30830cb82d5e0907e8ca9b640f08eb8	1493783
waveform/c/1073/0/0/0	dda3b1207334704a80d413d42618ceb8bef98e7cfd0c633686b1fe7eb46af031	543647
waveform/c/1074/0/0/0	3ae2819644a0a23dd08a8bbba31e5e8538f47e0bd5dd86b7d78ae20a52e3990b	548713
waveform/c/1075/0/0/0	a59edf50475a984ec5023c3e9a456bc06b44ae53f45569970c1e05b71d382ff8	682680
waveform/c/1076/0/0/0	049aab79d89a846fd9dbed02e21dcd993d7d770cb5fcbf4d379540cc5dc03d22	1344622
waveform/c/1077/0/0/0	c113224e9cd6998ad026983786ee265bd9b1d0dcdd73dd189284d0ef8689851b	1492843
waveform/c/1078/0/0/0	936997c656dafbdce5d8e545c167e975c30830cb82d5e0907e8ca9b640f08eb8	1493783
waveform/c/1079/0/0/0	dda3b1207334704a80d413d42618ceb8bef98e7cfd0c633686b1fe7eb46af031	543647
waveform/c/108/0/0/0	f0f803d82de0b6681e48201da3ad5410d01c1bdd5187283f172d0e4ffc08ddc9	1476569
waveform/c/1080/0/0/0	3ae2819644a0a23dd08a8bbba31e5e8538f47e0bd5dd86b7d78ae20a52e3990b	548713
waveform/c/1081/0/0/0	a59edf50475a984ec5023c3e9a456bc06b44ae53f45569970c1e05b71d382ff8	682680
waveform/c/1082/0/0/0	14665a7178f8be005eef64f71309999de18cf805d384b46c923d6e339ba99c52	1345490
waveform/c/1083/0/0/0	c113224e9cd6998ad026983786ee265bd9b1d0dcdd73dd189284d0ef8689851b	1492843
waveform/c/1084/0/0/0	936997c656dafbdce5d8e545c167e975c30830cb82d5e0907e8ca9b640f08eb8	1493783
waveform/c/1085/0/0/0	dda3b1207334704a80d413d42618ceb8bef98e7cfd0c633686b1fe7eb46af031	543647
waveform/c/1086/0/0/0	3ae2819644a0a23dd08a8bbba31e5e8538f47e0bd5dd86b7d78ae20a52e3990b	548713
waveform/c/1087/0/0/0	a59edf50475a984ec5023c3e9a456bc06b44ae53f45569970c1e05b71d382ff8	682680
waveform/c/1088/0/0/0	ec2dda599601f588929818544275affbf090d99de475dbe00684ab0c04c48b86	1347425
waveform/c/1089/0/0/0	1f34983a9b15cd195532df6e760d567645c0a61eea616a0bb37f97fabebd295c	1352700
waveform/c/109/0/0/0	07eda73c1503b11c374a3685dca85836c0e4ada9d6af6f027596078bccc38e70	580558
waveform/c/1090/0/0/0	03f60159f068d4c7a8d952e6a91adfe33ec82b15986afe8ae067f581250dff70	1083800
waveform/c/1091/0/0/0	14c6ce2b3d63c9cbbdc50ae9250905a47f7cdce7e15c1bb3847f467a1b99dce6	1032329
waveform/c/1092/0/0/0	ffa51c897c7be9232e9b3380630aacc226dfd68bffcebedb5a8a70b1da4d7d33	900791
waveform/c/1093/0/0/0	65504d3fa95d3f9e250cd8d387204c150469cfc9b2400ca670990ca82f97834a	1026082
waveform/c/1094/0/0/0	3171ef3bef629de868d85ebf24f68a3b9967c08148cef07ea6f63b646b11e6f4	1221469
waveform/c/1095/0/0/0	f5be168196f21a56b598769b391bdf144c0708228d3c4eb43280142abb168e3a	1625543
waveform/c/1096/0/0/0	0801d20353d718b88bb63d2e093d6585c1fca1bf72fe3820782b6f4a162b82aa	1627010
waveform/c/1097/0/0/0	687d16324438abb9eee245f0e44cf69c90f2b017b74fe2c933dcbecdeeb606be	1220165
waveform/c/1098/0/0/0	064b80b19867d3359b927397cf83fc6225f4338778ae254b985fcbd77cec8b64	1615660
waveform/c/1099/0/0/0	f2e2a0d2bbb81998aee0eb2b8a4325932be023fba141ce675994207634dc443e	1612859
waveform/c/11/0/0/0	5a857be246e1cdd6b87a2bcb46e78bd573e393090bb361c169a10a2ca670bcea	1206968
waveform/c/110/0/0/0	d44a5ac932f7b7fa6e8b6a79431a5fb44dd5cc098ccb0cbc25cc9cd4accfc8bf	1072213
waveform/c/1100/0/0/0	8e86d7dbc0a8ccfd25c78ad8552c3acc266fcfd2ab37475b32f62a0f27263857	1486789
waveform/c/1101/0/0/0	4738f7e5bcb2d590a0b39dd72605ecdac728cf95c3125155b719a9b0c45ef44b	1084149
waveform/c/1102/0/0/0	cba3ad0aa5edd7b043fb8effa182aa6ffcae903ce6daa204ce73f4961a106bbe	1030352
waveform/c/1103/0/0/0	725f8547a3024a0b8471aaa1204689c6011329da94166d3add4a0ca2af337b7c	1035728
waveform/c/1104/0/0/0	0af743aaa8011deb136ab525d1ae588cf4eac2f8f3412847cfb3f680ad97e50c	1025474
waveform/c/1105/0/0/0	143485093da2a5555e8eec17d22d59edfd639ef8cf73e783ba100fd9301e06bd	1308695
waveform/c/1106/0/0/0	7083737fcb5763a15aa7a0d97ec8a47d18d67e6c2d0274be2aa8b70426d67d0f	1620536
waveform/c/1107/0/0/0	c584fe79dfc19f56d67d88a9c3bc97a4263d28d4162fbfd5e64c2fea9b4a36a5	1352734
waveform/c/1108/0/0/0	d93854e08c046ea60e80c8ce3c377a689e226df9f27caedccce6a3a65f719941	1296397
waveform/c/1109/0/0/0	eca7ec279e967f52f76634ca386db6b6a3ac71deaeec5c774cb9b99ac478a7a2	1293765
waveform/c/111/0/0/0	5dd5a26845bcfd920771dd6a9a5efc207b28c376b7759dd19d9412a4547ab96e	802989
waveform/c/1110/0/0/0	143485093da2a5555e8eec17d22d59edfd639ef8cf73e783ba100fd9301e06bd	1308695
waveform/c/1111/0/0/0	7083737fcb5763a15aa7a0d97ec8a47d18d67e6c2d0274be2aa8b70426d67d0f	1620536
waveform/c/1112/0/0/0	c584fe79dfc19f56d67d88a9c3bc97a4263d28d4162fbfd5e64c2fea9b4a36a5	1352734
waveform/c/1113/0/0/0	d93854e08c046ea60e80c8ce3c377a689e226df9f27caedccce6a3a65f719941	1296397
waveform/c/1114/0/0/0	b21e2b7b8a802441f9ecf2eddb24785007129861f8aae18acdeaa775a7690f27	1295586
waveform/c/1115/0/0/0	143485093da2a5555e8eec17d22d59edfd639ef8cf73e783ba100fd9301e06bd	1308695
waveform/c/1116/0/0/0	7083737fcb5763a15aa7a0d97ec8a47d18d67e6c2d0274be2aa8b70426d67d0f	1620536
waveform/c/1117/0/0/0	c584fe79dfc19f56d67d88a9c3bc97a4263d28d4162fbfd5e64c2fea9b4a36a5	1352734
waveform/c/1118/0/0/0	d93854e08c046ea60e80c8ce3c377a689e226df9f27caedccce6a3a65f719941	1296397
waveform/c/1119/0/0/0	c7827aa26c269339ddb3b2361ef25f189c7061ab10e06c9838e51bcb25ba43c1	1296277
waveform/c/112/0/0/0	f1a7d2fec774fbd26651e86b221ead5431a06e6f048db0e6c748fcd728e8a011	1325639
waveform/c/1120/0/0/0	3171ef3bef629de868d85ebf24f68a3b9967c08148cef07ea6f63b646b11e6f4	1221469
waveform/c/1121/0/0/0	f5be168196f21a56b598769b391bdf144c0708228d3c4eb43280142abb168e3a	1625543
waveform/c/1122/0/0/0	0801d20353d718b88bb63d2e093d6585c1fca1bf72fe3820782b6f4a162b82aa	1627010
waveform/c/1123/0/0/0	687d16324438abb9eee245f0e44cf69c90f2b017b74fe2c933dcbecdeeb606be	1220165
waveform/c/1124/0/0/0	064b80b19867d3359b927397cf83fc6225f4338778ae254b985fcbd77cec8b64	1615660
waveform/c/1125/0/0/0	ae337b8daa95be18f4380ec253eef9006d9f036d7b7eccd42749e40dfdd6fa4e	1613361
waveform/c/1126/0/0/0	279264fca97eb5d916239e7ef87c134aab11393864c7f32d47913714e20415eb	1082330
waveform/c/1127/0/0/0	2d11c1454500bc6587508994501527fea2a44105adf4d508c7aea7056894219c	404482
waveform/c/1128/0/0/0	2e60c8d2a9ab6b481af6ae63da5d75d4f038c32b411425c0b02cc85c9bb763f3	672942
waveform/c/1129/0/0/0	603aad2a111649b78f10cdcb67d27dccf5e1f4fc23159fbd5d86258dc73651a6	950525
waveform/c/113/0/0/0	77759205fc454f15daf7d3d443f53c1b4041974d81c0d45c97fec537ab67d656	1468999
waveform/c/1130/0/0/0	f9a479bf11271e0514fec21b347f263929f85bfd33793f1c877b1f2d344b8b69	402942
waveform/c/1131/0/0/0	50a95ffda77781d95ce76475bb89ef18991a8d7e9b296d1bcc2740a2d97a579a	936934
waveform/c/1132/0/0/0	03e533e8473802bd5b181081c8dc343c59f448df28542f174f606233b84d05ea	1358734
waveform/c/1133/0/0/0	aabdb4ee44a875d1d353ff2151b55e828fce7d3b643b8847454db4ade1719cf8	1087223
waveform/c/1134/0/0/0	24441c003745f7b3ec334f11224db3ce469b0b0f066148e365576a33091455ef	1094182
waveform/c/1135/0/0/0	498c25eedc597bf9f4046b3a38d05af528718d032d880ce87dffe4b5db231f84	1352745
waveform/c/1136/0/0/0	2606c2546fbb600c4c42d46e2fee8a5cadffb27e570af8de193a03cabff6beeb	1363436
waveform/c/1137/0/0/0	8faa55e7cdab29bcf8e483c3f7bda47895fa6dbce0cb97f93cb173f3e7d8bf46	1604226
waveform/c/1138/0/0/0	0a111710b46f68d85112672d5e9c73148a9da267cc7a912f39456e90c38eb4e3	1215595
waveform/c/1139/0/0/0	dfe359df98e2d8012cc13d4a2384e956b98f873609427c22bfe85d9369655ce9	1614375
waveform/c/114/0/0/0	71d29c90c510685341f7ff74d6391301aa54bf28bda254602b3310774a482803	668375
waveform/c/1140/0/0/0	82d431ffe85cb23af55c106eff8bda95e21e63e035865b66cf4e9027b427afbc	1362934
waveform/c/1141/0/0/0	c30e6571a9325759a94bec2885c2b1a8ad05f486333d36be1921bd2d891de938	1407862
waveform/c/1142/0/0/0	aaa39909881f12a1b87a226317b7174afffc9ad0f5ee66438b47dda46c11d247	1352146
waveform/c/1143/0/0/0	c89d9072518ce8ef2764aa07e2802905049afb590cef59f08508cdd259ba5428	1479800
waveform/c/1144/0/0/0	fcba1081bd232fdeee320bc1a2677fb2ddb799cbccd9493a4fbd0370d8be2832	1212312
waveform/c/1145/0/0/0	cb8cea5f980066cf09211d0f943ce98bdb447ea67e6b4e8ffddee34c5e07e4a4	946915
waveform/c/1146/0/0/0	1b93ad88f443fb8b4c2a87844b85e4ab2182a84fa1abcec77816844cff336c3e	1085011
waveform/c/1147/0/0/0	741612a0c709f9ad7a4326c56f0cc3cad50138d9f979e6cceeff16791eaa5456	1079206
waveform/c/1148/0/0/0	a5b925fefe4f75985971ed4a911e9353eac0a7c09820ef106d15a2a5c0c44bf9	1226587
waveform/c/1149/0/0/0	d67f5b096681a7f3a4cf285418cd49f775ccd8aed4023e70c507025728157d15	1204496
waveform/c/115/0/0/0	96103cd4e934e9dbca96197b7b17c6269ed77c2d8096fb9f35d05354ffde21ae	1186979
waveform/c/1150/0/0/0	c7f86bacbd55807f8b80e3a11e0cff687135448129ab23d03f40e036b9d7682f	1128025
waveform/c/1151/0/0/0	60bcf1138b9cbaed0380390d791a5c9026a9ac4e664b49f7734cd7303ec8490f	1212534
waveform/c/1152/0/0/0	e791f3fa988f8446c0383c51d93c501165b81596d9948d50bf999f296e6b8a5a	1119345
waveform/c/1153/0/0/0	147e9d5132ee8ee7b4467e769224e1b6fe335576c823dc72800611c3eab0fedd	1131823
waveform/c/1154/0/0/0	aff7bccd68e1cfa4a30b1d02f1c3cbc9d99f0706019f9f718a04ac745cce8dd2	1126569
waveform/c/1155/0/0/0	a067cf1aaa092e2f36f75d9b076c3995ebf755173fd4d76e2b41236bbe3a4a0b	979168
waveform/c/1156/0/0/0	f2e514568550d54393d45b1dc02c25a8ededd697953d2f62b54d03984a3b62b5	1253258
waveform/c/1157/0/0/0	c7963e36392e911b768570da270c8196992f357b18ce774f77c280b19db1a334	1262558
waveform/c/1158/0/0/0	d008dbd9b517ec575f8f64e721dd698f76b9a25e44fb61d472b3b8600d419c6f	857039
waveform/c/1159/0/0/0	031417e4cc88cf22e2c38c97ed2cad577aa5ae69a0c2e49605855cf909f19cfe	1212659
waveform/c/116/0/0/0	389330f35a0f7eab41f77b9510bcaadbeaa1e619fd4620482b830c01a1d61ac1	1074692
waveform/c/1160/0/0/0	ca31c9a31ccc715398ffcf8de1ab9bc43b0ef9b5652e63ddaf1c3e9ea38e2c21	1128740
waveform/c/1161/0/0/0	ea0c3ea5157ebdf76e1762df01844cae4bede9830341fcacc56111914000bd15	1246960
waveform/c/1162/0/0/0	0644a4847a439ea277eea8cfc3ce8beb6d4ee6928f9e2ae30fd105557f862b3f	1084136
waveform/c/1163/0/0/0	1198fe1bb6b13ee85e659182214c023c21d44055e228f07c320c555def813784	1211319
waveform/c/1164/0/0/0	da272705dafb261b52cd8dc7e2b8d0d8bb38e6a727c469f64513c9bd365bf0c9	1213566
waveform/c/1165/0/0/0	a557fe20519f758e8724e6d7f364c711618058defc316638ab86f1571d471dc2	1215685
waveform/c/1166/0/0/0	eb8fdb032d974c6285167c1666aa5b04b226f2a2d7c1cd3c779db9261462a7e7	1076313
waveform/c/1167/0/0/0	05b696ddbbd8d0865d8c831ea69ec8e6afb77bcd127e6a0124c0dc7dc0867157	1203919
waveform/c/1168/0/0/0	0644a4847a439ea277eea8cfc3ce8beb6d4ee6928f9e2ae30fd105557f862b3f	1084136
waveform/c/1169/0/0/0	1198fe1bb6b13ee85e659182214c023c21d44055e228f07c320c555def813784	1211319
waveform/c/117/0/0/0	cadd2a496a7690c2927d6bf84377ed319a1c970b1ea84c1d884a318ec6508f27	1205559
waveform/c/1170/0/0/0	da272705dafb261b52cd8dc7e2b8d0d8bb38e6a727c469f64513c9bd365bf0c9	1213566
waveform/c/1171/0/0/0	a557fe20519f758e8724e6d7f364c711618058defc316638ab86f1571d471dc2	1215685
waveform/c/1172/0/0/0	eb8fdb032d974c6285167c1666aa5b04b226f2a2d7c1cd3c779db9261462a7e7	1076313
waveform/c/1173/0/0/0	0aaa53ab13d59a9bad19024c9e5111ac80679ade0642b352bd43b1e17b534771	1208219
waveform/c/1174/0/0/0	0644a4847a439ea277eea8cfc3ce8beb6d4ee6928f9e2ae30fd105557f862b3f	1084136
waveform/c/1175/0/0/0	1198fe1bb6b13ee85e659182214c023c21d44055e228f07c320c555def813784	1211319
waveform/c/1176/0/0/0	da272705dafb261b52cd8dc7e2b8d0d8bb38e6a727c469f64513c9bd365bf0c9	1213566
waveform/c/1177/0/0/0	a557fe20519f758e8724e6d7f364c711618058defc316638ab86f1571d471dc2	1215685
waveform/c/1178/0/0/0	eb8fdb032d974c6285167c1666aa5b04b226f2a2d7c1cd3c779db9261462a7e7	1076313
waveform/c/1179/0/0/0	52a83448f02465bd50e7ad56d65aea1ab39bbdea961b5b09d98e041966dfe06c	1206255
waveform/c/118/0/0/0	09f99033a1438367bef40e4969de0b4ddcb034201c379c3c79d6ac272ecdaec7	1475194
waveform/c/1180/0/0/0	0644a4847a439ea277eea8cfc3ce8beb6d4ee6928f9e2ae30fd105557f862b3f	1084136
waveform/c/1181/0/0/0	1198fe1bb6b13ee85e659182214c023c21d44055e228f07c320c555def813784	1211319
waveform/c/1182/0/0/0	da272705dafb261b52cd8dc7e2b8d0d8bb38e6a727c469f64513c9bd365bf0c9	1213566
waveform/c/1183/0/0/0	a557fe20519f758e8724e6d7f364c711618058defc316638ab86f1571d471dc2	1215685
waveform/c/1184/0/0/0	eb8fdb032d974c6285167c1666aa5b04b226f2a2d7c1cd3c779db9261462a7e7	1076313
waveform/c/1185/0/0/0	8b4f278ce98dac9e1a10d6803e7a0ddf5f7c2b55ab2434ea96e0dfba4d90e9a8	1206804
waveform/c/1186/0/0/0	1dee802e86b691caec20170490f006fbac8b30ecaa6a5399f3eb17422a069847	1349848
waveform/c/1187/0/0/0	613fe1a16554067e8623759a9ec16081f5008d67961f20c1a6ca6d454be30228	1224626
waveform/c/1188/0/0/0	a0f945ce5dff653471b10595ad851048e5bfdcdead3a606c08029d3e22fb05ee	1339378
waveform/c/1189/0/0/0	4235562ef2cc1749cc5d61a11de0c1c975d1a421a4985b484b202e2a2172e0c0	1136740
waveform/c/119/0/0/0	f18a62614ff7f94690fe8b5b31f033125b388cc27c8d7bf2efce4ecb773f5202	1475420
waveform/c/1190/0/0/0	357132a111db1a145f13b561a011e4ea2fb39d9d51086afa805c9f481390b544	675110
waveform/c/1191/0/0/0	21264016eb9802085c32a58a09876ea4d6f33f7ea09173e09fd99d022c04251c	1254179
waveform/c/1192/0/0/0	ed2039558b3ea9cc2f200f437761ce8ff90112b54a1cfde60ea1915ae6ae8a05	1124536
waveform/c/1193/0/0/0	bcaabe86f91a5211320f90dc64c5a65b852c46708bbe4c8f61f700e924dfd051	1132682
waveform/c/1194/0/0/0	980878aad89a0242ec9f902f175ea271a8dd92b60c31052ae4f25beafd18dcda	989231
waveform/c/1195/0/0/0	d197e7cf9ff914009263de6a5594ffd1ed776856c5fb09e48644bb1ff753b4c4	408014
waveform/c/1196/0/0/0	2b064db10693afc9d1c61b573f3bcc9cd3ebab2fbecc0eb2aac481338288152b	812159
waveform/c/1197/0/0/0	730a3e0583fb647b5255af4b45c1a2a5a1bc5564d9a6395d52ef4799e2068361	407280
waveform/c/1198/0/0/0	f0c03b5ebc1d427cbba6cd042cc490491ade2ad7a3ab1c9f29b2385ded52f9cb	409075
waveform/c/1199/0/0/0	b863e56d00a74cb58d79ad3af0ac83d13f2764d57e56678f58e3e03c99f5b124	803627
waveform/c/12/0/0/0	b59bde414d2bfe3f6af72b8b02e237594cc42edcbd4818c4e30d49df0b441d32	1206559
waveform/c/120/0/0/0	33c75488cd9e41b5569009b038f0d3795894bb1803b79c46aa0129deee1174d1	535132
waveform/c/1200/0/0/0	7e30a05a17ee657fbf34e1d9e6e077371f00a40f6dd30441340a63f5e540659e	1341834
waveform/c/1201/0/0/0	192294928c9d0f0c1fb944cb9528fa640778fee5dddbc4f243c9c113f962994b	943785
waveform/c/1202/0/0/0	f56560f323440ddac075540bd9953b6cd76719c2b8b12a0fca5bb745afcf85fd	793117
waveform/c/1203/0/0/0	9ef051743bb4b4f42bc3ce8163d182b35d3c866cfad612849ddfb8f2c9211588	542234
waveform/c/1204/0/0/0	b989f60df2e1000c463e4606f3d3196855f548a06669829e57dd438884b100e1	817647
waveform/c/1205/0/0/0	f225e712fa5d635b7b898147ab5aeba93b5fac63fc380296f7ebbb12d4540eb3	811390
waveform/c/1206/0/0/0	71e6f13d3b67193b89ed5fed25a590de98371213bc9bdbc6ace4b3775006f71b	1477757
waveform/c/1207/0/0/0	916e4b0598138a8b282146a898b409e98a406b3c1a5235e15952b4df64164fcd	1491393
waveform/c/1208/0/0/0	5a1bba36e05f6b6d9f92c53f5ddf04c9c122588587656ecba6dedbcb655a6c6c	1476633
waveform/c/1209/0/0/0	d78e9add2f74b7713b890bc001e2f03615019b1151ac1bd2b142b49b0f4de28a	1486292
waveform/c/121/0/0/0	0da539626512780061b66babc66cf4df5908741eac4dea9eec4be188603c4448	537421
waveform/c/1210/0/0/0	9c41b66d22abfaa54eed9c548a2508929f0a93a0e58e497f90fa6cfc4b550b59	1481256
waveform/c/1211/0/0/0	a7516d43adbfcffb91ba3fdafd8256582f37f9e6377a8bbbe6f8a9254ae8cd3c	1475552
waveform/c/1212/0/0/0	8ed633bd4e1fa24104cc4fe304eba192afee3f25cf3e2fcaf39ae33bf6957966	1607054
waveform/c/1213/0/0/0	916e4b0598138a8b282146a898b409e98a406b3c1a5235e15952b4df64164fcd	1491393
waveform/c/1214/0/0/0	5a1bba36e05f6b6d9f92c53f5ddf04c9c122588587656ecba6dedbcb655a6c6c	1476633
waveform/c/1215/0/0/0	d78e9add2f74b7713b890bc001e2f03615019b1151ac1bd2b142b49b0f4de28a	1486292
waveform/c/1216/0/0/0	9c41b66d22abfaa54eed9c548a2508929f0a93a0e58e497f90fa6cfc4b550b59	1481256
waveform/c/1217/0/0/0	a7516d43adbfcffb91ba3fdafd8256582f37f9e6377a8bbbe6f8a9254ae8cd3c	1475552
waveform/c/1218/0/0/0	0670ae7630df4483619fb5722a0c8a1971d50c6c7214c5e492f791d8100378c0	1604000
waveform/c/1219/0/0/0	916e4b0598138a8b282146a898b409e98a406b3c1a5235e15952b4df64164fcd	1491393
waveform/c/122/0/0/0	86b4014d7237ff1903f98af00513a42a1cb9b6295e3203e48d297b5c914fb68b	669062
waveform/c/1220/0/0/0	5a1bba36e05f6b6d9f92c53f5ddf04c9c122588587656ecba6dedbcb655a6c6c	1476633
waveform/c/1221/0/0/0	d78e9add2f74b7713b890bc001e2f03615019b1151ac1bd2b142b49b0f4de28a	1486292
waveform/c/1222/0/0/0	9c41b66d22abfaa54eed9c548a2508929f0a93a0e58e497f90fa6cfc4b550b59	1481256
waveform/c/1223/0/0/0	a7516d43adbfcffb91ba3fdafd8256582f37f9e6377a8bbbe6f8a9254ae8cd3c	1475552
waveform/c/1224/0/0/0	cf1335be632052fbea0c940eec740f712a0c88da50e4716bb2f894311b11e1d0	1604229
waveform/c/1225/0/0/0	916e4b0598138a8b282146a898b409e98a406b3c1a5235e15952b4df64164fcd	1491393
waveform/c/1226/0/0/0	5a1bba36e05f6b6d9f92c53f5ddf04c9c122588587656ecba6dedbcb655a6c6c	1476633
waveform/c/1227/0/0/0	d78e9add2f74b7713b890bc001e2f03615019b1151ac1bd2b142b49b0f4de28a	1486292
waveform/c/1228/0/0/0	9c41b66d22abfaa54eed9c548a2508929f0a93a0e58e497f90fa6cfc4b550b59	1481256
waveform/c/1229/0/0/0	a7516d43adbfcffb91ba3fdafd8256582f37f9e6377a8bbbe6f8a9254ae8cd3c	1475552
waveform/c/123/0/0/0	f3e17596f74cd2dc6e66e94be1c8c9fd7d069def2eb3b1634ddcc3de9a7a0c8b	534863
waveform/c/1230/0/0/0	7e5b7447b7cb414cc0b5e5dd27305ea05e395209fc2f89ae454a85731dc8bfcb	1613353
waveform/c/1231/0/0/0	916e4b0598138a8b282146a898b409e98a406b3c1a5235e15952b4df64164fcd	1491393
waveform/c/1232/0/0/0	5a1bba36e05f6b6d9f92c53f5ddf04c9c122588587656ecba6dedbcb655a6c6c	1476633
waveform/c/1233/0/0/0	d78e9add2f74b7713b890bc001e2f03615019b1151ac1bd2b142b49b0f4de28a	1486292
waveform/c/1234/0/0/0	9c41b66d22abfaa54eed9c548a2508929f0a93a0e58e497f90fa6cfc4b550b59	1481256
waveform/c/1235/0/0/0	a7516d43adbfcffb91ba3fdafd8256582f37f9e6377a8bbbe6f8a9254ae8cd3c	1475552
waveform/c/1236/0/0/0	9881946dfbcdbbc41f0c3d541a83187ec43aa4169e53370ad6ab74069910eaea	1610060
waveform/c/1237/0/0/0	916e4b0598138a8b282146a898b409e98a406b3c1a5235e15952b4df64164fcd	1491393
waveform/c/1238/0/0/0	5a1bba36e05f6b6d9f92c53f5ddf04c9c122588587656ecba6dedbcb655a6c6c	1476633
waveform/c/1239/0/0/0	d78e9add2f74b7713b890bc001e2f03615019b1151ac1bd2b142b49b0f4de28a	1486292
waveform/c/124/0/0/0	7d02acf8cb3197f279d9aa9c78ae5698e7b48ca3e4b1e51cbe33cedd655c3812	1071875
waveform/c/1240/0/0/0	9c41b66d22abfaa54eed9c548a2508929f0a93a0e58e497f90fa6cfc4b550b59	1481256
waveform/c/1241/0/0/0	a7516d43adbfcffb91ba3fdafd8256582f37f9e6377a8bbbe6f8a9254ae8cd3c	1475552
waveform/c/1242/0/0/0	82bb6ab78ccb46adc8cee47b39edac7988f528cada5a7adcfc292c8be3a1b6c3	1607760
waveform/c/1243/0/0/0	eb1b4dd9551c5766e8919d9e82d1a95f4627b8ead51a400a4703d7a416fe79e4	944277
waveform/c/1244/0/0/0	22276d5711ec391406b7c2851ec0937b25ed99d77c48be69bcaef19f657dbefa	658461
waveform/c/1245/0/0/0	2c7e6d6abe2f572b9e5497112b684d263da741b0110ff5f9879d88e8b81b4b72	812241
waveform/c/1246/0/0/0	e38dfd9495df2d9305cd4896346dfd8af97dc271a2f3170e9e186023f621c746	681680
waveform/c/1247/0/0/0	0570d9bc503cadc505bd51b06553b2f1499bd3c93ed0d9ebc9db9e655c5c5dfa	542960
waveform/c/1248/0/0/0	8028b7f3943b900fd028e6dcd1f0d9e2acc554e15dfa700c9518cb75a120e243	1348593
waveform/c/1249/0/0/0	eb1b4dd9551c5766e8919d9e82d1a95f4627b8ead51a400a4703d7a416fe79e4	944277
waveform/c/125/0/0/0	ebdddef3092c5ed688ebf2e86ec28ff3dd992343e357998b31a466f7f672bfb3	848607
waveform/c/1250/0/0/0	2c7e6d6abe2f572b9e5497112b684d263da741b0110ff5f9879d88e8b81b4b72	812241
waveform/c/1251/0/0/0	22276d5711ec391406b7c2851ec0937b25ed99d77c48be69bcaef19f657dbefa	658461
waveform/c/1252/0/0/0	e38dfd9495df2d9305cd4896346dfd8af97dc271a2f3170e9e186023f621c746	681680
waveform/c/1253/0/0/0	0570d9bc503cadc505bd51b06553b2f1499bd3c93ed0d9ebc9db9e655c5c5dfa	542960
waveform/c/1254/0/0/0	9d0d3c28305a695c70f4cea63c3f6f388c6004b7335544691983e004965cbeef	1349236
waveform/c/1255/0/0/0	c08cb93b56011398ab3fed23adb29d4cc9578e4524cc001d6673c5b497d37461	1441605
waveform/c/1256/0/0/0	841ffd334414dff9ab1f15f8823d00bc21d3d3ab7e60e7ae4fa15cae12ef008e	1091971
waveform/c/1257/0/0/0	deeb2b62317e4839495555acb9cc7c083c109e5495c449ea35240564e8204cc1	1489278
waveform/c/1258/0/0/0	1308b4b4b7f6836de46a20248c94a9688cb5eff4a215b37eed9d087ac7e5f6f2	1072718
waveform/c/1259/0/0/0	960916f1942713dbe09f54b2e54ffb96408569d2f4f76358de768e5965bd3122	1212778
waveform/c/126/0/0/0	02dabdda40f27c4d36ecc6d1c751be3f07975a3138bc20e94541f24523ea8791	1337622
waveform/c/1260/0/0/0	08ef6487861d576c31a00671aa6e1ad961a75031055727a8509aac309ed06394	1343131
waveform/c/1261/0/0/0	4cc396743ab6d72f1924ce136c133c3c260603e5e2176d13a63299c236e3254c	1637544
waveform/c/1262/0/0/0	39f9a1d8d3184d0ca2a024d4324e91236671485bd08ed1006852a5c936f0350a	1507759
waveform/c/1263/0/0/0	cd54cb13d1d6e70a8bc47968728ddb2b8c05c970791c97239cdec83e4b06c300	682943
waveform/c/1264/0/0/0	5a2ca71daa0b978d6d6d16bce5bc8ddc15ee14950accedf95932e1200bb17d0b	543714
waveform/c/1265/0/0/0	c7905e04e8a47d7ab373ddf45cb3767369cae17f7543d2f6fb9384dc8de56514	541082
waveform/c/1266/0/0/0	4ecbc019162be9fdefab4dedd5a40611afbbdb28a759092b50052629db56f9f6	1612616
waveform/c/1267/0/0/0	4cc396743ab6d72f1924ce136c133c3c260603e5e2176d13a63299c236e3254c	1637544
waveform/c/1268/0/0/0	39f9a1d8d3184d0ca2a024d4324e91236671485bd08ed1006852a5c936f0350a	1507759
waveform/c/1269/0/0/0	cd54cb13d1d6e70a8bc47968728ddb2b8c05c970791c97239cdec83e4b06c300	682943
waveform/c/127/0/0/0	74a8ed552993f9ae15757f2f3ad8095906ee6e04bd45fcc4cffcf64ccb0c2d33	669751
waveform/c/1270/0/0/0	5a2ca71daa0b978d6d6d16bce5bc8ddc15ee14950accedf95932e1200bb17d0b	543714
waveform/c/1271/0/0/0	c7905e04e8a47d7ab373ddf45cb3767369cae17f7543d2f6fb9384dc8de56514	541082
waveform/c/1272/0/0/0	a87a4516a1b99a7756560abe12c4557d5887d354e11ea14e414ad93129445fa6	1611816
waveform/c/1273/0/0/0	7bf1374e1869b40664aeb4af88232df4f198b38ba1ef29d5dcd4bb4a8b737d9c	948796
waveform/c/1274/0/0/0	4ea13dec086ea113dc24e09b7a3ce323723a87b2bcf0e028d258e9696f7751ba	406417
waveform/c/1275/0/0/0	75656c4167f408905cf3393af472e5ce2154bb6bbe536ee207f1575316d5cddd	802302
waveform/c/1276/0/0/0	aeb17273d0d37a20291020074990bb786104212a8ea0af9359846de4850e19a7	937006
waveform/c/1277/0/0/0	11f638b3a5d0b9a793d419a23091acf45a9745b0517a98f2d5a1779ad4fd412a	1485987
waveform/c/1278/0/0/0	7f1c55c022d253f5bbf23fb9adcf408d4c6e1faf6ce281c00e071c1aa636be74	1474167
waveform/c/1279/0/0/0	13fcf58cefe5ed9dfab68d21de5bcdb57c806fe0b9b6124ee8a5ed5173ba5a9e	1476719
waveform/c/128/0/0/0	1c63027d9d0f685c022c46eaa89e08bea0231ab5d04111d1b2a17e959b009040	1207923
waveform/c/1280/0/0/0	178108d9d4d31464a042b84d4b4b47c79c564eac33148c6e8d5346e2387cc04f	407076
waveform/c/1281/0/0/0	05fdd91b229a47b8f5dc7c05e92e2aff39f1ae92a7bc67be228f0dde5f01733d	1605050
waveform/c/1282/0/0/0	d71c949f6f926e154bfea1e10d1dd53069aea32e8e2301fda677c48e9e73dc73	542084
waveform/c/1283/0/0/0	361685fb658349460b0625858ae6bff5a41a466c217827dbb1dcb396bc94d7b6	534789
waveform/c/1284/0/0/0	803e88721692d9e7b5ceffb6ad3c39a762cbbfe456aa6176d1911aa8cbe52a73	404331
waveform/c/1285/0/0/0	b48d716fdeaf69dbce1b0bfe1a9e4d70f112e5b30252de8248a0008c5e0ad687	542212
waveform/c/1286/0/0/0	a0272abfb0749a5ff457e29d984b13645c4070a8eeeb28555385554eb1e15fcc	667371
waveform/c/1287/0/0/0	1dee802e86b691caec20170490f006fbac8b30ecaa6a5399f3eb17422a069847	1349848
waveform/c/1288/0/0/0	f5e5d45a809874adcf193163d9708ed39b4b800a4ebcf3e7868e86084b4cca66	683676
waveform/c/1289/0/0/0	613fe1a16554067e8623759a9ec16081f5008d67961f20c1a6ca6d454be30228	1224626
waveform/c/129/0/0/0	bce75ebe73060a8e213e236269db7952c2e8f29ab2d66c3b8c72298d86ce94f3	668101
waveform/c/1290/0/0/0	92fd7b2cc812f839b2be9c78ac79e46a897d3815992f51aa474ddd8d3baee956	1077986
waveform/c/1291/0/0/0	043c7c0dbe8f1243dcfefd6fd8eeed4f0b81f15405774f4579394d43345f005e	1075296
waveform/c/1292/0/0/0	3e4f65d88f65afadd808af5100b75a1abc677e04f22361dd50dcdeae5411b321	1070359
waveform/c/1293/0/0/0	f543eab4343fcfbad59092baafed7d3e901e35761213626cc52caf3e0b54277c	1219904
waveform/c/1294/0/0/0	3058a56df47450abc25e27b99175a7bb14f59a39a05b9e4b2d8712d613a1e3e6	1077507
waveform/c/1295/0/0/0	f8cee2b1df023310522e45a0c34dcdcf3a43feecc944048673d07ef3662d5436	1488961
waveform/c/1296/0/0/0	32567c295f9b385e8b67c3c04346be50fb53ff9cac58f89ccc71a2de0cb96ed6	1209279
waveform/c/1297/0/0/0	f66af73401b39b93494e029700f88d521546cb62d536aaaf6b03b292a208090c	1351140
waveform/c/1298/0/0/0	9afcf384fab74fa006c67fe889572f6a421fe637df00ae28e0753dd0714d4422	940004
waveform/c/1299/0/0/0	5e4436889a8786076ed9597433c6ae886301caa08bd84ee97281b3592852f788	802577
waveform/c/13/0/0/0	19d324393eee778214b92f8cdfef64dff34a77fdb664e67c9331956b54c551a9	1206648
waveform/c/130/0/0/0	4965b87072153dca50c6ccd632ad7c7a4497c531f961bfdf37bb4da70638baf2	1250105
waveform/c/1300/0/0/0	2ba281b3f7886236b3c581693f89a119b3ab8deb0125c7ab592d041569f4158b	588245
waveform/c/1301/0/0/0	4c3d130d321391ba4da1d9f847e2fb09e5021a93368c579ae8603e14318ef824	538476
waveform/c/1302/0/0/0	92e999fbc1403400364c99de2debd9d1de98bbe8c6c8c60c12fe0a7349e76aa2	537878
waveform/c/1303/0/0/0	a012b32a4857286dc86846d41f9dd11dbdafa282da302edcaa16ba177ad31c73	801102
waveform/c/1304/0/0/0	2c86e74a4ab60ddfcbdf50a842d73c5bd5b5fb8750762e0657e758d20e83ac6e	641262
waveform/c/1305/0/0/0	ed17c202028451579002732f88889134b675c35c678bca4942edaf3f64edd081	815044
waveform/c/1306/0/0/0	c9bcda4a7b5033a04b7be23fbaa9b2c7d6e5c8dec12aa8d68228a7b3d422146f	810913
waveform/c/1307/0/0/0	0afb0fc89c7e5ea516327a1447b0bd02a3755a2d81c8660ba009bc78a856af2a	946036
waveform/c/1308/0/0/0	fedb64313baaa9ac0db9efcd426ba310c18b22b0a6b7696a38a80d6e328d0154	1212070
waveform/c/1309/0/0/0	6683b4c058a564cce1388b970fef07dc6258d6dce57575fd56fec6abcf2459f4	1084305
waveform/c/131/0/0/0	680fb6d0a90e1492b098cb217129246110b3a94e982ab04d312bd7d830410449	1613648
waveform/c/1310/0/0/0	85145e25ed61b2ca13fd0db62b356e3a6b41aa14d4aa0939f97fafc0349f5ab6	1078199
waveform/c/1311/0/0/0	8919bf666cffb5bcb16afb739d59fa57b3fe4945aec3aecb23a3cccf63eb1e91	1207142
waveform/c/1312/0/0/0	20caf66d1a4eeb7dc616a69dfd19aabe74b8eab5d76cb7138e466c932151a9e7	936859
waveform/c/1313/0/0/0	f7f6b0cb8b3f29866c427c6cf42e2f0ae2a2b58ccbe2ba72292d0a76f066cea4	1077312
waveform/c/1314/0/0/0	81917989b900d54818834e140cd6299d5e148fac8f3b8e25ac7ca06af9432494	1343163
waveform/c/1315/0/0/0	f06cacef980155e115b3d027af04589e0a5f70c3d8959dcd6dc549c5df00dcd0	943248
waveform/c/1316/0/0/0	c7a0dd3455133148047a1df4d0555e15f2af2dd2af2c5ea05491e3e1705585bd	951165
waveform/c/1317/0/0/0	aa137664ffb3e67a9dedbab22e534b223a4f21135414dc5290a52144346d9c95	1484488
waveform/c/1318/0/0/0	f385c1296454861f9d219028780c6877dc9d2e2d5269605c5284a24536d69188	1612668
waveform/c/1319/0/0/0	82b727c488d7b7580c9f8fc7209da093d82285e4393d7bba9e8a5358fac598cd	1083988
waveform/c/132/0/0/0	0397f4eb73c6e89e9d19604c568bdd4b7508da4586b1620e2f5ca50b9118890f	668011
waveform/c/1320/0/0/0	24965406dd0581e5db7bbeae1609e0bbf34480088e3ae8066cc97aec0140f111	1081213
waveform/c/1321/0/0/0	9044093f38c73e7955ba1d645883d76988ef1414a957e6cb162878bc99018b7d	1209871
waveform/c/1322/0/0/0	6936fbe668910ae3289c014903d493504b9f81470c7ef126ed652825d2185814	1208596
waveform/c/1323/0/0/0	54762764e5132b5254bf597c27d638751f7d506df3f0882d4a8ab8ac0654f820	1218444
waveform/c/1324/0/0/0	43d8614fd009be234d01f4604f461ef71a6ecf53f72b2a116dff57b095fe7dc5	1204380
waveform/c/1325/0/0/0	935f3e8732c19cce63d487102e06403fe9922b735165046316d1f1d5fcecc50e	946772
waveform/c/1326/0/0/0	cb7f84a0d67eeed0f6165526d5b378fc9c71e9fa9b75a5549356ecbf6a61f8fb	1342341
waveform/c/1327/0/0/0	cc75bb49aa97a4ef1be7ae235906e8f46602fdc18c5bacac4d466f89fe17d142	1079031
waveform/c/1328/0/0/0	840e99cf9ada9c543445c9574d2fa620b6d157053b34a914ece3100d71a360e0	1357973
waveform/c/1329/0/0/0	9a66b12e50c77a609828143a6bd9420e5c37311df097c907ded94861670365eb	1353611
waveform/c/133/0/0/0	c236778afb7661ff539d25205b8cdfa3e072736dff65db96a9c62ce8d8c692ec	1069341
waveform/c/1330/0/0/0	28c4286102370815b18f65c475c5874bae4cab1db7301aeec584924102e3d5a4	1071643
waveform/c/1331/0/0/0	935f3e8732c19cce63d487102e06403fe9922b735165046316d1f1d5fcecc50e	946772
waveform/c/1332/0/0/0	cb7f84a0d67eeed0f6165526d5b378fc9c71e9fa9b75a5549356ecbf6a61f8fb	1342341
waveform/c/1333/0/0/0	cc75bb49aa97a4ef1be7ae235906e8f46602fdc18c5bacac4d466f89fe17d142	1079031
waveform/c/1334/0/0/0	840e99cf9ada9c543445c9574d2fa620b6d157053b34a914ece3100d71a360e0	1357973
waveform/c/1335/0/0/0	9a66b12e50c77a609828143a6bd9420e5c37311df097c907ded94861670365eb	1353611
waveform/c/1336/0/0/0	63d785979582cf3fc8a4d2c7d33c2e36e7b2c19c2c65c9226915deefa34d62c6	1071012
waveform/c/1337/0/0/0	935f3e8732c19cce63d487102e06403fe9922b735165046316d1f1d5fcecc50e	946772
waveform/c/1338/0/0/0	cb7f84a0d67eeed0f6165526d5b378fc9c71e9fa9b75a5549356ecbf6a61f8fb	1342341
waveform/c/1339/0/0/0	cc75bb49aa97a4ef1be7ae235906e8f46602fdc18c5bacac4d466f89fe17d142	1079031
waveform/c/134/0/0/0	ad058d7fa4eaa5f2789615ddc688751d1c8d538e2053f5e5b8bd6a73f4ec9692	1068937
waveform/c/1340/0/0/0	840e99cf9ada9c543445c9574d2fa620b6d157053b34a914ece3100d71a360e0	1357973
waveform/c/1341/0/0/0	9a66b12e50c77a609828143a6bd9420e5c37311df097c907ded94861670365eb	1353611
waveform/c/1342/0/0/0	c80db4a5dd23e831769a733bc0d6eba2ae2d69ac04d0b448354390970d7daa20	1071089
waveform/c/1343/0/0/0	e9137ebb5b92545613f2df859f5446719480a77d7198b7fe35231b90b7821e0d	540173
waveform/c/1344/0/0/0	8560ac488c9cba8f47a542f43a2b37b1dcfdac899b10e5141a56bfc041be730f	1340432
waveform/c/1345/0/0/0	eba8bfebfabba4f2abdb60464aee3c451da771f4f306c32d03ff0a739fc756f4	672032
waveform/c/1346/0/0/0	9cc77d07c6ec6dc0faa850a48c75664faa05282f48b88f8f21f94bb18464ecfe	1355591
waveform/c/1347/0/0/0	ead49860b20aacd6de46698a82364d9626349a036374469d607b437d8e1a2390	1354279
waveform/c/1348/0/0/0	2edec55a5a454aa983a68a609f8c3153edf02967a7c45b8cff8225f442915b8b	1479363
waveform/c/1349/0/0/0	4b9ede84985d56cc378860a7e4331252713ee75edbc9903c54a38814eee68ecc	1079930
waveform/c/135/0/0/0	45c838598e41a4d2254de453e92d68e1afa13af459a9c743a3b1cf0e766bee33	1206668
waveform/c/1350/0/0/0	6da16a7f673fa002da95cdbcb434eacbafa224ae2a5354be55d49b46dd9493cf	1212899
waveform/c/1351/0/0/0	3570a39948bb93812998e155c0fe6a1b83bc339c48472d7cc6fa16872679ba46	1084015
waveform/c/1352/0/0/0	484351795d0ab9d183b08ac6344494a1c58504d3a896947b9f00730d1ce65272	1207234
waveform/c/1353/0/0/0	9aeee7ce4f9d98cae164dc2aa6f87c40378594e8dfe5816f65c3d6db0df30427	1078853
waveform/c/1354/0/0/0	869e6f7cc7bd1cccc234a976e3aa30a81f4486483059b2e6af2d6257de9f4a4c	1338192
waveform/c/1355/0/0/0	e429532772931782132aa6c134ea0e02fdd1c1e81501e2259f1a3514173fde57	1354928
waveform/c/1356/0/0/0	6c125b5976a25826bac6dee18e1a8dbd6d7568cee79ffdeb243499f7d5b466db	937667
waveform/c/1357/0/0/0	db51456eca4d4e5e1d2eddf99700b5d64eaec231e98e6a62a04d09038e8e7ed0	1207651
waveform/c/1358/0/0/0	e429532772931782132aa6c134ea0e02fdd1c1e81501e2259f1a3514173fde57	1354928
waveform/c/1359/0/0/0	6c125b5976a25826bac6dee18e1a8dbd6d7568cee79ffdeb243499f7d5b466db	937667
waveform/c/136/0/0/0	becd796b62facd226ed5a262af34d043ee8491dc09f8413ae80538aaed9fc760	668201
waveform/c/1360/0/0/0	fa20bed6a596ead35edc52554a32c54299f505e51133da7d6e1004b96e377fb1	1205436
waveform/c/1361/0/0/0	cfab265bb45d9b4580d0d1fbc85d26b0c8b6b15af1d44dd9df0491ecf1cffde3	683704
waveform/c/1362/0/0/0	ee1e6d96dca7beb2f7c38d213f6734d3cf5fe44e5efc5898516e28fef0a88514	762790
waveform/c/1363/0/0/0	fd4affc02c3a4d1ddde3f2da460619d2daf6b477970b8452aebd6932719f9319	674262
waveform/c/1364/0/0/0	25bf745e0c0a0bd6d66534ed4811b20f80a91b9f78cabb2e99d192a93f14619f	677568
waveform/c/1365/0/0/0	67590b9a2a59478377e0e72dba531daab6326fd8e957032617956396b33f5640	673717
waveform/c/1366/0/0/0	7aef66a8426fe741cc8cf683c7c108f616e875217d0c0c6ea600715610435111	670885
waveform/c/1367/0/0/0	4546ea7865089c2c2cfa851966f46bf86105ee1e195ce0fa324c5cd64b2cd2c9	1084769
waveform/c/1368/0/0/0	fdf2a0297fe3e40601205744f02cb319ff82e632b50766a26d4869a197f54c6e	943599
waveform/c/1369/0/0/0	1a830eba894e0b9ca008e467067aedbfc14d6dc888b738f2df93a10b42ec3691	1482813
waveform/c/137/0/0/0	052f8e48b3f4373cf083ebf6ccbfa41aa500ba651d2fb81fe05590c9e260f166	1092456
waveform/c/1370/0/0/0	4f2e69cfc89a8f4a10d1439946301b741ba34092c3279f5fc32829b7d3dc8a48	1622391
waveform/c/1371/0/0/0	44a4a8f73043f70a624c8bdc7279e10310c69e02d56728b91f5edfd3d693d164	1073809
waveform/c/1372/0/0/0	0cd4da10007d1b25e1f42bd9fcf5e57161a7601b5971342491ecc8ae8e79b944	1472812
waveform/c/1373/0/0/0	82b727c488d7b7580c9f8fc7209da093d82285e4393d7bba9e8a5358fac598cd	1083988
waveform/c/1374/0/0/0	961790c0e6c706549acadf4cf1b3ed32b61599d9e797cda563b15cbb4a08f060	1356458
waveform/c/1375/0/0/0	9044093f38c73e7955ba1d645883d76988ef1414a957e6cb162878bc99018b7d	1209871
waveform/c/1376/0/0/0	24965406dd0581e5db7bbeae1609e0bbf34480088e3ae8066cc97aec0140f111	1081213
waveform/c/1377/0/0/0	9b67e446be5c997f6ee25f96e819281867bd53b328e3fc04213d3bd8b1e56ffc	1214358
waveform/c/1378/0/0/0	5becfe9a701d1f28d557f8d4405308ad8f186d45c46e336a961ee549ff87c66e	1473630
waveform/c/1379/0/0/0	e961fcdcb2a10c84cf5a38053a3bdf45b1d24360dea050eb78adaf82bfd8fb4a	1206906
waveform/c/138/0/0/0	0c5d8f71143e72654e44bfad02c06c172c8d3219c7f596e4db6fdca31b9f1970	802676
waveform/c/1380/0/0/0	68d67b5a1e36270bfe612b6cb0dd8867562e4bc5aad542700cb9783474f9cb0a	815203
waveform/c/1381/0/0/0	85fd2e38e4a8c388009cb04314788596ef2e56a7b0365e978ee87c2ca17145df	1360193
waveform/c/1382/0/0/0	1518d8851547a0c139da7df654b15aa7e784fa227f7875ef943e6216afeffaf8	1476516
waveform/c/1383/0/0/0	8ee2220960defc3d63b8baf0b0b4bc627a98bb5e66c1f91a3b84874c83077520	1359858
waveform/c/1384/0/0/0	0fd6b92f7cbda29cc1bb1cb34af8c898556c1608c18c58de106aec47bb04b817	1209769
waveform/c/1385/0/0/0	aa9016ce3062a18d4f1ab238c0f3d306b30779f94ef4eb091788066b5af0a6bf	1205487
waveform/c/1386/0/0/0	88cd47031f8451cb4a5bce73a4fc9312b1d4b1eab18249e056258f835b8e25fd	1084920
waveform/c/1387/0/0/0	10c8a7f08ff5270c60440645bd718dd67e78dc0680bca16c8b1e4f2b4be153f1	1084556
waveform/c/1388/0/0/0	0847f077db2987872148dba6e73287990ca8bb6b38b64a0dc9423a9b1557bb93	1354910
waveform/c/1389/0/0/0	98d418301f83a4531b3465db6f27dd43a4e83344ed2219f02ba3412fb082846b	1209808
waveform/c/139/0/0/0	7fd003f83e075803b16c968ccdbff22593b13eebc304a6a5a1af173fa3353367	1076469
waveform/c/1390/0/0/0	387b0e8d1b341ec24ad02589d71cec149da00713f0eafef328b09f0d557ebbfa	679285
waveform/c/1391/0/0/0	6a6640155865ab602e2984df0330249d4daf1bdb710e337388117e81007baceb	675697
waveform/c/1392/0/0/0	e07bfe5916d0be705950278b414326d6ed7159a397730841c343db9f557bb87a	676369
waveform/c/1393/0/0/0	e0c2a29e11a851e91f24306d60ba87b9cde32437151afca702c305aaff65d470	684585
waveform/c/1394/0/0/0	ee50f6ce59b40a5d7ef988dddbaf35dd26dda4004916f67ad4697cfa19e9e020	679631
waveform/c/1395/0/0/0	202b8f0f02d84fd113ea22cbcaab03d9996dec499e3716101b618345db610789	669732
waveform/c/1396/0/0/0	387b0e8d1b341ec24ad02589d71cec149da00713f0eafef328b09f0d557ebbfa	679285
waveform/c/1397/0/0/0	6a6640155865ab602e2984df0330249d4daf1bdb710e337388117e81007baceb	675697
waveform/c/1398/0/0/0	e07bfe5916d0be705950278b414326d6ed7159a397730841c343db9f557bb87a	676369
waveform/c/1399/0/0/0	e0c2a29e11a851e91f24306d60ba87b9cde32437151afca702c305aaff65d470	684585
waveform/c/14/0/0/0	03ecc1c53296b9daa1fa59cca5b3e461c91a1b02322a446586df4852a57b3bac	1205770
waveform/c/140/0/0/0	611a5a707946cdfa71e0073ea6c096f6187c714d1cb531f4e7e751acafa50b74	1350785
waveform/c/1400/0/0/0	ee50f6ce59b40a5d7ef988dddbaf35dd26dda4004916f67ad4697cfa19e9e020	679631
waveform/c/1401/0/0/0	2a06c9ee75684c5b315219ecb8511805ffa4560f19babd3235626d8db6663c8c	670723
waveform/c/1402/0/0/0	f078c88e1ecd0e20473a361dd6d3f160ce04b19fd5a2dcedf63c3b1f8e2aeb93	1607371
waveform/c/1403/0/0/0	fcca688430becbb1fad22f7a0c9dff3e7007cce81afff9a4850b4f13ec2c470d	540946
waveform/c/1404/0/0/0	f5b9555df9e8db489d83b70875bb248841832f72f27024ef072c9de847d61fee	539639
waveform/c/1405/0/0/0	7a981f76fb7de2718454647cea03cd0d3d495c69e317e783c6931dd999b4339a	405933
waveform/c/1406/0/0/0	d54dc6b75b04a7cc6d4a4f00bacbdb60cb8fc65a6f7d38abd2708656ef387c25	1485621
waveform/c/1407/0/0/0	441f251dba790a0722fe88defd56d6989aa2b60bddb72398440c6f0ad9cc1326	1477150
waveform/c/1408/0/0/0	82b727c488d7b7580c9f8fc7209da093d82285e4393d7bba9e8a5358fac598cd	1083988
waveform/c/1409/0/0/0	961790c0e6c706549acadf4cf1b3ed32b61599d9e797cda563b15cbb4a08f060	1356458
waveform/c/141/0/0/0	329273d850a5eb0ae3741be4c571fee232f1801287da60735c37da41a5a033c2	1347002
waveform/c/1410/0/0/0	24965406dd0581e5db7bbeae1609e0bbf34480088e3ae8066cc97aec0140f111	1081213
waveform/c/1411/0/0/0	9044093f38c73e7955ba1d645883d76988ef1414a957e6cb162878bc99018b7d	1209871
waveform/c/1412/0/0/0	9b67e446be5c997f6ee25f96e819281867bd53b328e3fc04213d3bd8b1e56ffc	1214358
waveform/c/1413/0/0/0	ddce50a7a7de87ba841903cc129cae475b7086086b1cc54e20b62f2e4b381263	1337824
waveform/c/1414/0/0/0	76a67604d851b47199f1d6e92d1f0d33221f07634974ea9e89d28cfa867a9918	1219718
waveform/c/1415/0/0/0	6cd92c910bde9ca98892501b094f785622e870c139265698f8237e257caf4b01	1357341
waveform/c/1416/0/0/0	a557fe20519f758e8724e6d7f364c711618058defc316638ab86f1571d471dc2	1215685
waveform/c/1417/0/0/0	14dbcae31373f10896f1e7736db8266899f91e79045c79957e561a24cff81699	1210221
waveform/c/1418/0/0/0	b52378e331e96f8832345bfccc5759ab26e9f6b119b35c125ea11deadccad618	1212452
waveform/c/1419/0/0/0	e29d3ae78c533328df23e971b24c0a1f8c895eb2054a6975d8de8c6f4f1eb796	1338950
waveform/c/142/0/0/0	d148fc0fe21964ecd1a031d60b6c8aff888b7a4e2c6bfc6bacf7fd1845ccce1c	1348876
waveform/c/1420/0/0/0	f49a934ac5c3cb5022a28ca8b01b16910adf8b90699e1bcbd738452a738553ea	1219601
waveform/c/1421/0/0/0	1a06edbb7de018800cae581db9473fe23c30f200feef819983372ab76fac5bd4	1252067
waveform/c/1422/0/0/0	c286ef159a61bff528ca45ac1510159bf79baf667521cb3b78cadd94a2a7a435	1207919
waveform/c/1423/0/0/0	82b727c488d7b7580c9f8fc7209da093d82285e4393d7bba9e8a5358fac598cd	1083988
waveform/c/1424/0/0/0	961790c0e6c706549acadf4cf1b3ed32b61599d9e797cda563b15cbb4a08f060	1356458
waveform/c/1425/0/0/0	23404953851da8751a2e0ae707beb8b96ab4e403b629f4481ac18a37a7733985	1353249
waveform/c/1426/0/0/0	9044093f38c73e7955ba1d645883d76988ef1414a957e6cb162878bc99018b7d	1209871
waveform/c/1427/0/0/0	24965406dd0581e5db7bbeae1609e0bbf34480088e3ae8066cc97aec0140f111	1081213
waveform/c/1428/0/0/0	1b38d30d7dd084a16849ea350dca15cdf0a5044a65790ae3710eb338f7bf2bcd	1204629
waveform/c/1429/0/0/0	8056abe364cdbe94445f7944832caf1939d96ace77e775f160ea8354e6f19152	1201511
waveform/c/143/0/0/0	fe5fc5907c2473ef5f83412ae1427a5251fa994818f847ad8530aba61d08a5b0	1023300
waveform/c/1430/0/0/0	f8458e666ae705b0b889df7545c0a0882de24c17b5c9a05f80cb34bd0b138c1d	1432977
waveform/c/1431/0/0/0	0f7a1706b2353e54ea09b35e3dd11ae0b036598b1a726399fc712f006aedb77a	683590
waveform/c/1432/0/0/0	5c90ba6d30383b36691239ffc818bc9fd09b6dfc34e3823e02ef8e91ea87def7	677522
waveform/c/1433/0/0/0	33eddbe0f09fa2fb9c093956e2d1eff1c2e851b45b0300bb3fc99f23938e9c94	1309865
waveform/c/1434/0/0/0	4d3643159b261edfe1a78d7e89fa2bf2905275559f2fc6d5a058fc131e725cd8	539229
waveform/c/1435/0/0/0	87b7eeb04723ecc6e4ec9cdbafc76fa960bb26bc959bfc14e90672e465fa8458	1618024
waveform/c/1436/0/0/0	9a79d9a1ec41fac580006af7c40d81cdc602ccce14e9568a6d18c805895401b9	1231265
waveform/c/1437/0/0/0	4fbf056db09170a077c22cfd2ab3a4a34d664ce07a5bde787e1f03e3374bc31b	1214549
waveform/c/1438/0/0/0	30b55b33bf20142c6364b7b754c55b78b9e7d90096cc4f460bfeb38e03858fbd	1212682
waveform/c/1439/0/0/0	d3bc2eb85d94de63071e7e0c98585e251e5807f38c87b63689c21c80a67114c1	1228037
waveform/c/144/0/0/0	81164c6cc640f6be9917c34022cc0dcd25a9bb1158e5d468ba5c353b573a5dae	1613696
waveform/c/1440/0/0/0	b2f15b9ab9e660cb622de1bfe63d252fd1023d1cb591a31aee21e919882c3d51	1214602
waveform/c/1441/0/0/0	b75725524fe10c71cfd660067d6025d3b4d700ce19cd744eeb5febe9a0e6ff2e	1339214
waveform/c/1442/0/0/0	24e4f1d5105830d1f38c71ec97f6b30282502ca1ae28fa9a60ee28484b3c4859	1222247
waveform/c/1443/0/0/0	a557fe20519f758e8724e6d7f364c711618058defc316638ab86f1571d471dc2	1215685
waveform/c/1444/0/0/0	eb8fdb032d974c6285167c1666aa5b04b226f2a2d7c1cd3c779db9261462a7e7	1076313
waveform/c/1445/0/0/0	d6a4b6d1706e2ca49f5cb08a11fa8ed3eb7d58009d73f7d08882567222ebf0d4	1074816
waveform/c/1446/0/0/0	77245a3286acbdf7048b9cb3aa5da3ab902e9f2aa71c61b55fc46d837cdd244f	1214828
waveform/c/1447/0/0/0	31730ed2401bbebae13f7ea6eb8d95edf2aa09d685ddb899945918deffd97fe0	1339839
waveform/c/1448/0/0/0	0d740fc84f20647ee414f11f1ba2c5f77a26c087e06a5deb4269b0336acd9b85	675657
waveform/c/1449/0/0/0	550d3ccd87d8397598ca98e0126563c0e3936412164e99925eb3c34d74ed6398	1091501
waveform/c/145/0/0/0	2d09d373c98f12f485952047e2cab8e3e85812d6f3e0d460574b6022da657881	1025511
waveform/c/1450/0/0/0	f8d478d83cf26585527de28ae619128685988a9146a1e3ba25295a14eee0c142	1303456
waveform/c/1451/0/0/0	61d4c1d74fd086ed926592786bb4293eb080c5ed4ad88f2e810651205f7aebe7	1074720
waveform/c/1452/0/0/0	4d2aa20e089669095719addb377090426206f5cf94325cb409ae97c2a60bf69e	1340171
waveform/c/1453/0/0/0	603cc97219a60595ab980254a0c7969147538a2511c17dae7359b46b4d0beac4	1072981
waveform/c/1454/0/0/0	84019a644694442e809f869b9de0e09c250f0852de9311589431f97de869fb0f	1076879
waveform/c/1455/0/0/0	176d4687e720c74c735c9d5aa4e5c14317ad8bad5a0b7ecc235e7c6e31e6904f	1075433
waveform/c/1456/0/0/0	4083382b58701747c26937d1b6935ca39ad741866978e46cca7499f8dd364492	1074940
waveform/c/1457/0/0/0	cfab265bb45d9b4580d0d1fbc85d26b0c8b6b15af1d44dd9df0491ecf1cffde3	683704
waveform/c/1458/0/0/0	ee1e6d96dca7beb2f7c38d213f6734d3cf5fe44e5efc5898516e28fef0a88514	762790
waveform/c/1459/0/0/0	fd4affc02c3a4d1ddde3f2da460619d2daf6b477970b8452aebd6932719f9319	674262
waveform/c/146/0/0/0	5fd8558731af70a8d88b354734274555371a6e9784158b260fda2f7af6142674	1298117
waveform/c/1460/0/0/0	25bf745e0c0a0bd6d66534ed4811b20f80a91b9f78cabb2e99d192a93f14619f	677568
waveform/c/1461/0/0/0	32bf85c88c74dd5078f6076d7b106f7dfcd74b4c11d9584a013ec1047b7af639	675596
waveform/c/1462/0/0/0	20c1fca4db36ebe43e4f5113b5e38af6903b4c449c4de84bf990bf2a0a01cb99	805596
waveform/c/1463/0/0/0	4afb38712aec288d5436aa2733495528f9d4adffe2fc78e6bedd9b71512ec62b	674956
waveform/c/1464/0/0/0	4b5278a326d230b2bd3374c08c7d293e7f745aae393b52408e35c352ac6fe249	807141
waveform/c/1465/0/0/0	a5dc01e00a4c3820b307aa0046fc402517f85bb59b5c01b93fd21bd4ef804c3a	808683
waveform/c/1466/0/0/0	5cc857fed2c271d967c5c80beeb3dd2d66d40db14fb40982a056f6920e1f119a	671346
waveform/c/1467/0/0/0	41445ad04e2523e72cd1996cc8aa86ad8c4163bc03d88d51d0c9beb20d78a5ed	806908
waveform/c/1468/0/0/0	4d9bf1df6c8f3b1fd1c60fc62277b763b4168afb1f002ef2dd3b4e6cb1bfd17b	409800
waveform/c/1469/0/0/0	b7c1b65394c462f7406408f633f8a18fb2f4c51552ca8df4ec1a0612f549231b	403542
waveform/c/147/0/0/0	49f45cb2b127fde958ab6e90860575120d82bdc52c538d5c45903fe70b02462c	1298569
waveform/c/1470/0/0/0	4bbab6f13cc33586a4ffd957769b8e9154125a67d5552c831b6be89d06ab7d70	401416
waveform/c/1471/0/0/0	219833457acd4c9e08fbae3e13ff20f7225fb6969663909e2290e40c8f91e6bb	1340677
waveform/c/1472/0/0/0	4eab8c46498f78554ceeda74f5c63ed0e39facb946e9e5c10faa81ba94139b76	1473434
waveform/c/1473/0/0/0	b0b182959b4ae92f0f191eaf54783a870d0b90a5a2121fda01230ebb32205415	404828
waveform/c/1474/0/0/0	26bbbf173dbad0ae8fa9dff5befde19b0f6199f47938e32aa72f7d6c329d91a1	957942
waveform/c/1475/0/0/0	e70c33481627516e1cc72ed0687d5e9816ec188721b0bec5e0da498755d20cb0	954638
waveform/c/1476/0/0/0	52594cdcb992719044dff5ff842eee320be29b96ca5657cf56807ba932143fea	941667
waveform/c/1477/0/0/0	76ea99af520db32085a529c3a83c5460d72952fee93775745f300d345deb79bb	944801
waveform/c/1478/0/0/0	22a7b50b81fc543008b18e7ac9842113f44364802ea584a29bc8d7b11e4a1eb0	1300195
waveform/c/1479/0/0/0	91091fd967bd6dd5b594d389f02774644122df6d8190716e2213ffe8c3d9099f	680060
waveform/c/148/0/0/0	9b3823f910e5bd4103bd8cc9f40a9c599268c4227ce730ee1c526ef58f647f9d	1296254
waveform/c/1480/0/0/0	c2c08bfe0f4cc6f959b775c4edfcea8e67100f024af85bbad764750138c30255	945123
waveform/c/1481/0/0/0	25834ed6d3ddbedd707066d68dc09ac4c81a609b72b0690f8ffb55454f5a2606	1212440
waveform/c/1482/0/0/0	e3cdabd9a4a5035405f6ecb2db5fd5cd8a5e8cba26bdd3a25e65262dd800dad8	1209575
waveform/c/1483/0/0/0	a3aece8ba09331c590f875b49136f800282a29497dde39d6e02a10018d074ede	942886
waveform/c/1484/0/0/0	09585e311b72a3f33141fd36d5edf3b7cd06c850f0a3f3c1a66c3888e66f7e64	802144
waveform/c/1485/0/0/0	91091fd967bd6dd5b594d389f02774644122df6d8190716e2213ffe8c3d9099f	680060
waveform/c/1486/0/0/0	c2c08bfe0f4cc6f959b775c4edfcea8e67100f024af85bbad764750138c30255	945123
waveform/c/1487/0/0/0	25834ed6d3ddbedd707066d68dc09ac4c81a609b72b0690f8ffb55454f5a2606	1212440
waveform/c/1488/0/0/0	e3cdabd9a4a5035405f6ecb2db5fd5cd8a5e8cba26bdd3a25e65262dd800dad8	1209575
waveform/c/1489/0/0/0	a3aece8ba09331c590f875b49136f800282a29497dde39d6e02a10018d074ede	942886
waveform/c/149/0/0/0	b93237a2839bc00660792b299d13ce64f1eeeeb8d373d729195f33e29c5c8726	1612611
waveform/c/1490/0/0/0	7e2958e39838f39eb46741bec25ab3673d629bd9f341af9cc043d2ff96988905	805552
waveform/c/1491/0/0/0	b0b182959b4ae92f0f191eaf54783a870d0b90a5a2121fda01230ebb32205415	404828
waveform/c/1492/0/0/0	9a79d9a1ec41fac580006af7c40d81cdc602ccce14e9568a6d18c805895401b9	1231265
waveform/c/1493/0/0/0	d3bc2eb85d94de63071e7e0c98585e251e5807f38c87b63689c21c80a67114c1	1228037
waveform/c/1494/0/0/0	5fe41860d3bab5ff6b0cc8b351077b90b7a87a20e87a0d5824cd03fe784c581d	1211096
waveform/c/1495/0/0/0	278aa00ef5ab2aa4d290d8e31b37ce98be2d42a2d9f972a633d05eff7419ca17	541883
waveform/c/1496/0/0/0	b5e401ea46b7a5862632250ef15d67e8fa99b81f84e76491c32a9e43c6b60e51	1252557
waveform/c/1497/0/0/0	ca91c08a1479f95cb2d6dc9346b2931ca91eaef8d11f4bced10f52f24e722869	1221718
waveform/c/1498/0/0/0	dd49da50bd3cd7e6acc4535733caafcbf6fa0c2af26ca37b496aff7ca927a8ee	1483005
waveform/c/1499/0/0/0	01886fbd0bb08180a3e3f7319c21aada33f6565db44f79d66ae406d8321ece98	1088954
waveform/c/15/0/0/0	7b53e0856dcf8f29a7bdc4fb027513655e238e33bec0f1b0c1395173b1ab8e59	1206625
waveform/c/150/0/0/0	dd8d5b494bc4c5ee3d1b959ee6d8e1e2183cdce1fcbd8bf608360efcaf7d3940	935689
waveform/c/1500/0/0/0	7a9e2c953c3d89a7a87b2537a8ff112f04131555c33e13f551a222b072477417	1488119
waveform/c/1501/0/0/0	48f561450dad6a48ec83965c62b1a89b5d0e37d54f277d76d4431880da3ec1dd	1085757
waveform/c/1502/0/0/0	67de31ee2ceeaa2585cc7cd361a6fcc533606096890179e5e868e4e24e2359c9	1475650
waveform/c/1503/0/0/0	949e32df5696b0fc9c1d6450b386915492205b7f51ee72bd479bfc9ac9365cf4	1500015
waveform/c/1504/0/0/0	1d85d16c8cce8e9dc5f5fbb8fc443f3a1fb5762f770b67b88cc6c737060065bf	674909
waveform/c/1505/0/0/0	7eee9c0cd013334df04e7b80688af32fd319b11c17d3fbaacb5c13bfd65feae3	672946
waveform/c/1506/0/0/0	f469766c8e6fb9d89a8e7d67e70b07b16a43833ddd0fc6182b36f2637397d15f	1480133
waveform/c/1507/0/0/0	5310bbfe819b05065a3d98d2471fa0f46bcb66f9f24643318da7361787a11740	955248
waveform/c/1508/0/0/0	86665310bb569098738e7f2e0d261ebf5b9791d45e8368cfb4f7ef5543fab826	1086965
waveform/c/1509/0/0/0	383073f7f1c0f0333eeb2de2e0b89bad63250da755bdbd8ce44d580e2c9278d0	948259
waveform/c/151/0/0/0	54436c040339b7a2c7a1d6e5d15a6498f5fef51c3d39a8705c21a99ad37a6643	1608253
waveform/c/1510/0/0/0	8a94900d8a8847ee4a7458f4139ad2ecd10994f13ef284e494f550b16cc2cb0f	1362422
waveform/c/1511/0/0/0	0fb5533e2ac69de74d3a0080f1b87819721266215489a5809a711d2d97be79c5	808503
waveform/c/1512/0/0/0	43911fd7066365a5f236e982ac88ad8c2fba2b366d0f902f5ab3aad1e0b965b6	1207482
waveform/c/1513/0/0/0	24e4f1d5105830d1f38c71ec97f6b30282502ca1ae28fa9a60ee28484b3c4859	1222247
waveform/c/1514/0/0/0	bbacde6efa5b6e44754a5f9fca16ad80b865a54c6e0e9f4a4e5653de6d5e305c	938667
waveform/c/1515/0/0/0	77245a3286acbdf7048b9cb3aa5da3ab902e9f2aa71c61b55fc46d837cdd244f	1214828
waveform/c/1516/0/0/0	f3d8da85e85f5805bf6e72943688fa0ec8d03938e9c4e649481111a91d280825	1076743
waveform/c/1517/0/0/0	98e183a226dac7053aab228edb6e8a8c1cc750de6c31038cbbb49533bf933815	1216282
waveform/c/1518/0/0/0	da0b18eb904fe298c1c23ce8236c4ee35ad040cff3a60d6e5415eb69471b4f49	1205837
waveform/c/1519/0/0/0	77d5dd2255ef469d3ecf0905e952fd7d250855b7a77469c9b425a98af1511c36	1499177
waveform/c/152/0/0/0	b77f19da753a06c16be000c1c571ca295e8a886ecf4c36ef106daf3bedc22aea	1479111
waveform/c/1520/0/0/0	8a732b37cea08b412af5de323f486e16c5ffd363463b7ba3c64fcc1efe783520	539572
waveform/c/1521/0/0/0	7eee9c0cd013334df04e7b80688af32fd319b11c17d3fbaacb5c13bfd65feae3	672946
waveform/c/1522/0/0/0	ae9a95c74c76074b370401dfdfdbb85a272caa5f87f25836d80b53a0b0ef72e6	1605019
waveform/c/1523/0/0/0	f584f934ce31b5f45e86aad78e758277c6c026cb7b01b81137bc3d17e934a3b3	1074376
waveform/c/1524/0/0/0	e2999e0795457e77a3c56bf9c0a1738ff2c36fb63f8123501e2c36fa61a1ad91	538303
waveform/c/1525/0/0/0	090bc7ba2e6f14c7a6daddc1d487ff304a723143a0ca3291c0b21d9bdc74e64b	1208064
waveform/c/1526/0/0/0	ca4dd647f0df98f0b68b1af43b08874275febc481706205e143e8171d35dcd5d	541240
waveform/c/1527/0/0/0	e095d921f4a495d384e8381672a1c8f876d03d3a6339db232c7afcff9ea4ca71	1220040
waveform/c/1528/0/0/0	e48b0248575ae6c43c53a04680a3a0c867805dcb4c95de46e0826d97f8a643d6	1477345
waveform/c/1529/0/0/0	a50904e0a21a5e457839159bb9f09d1682dd7e7d9ae4314dab92819a8b55c2ec	407687
waveform/c/153/0/0/0	7773da08597dbafe8710c3a4626748e2944e85f8193114cf7e4e78e4b97ea13a	1204443
waveform/c/1530/0/0/0	a50904e0a21a5e457839159bb9f09d1682dd7e7d9ae4314dab92819a8b55c2ec	407687
waveform/c/1531/0/0/0	437fd9d7cc7b09860109ab18a5a3a7ab0f255cb0e1d8a0b2c9cc0bdd38b8ee02	1073580
waveform/c/1532/0/0/0	cac934e93008fef1795b1f1c13511f3c510afe710f16fa59d140895d19702f3f	402745
waveform/c/1533/0/0/0	108d48bcb34fb29465e084c58c47f4e4263b39cc69a61a99e7c4054a7bc1b739	675293
waveform/c/1534/0/0/0	37cb9ec4c0701dce21ae9ca87f4cf408f2172c3c3de4104c06151c3d20fffc34	1219208
waveform/c/1535/0/0/0	355a7e321701cc62de3e6dcececb4986ce0e034e0272b8bb97dcc6872c119cc6	939274
waveform/c/1536/0/0/0	2fc5c42b7d8f42cdce1d7ee4bba3e367966fff1813d25fc73187c6c8bc877c8f	1203654
waveform/c/1537/0/0/0	07d50fe5c5dcdb159b12eddad687990d3de5bd54c0839531998c314e064b17a6	1632630
waveform/c/1538/0/0/0	a7df739ba0bd6cf68896a87c4f60789759b0953fa340bb6676d7e59086b1e2ca	1212422
waveform/c/1539/0/0/0	ca44430342d575916f4023910d1932c9b892df3639886d2344976fc80c974ba6	1490062
waveform/c/154/0/0/0	b557878426bd35596cb2ae4b0489d7fb590a04294c3523846536430405c0751f	978683
waveform/c/1540/0/0/0	6f34e50b0c7bbbdd1c475c5b677b7bd0b1c9ed97728c859aca8a8425e2c50a47	1202581
waveform/c/1541/0/0/0	07d50fe5c5dcdb159b12eddad687990d3de5bd54c0839531998c314e064b17a6	1632630
waveform/c/1542/0/0/0	a7df739ba0bd6cf68896a87c4f60789759b0953fa340bb6676d7e59086b1e2ca	1212422
waveform/c/1543/0/0/0	ca44430342d575916f4023910d1932c9b892df3639886d2344976fc80c974ba6	1490062
waveform/c/1544/0/0/0	672c7945cf7d8168fc5fb141b940be68500d2eba886d74684b8be06157245d6e	1472194
waveform/c/1545/0/0/0	95f16da69e2d501415f81e7727c33171f772bd66b26ed3f32e39df3717d592b4	1076569
waveform/c/1546/0/0/0	adc8ee08d37d1c2d2ca700e81dfe4ea588bd7dcb67bb4a54b42cde0834ddf689	1073196
waveform/c/1547/0/0/0	ad1bd7fd760fe2af50506610e433a04865e0b226af0fbf48f1d921f5d9629dfb	1208019
waveform/c/1548/0/0/0	ec70ea1276a90ae0abb26228434a19775a5c6137db38f4f899f83ec99c6e747b	1221364
waveform/c/1549/0/0/0	e1974336433032bd406ef25f6837f0ce8feeb08e26b87360d06a6373e4bbe3cc	1214339
waveform/c/155/0/0/0	a0f548a37fc64255736bddff9e15d3e51b37087457efe9db4bfcce6647e8e897	1246644
waveform/c/1550/0/0/0	dc077fbd66f8cbfb85ed3ca7f0e10d6fe91cbacedea235d26726f22ca524e068	1202718
waveform/c/1551/0/0/0	fbd4d1789798e666606de28feaad6b507f807715f0ac7df811494e3d327e35cf	1217670
waveform/c/1552/0/0/0	ef2424ab7fdd7a133511b8fbcd83ebda3907dfea1cba95f965b47d03cab32a26	1076541
waveform/c/1553/0/0/0	9170fc5442097f3db1e61c6f17268a1ac58f62099b8be328b681cef7cb100f08	1338112
waveform/c/1554/0/0/0	46815822ab7fb0438b823b3f19fd437b611896bf702750ad7da24859a35dbaeb	947309
waveform/c/1555/0/0/0	3fcf95a3a90c864acd0692d1b4510bf812db2fc35fd2f8255d7361d499baedff	1072400
waveform/c/1556/0/0/0	4668c077bbd079f76d2c0ef862a27a1377c41437ebd1a32f109511bbbc2b3577	1338343
waveform/c/1557/0/0/0	ee485a9e9c8053c4df895ea948523a06c212330ca5aa7edbe0db7ea6b4cabd8c	956846
waveform/c/1558/0/0/0	59fdfc50b691318b82339d7393a45bfdee028a7d179e0c62ba4bc7262ded3b06	674447
waveform/c/1559/0/0/0	b3d44330a74bc3af2e3d66147c741402313d4f6453164ea0beb4f7e853354bfa	1211867
waveform/c/156/0/0/0	758745f48b8dc9d9fd233076ce7029d666b3ade2d8b58a960bdaa2de55e77a81	1205204
waveform/c/1560/0/0/0	e07af0c7c511ad5baaccde215e0348dd0ffc8792788cf6a8483db9e76d70b629	1071944
waveform/c/1561/0/0/0	e20c001b36ac9437fecd42c4e2e685b9f8b8a202331e4b87996e3d4862699ca9	1228554
waveform/c/1562/0/0/0	f30b1f5fb45aca7a77947e28f3b1c656ba44159aedfed07d1dafd72de5c4872a	674397
waveform/c/1563/0/0/0	c8852fe19026b6e9262ea6c34ec653a9af9324bea63abc6bf7738010b9c46f4a	1211554
waveform/c/1564/0/0/0	b4dde5902b41242dd8289174ff0abf02a701043d9ce2bb68c1a2557826f2adec	1471308
waveform/c/1565/0/0/0	81754af631018470cb4416eb6d0883320fe467f7f8f279403bd3be6b40562a88	1360356
waveform/c/1566/0/0/0	994101f1001e9a1f8b162468f0d496499a7d8e30d1fd950239fdbccbba7ac8c5	1217030
waveform/c/1567/0/0/0	4bd84ad2f8a887f6c7efbda8cdaebb138cb9411fe90992eaa4560874302b731e	1076195
waveform/c/1568/0/0/0	899b9deec205a7cbd187ef6b28bcd7995f865e45c12f623c23541f92d971c7dd	1335988
waveform/c/1569/0/0/0	c3733536b33ac58aef76f1978ada4166383a9d5cb436bc08ebd0f16d939fb162	676843
waveform/c/157/0/0/0	255190ba09030913d0c21b64351dcce767c7f670b9bb85cdd75fc356546ea162	1207001
waveform/c/1570/0/0/0	c13a2104be7f3b6eb08495b31def09fd1ad12877e17a7886fdfbaf1b7285f55d	950499
waveform/c/1571/0/0/0	92ba778103ac491b38c4582f543835b3c0dc75cbb21de5dc84057dcc913dfc16	670684
waveform/c/1572/0/0/0	8f817e8d02e91a7ef4dfd0484ba6be004507c07c7682da76934bbb3c817dffd5	678845
waveform/c/1573/0/0/0	29bfdc61ef13ad37a0f4972aacaee5a3fa658d1e00d8e847a9103af48c203f34	674292
waveform/c/1574/0/0/0	6f54a9e2143600c754708216777cdc2e194bf12889966f558dd29384b8075e55	667608
waveform/c/1575/0/0/0	aad0f9073d2b3b36cf0e8fbd6f4a4732e1ca9063665e189884821ea9e8bc054c	1489613
waveform/c/1576/0/0/0	e4c5d1c6d9a1f9a11564a874a0c0e9a1d524e0bfed3c7ed1c0b20b6381171563	1356684
waveform/c/1577/0/0/0	751531534743988a142a2a43623bc4c4630709140053b3e91f1cc763221685a6	1493720
waveform/c/1578/0/0/0	efc299a682d00aa97b272c89b0fe165efac7d9f6d535e2bd6c3d3669f9ac038c	1222760
waveform/c/1579/0/0/0	3e277e119909b5017f9a42801a7f17dcdf52a2bf7b5ebff3644c713033c131ea	1489258
waveform/c/158/0/0/0	f3603d87168e5e8136db349409c189ea90495c2dd4b94050a8aa4348cba4f9d5	1205647
waveform/c/1580/0/0/0	1ba3cb38cf8416187404b6f21b72816e3186ad52391f9dbc1717a4b4cfe248ee	1473988
waveform/c/1581/0/0/0	92c3576ebae13662f8f83bf3dc6aef6ab6598cfcac1fb2476c954ec10c12bd9e	1363737
waveform/c/1582/0/0/0	ce771de07ea52bda0f10d48cd3c4c15b27ee81d5ccb56198e9c356431044f2f4	1354190
waveform/c/1583/0/0/0	9104b41538552f89a2a08fb3eb97989fbde9777b616ebec2061be49b05f687ea	1223006
waveform/c/1584/0/0/0	5808d378aa8fea927896c69ae3b5952b770e54bd5e8b96ab1e496068f1d5a405	1492395
waveform/c/1585/0/0/0	916e6f3054c8804aaa4db4d6dc6da206b42da9a936af3d1aaaadbe744a263ee3	1494359
waveform/c/1586/0/0/0	8fb18e249720e7c600cc8fcf5aa24607a5e8224085b62a6b5c1072ef7854e23d	1471703
waveform/c/1587/0/0/0	f1d716f2f19f316d7566de87b35791bf0b26080b30a12cc68370dfb161d40353	680482
waveform/c/1588/0/0/0	ff5a3fa23f902bf178510401e29894b987946e4bf099dc583d646b66c36ccd75	675735
waveform/c/1589/0/0/0	8f9840240f3c98273a9da5a68d24fd04f59548d970ffc4f1f2befa3c8a54bd62	673012
waveform/c/159/0/0/0	b6862e25f2756eb4187e88ddeace53dea1149246cc5765e23d270fed3b884a59	1204923
waveform/c/1590/0/0/0	e45dadc2c756e41fcff97621942bb54e000adc39667e89cb9dceeb7e7df9a0d0	668049
waveform/c/1591/0/0/0	36cc7748b703f075b2b131800d6a5d27becc9ddee6e033d072ea83f4f4f4e810	669268
waveform/c/1592/0/0/0	d685c0b5d4df2b8fae76f5b824745fd560cd86656299b79adc9a90e6eb28d5ae	668903
waveform/c/1593/0/0/0	f1d716f2f19f316d7566de87b35791bf0b26080b30a12cc68370dfb161d40353	680482
waveform/c/1594/0/0/0	ff5a3fa23f902bf178510401e29894b987946e4bf099dc583d646b66c36ccd75	675735
waveform/c/1595/0/0/0	8f9840240f3c98273a9da5a68d24fd04f59548d970ffc4f1f2befa3c8a54bd62	673012
waveform/c/1596/0/0/0	e45dadc2c756e41fcff97621942bb54e000adc39667e89cb9dceeb7e7df9a0d0	668049
waveform/c/1597/0/0/0	36cc7748b703f075b2b131800d6a5d27becc9ddee6e033d072ea83f4f4f4e810	669268
waveform/c/1598/0/0/0	c6752f189a9ebf569255ca728a0f2e3bc6690946a36e8d76a84e962657a4b218	669195
waveform/c/1599/0/0/0	3db5bef5a2cad3101baa2216c46fdf566dc159f9108b3708a5e78a5dca4b265a	1489671
waveform/c/16/0/0/0	30464f18d331deebb3176fd9937d61c6ef2514611323f256ba493bee7d6fb969	1206573
waveform/c/160/0/0/0	7745caed3a61c5ac7eed05bc22a8c7702e5b2b1ffb096730ed85c8783c058099	1339020
waveform/c/1600/0/0/0	37237e43e578d988b50754cd8dc5ef88082f4b96fc48c23b0d8e5c4729c718d1	943185
waveform/c/1601/0/0/0	3e143a2461514e03f34aa041cde5c553420018992b3e6704a634c35a31cdb9ad	1081884
waveform/c/1602/0/0/0	7a23d964f695792b0dcdf33f3c1785b8fd665a92d84236c7270dac35b00536e3	1360746
waveform/c/1603/0/0/0	e20685c0e34ce45d48690023f71960e807b5908b02c5d39021de7d3dbbac0f9a	1364642
waveform/c/1604/0/0/0	c0c41bb4668aba30d99a51ec2aac6e842edf25a02aeeb213d95f0e1a28b46d6e	1471669
waveform/c/1605/0/0/0	b6f8a4a02117110f2d88007bbc825b378ed5c5526012ce76d9a038229cb0b08b	671938
waveform/c/1606/0/0/0	68f3b2398e1a482f4a90a820dd75e6fb636307d65866ac889a06ec48fcef4117	673332
waveform/c/1607/0/0/0	28573ed58be8350c6d53a67f689c7bfadb1f1a827d5331e0f5d9fcd0f6067f3a	540583
waveform/c/1608/0/0/0	928dc8514b865aedbaada51afc9da6e68c50e8bfebd890f222df8bf670984802	674806
waveform/c/1609/0/0/0	1221f050975bd13970b1b9c3ba9823a9b931aaee00f2cf594fea9f3cce5d5d91	1342091
waveform/c/161/0/0/0	8162845db3bb3ae1cbf678a1586dce9a143d6903f7abaf02cb3bbab8964c0e8b	1128912
waveform/c/1610/0/0/0	ad7c1133cb4572315bcccdd85bd80e5bd797d89c9eba2aaefdaf06d95e8ecaef	1339633
waveform/c/1611/0/0/0	e58aae507eb3989f2a762952725b037f5f38d4487a2ae2680e5b647bb1bae945	537146
waveform/c/1612/0/0/0	38e53d0c38c3f02704c4717b3b8b979995851aadf1a112f97f1e26e8b01b96d5	679831
waveform/c/1613/0/0/0	fffb4680f6259e63c5d0cbe9b24e64c26f992b3433913387ec3e90232ea1237d	1094114
waveform/c/1614/0/0/0	adaff68b98531eaee75bdc002814df4943f9b660af5109ab67f62ba4cfb27dba	405688
waveform/c/1615/0/0/0	873889c8ee0c135041139cc6a5d887f68df37a53bffcb2f752321fb257d91427	541171
waveform/c/1616/0/0/0	7c005ec7911f763544857260b085aa105906707c06fa4496dd36eedfefae2568	1337530
waveform/c/1617/0/0/0	d84a3bd0f483800cfbbb71ebc5f416857ad64f6ff0533adca99c3a1ca0ea84b5	1632999
waveform/c/1618/0/0/0	90ee43608147d59b6cc7bea6684af58307a41fbe7d0c559574b71e1b3bfc6ffd	817306
waveform/c/1619/0/0/0	a62aba0fc1b395d8c4b7609709d16135012b06955e6359950529ccabf84e8858	1615898
waveform/c/162/0/0/0	c55fa137f428ddf1ef7e4c65918374ef370272a16b583dbd4fb87f48ea314592	1347382
waveform/c/1620/0/0/0	ca9064474e1cfdad91232f058d5d303deb0f50d1fbb0400256bd9dd6c711c953	949892
waveform/c/1621/0/0/0	0ff2a1e1e1b5aa8ef882eb5fdb2845e4624cfe7fcd85def387fb9b7ed9ad3152	1478725
waveform/c/1622/0/0/0	3a5370c10050d93a7088520b7d193642e698947585ebc259b9a8aa57a6cbbecc	819168
waveform/c/1623/0/0/0	91a4152bd79b718f5d4b9a93f30f3f1e193a70db529d040eefc3e7714cc09fca	1313448
waveform/c/1624/0/0/0	aadf03b03f23cdb7d362fc5ffbce9de77e2eeba25b6d307864441ac8058dc6cc	943959
waveform/c/1625/0/0/0	9edf0fd95fc167a52b7025aba5fc7534176ea8e6ffa7fc743d1625a4d28f5366	1433146
waveform/c/1626/0/0/0	bc335f6a56b3460b99842984f4ab714bcc242d1de274c3129d3a384d193c1c4f	1431005
waveform/c/1627/0/0/0	3a5370c10050d93a7088520b7d193642e698947585ebc259b9a8aa57a6cbbecc	819168
waveform/c/1628/0/0/0	91a4152bd79b718f5d4b9a93f30f3f1e193a70db529d040eefc3e7714cc09fca	1313448
waveform/c/1629/0/0/0	aadf03b03f23cdb7d362fc5ffbce9de77e2eeba25b6d307864441ac8058dc6cc	943959
waveform/c/163/0/0/0	b6cd4f54586700cd1855012f37a7ea786b7a5ada4feacd671525a33418c2dac2	1474848
waveform/c/1630/0/0/0	9edf0fd95fc167a52b7025aba5fc7534176ea8e6ffa7fc743d1625a4d28f5366	1433146
waveform/c/1631/0/0/0	fabf407561ee15bf1abaf74d8d33655275eaa6fbe5167e84f4697c79eb801ba6	1300250
waveform/c/1632/0/0/0	c5e70d99037118ee189c4858644b84f6901897070e93d9867201dbb262e0e2bd	493147
waveform/c/1633/0/0/0	34a224354c47925d0665b5d08ce9cf9cba9d1a5f407cb16f6fa4b80bfd77e523	404776
waveform/c/1634/0/0/0	caaa924bb09a023b0c84817b5a0aa4302514962f8aeb6663e869b8d2e9db637b	761627
waveform/c/1635/0/0/0	1f8ab8c136b26d815b2c2179286a4e118ca947200819f227eb836a2d41890a48	402943
waveform/c/1636/0/0/0	1f7b08f581c5a84f7a7454dfe28d4bca9f619cb641046e3ce16c3f3f3608e92e	403654
waveform/c/1637/0/0/0	8100e70c98b590a91a43631dad1bd4f172b2b304e870fbacdc3bc5ae8595b798	759446
waveform/c/1638/0/0/0	e7b2577b4810ff05cc641871db5009f007983c8862d668ecd1e28f202377c45d	1629967
waveform/c/1639/0/0/0	f857ba9663966d144443ce27635d88d90f22e60b96566c1bb01d84c40af39eef	679300
waveform/c/164/0/0/0	555e5eed1069ece691e5cfdda449e9050b674e660aa392395d28a15eaa55f91b	1609612
waveform/c/1640/0/0/0	e11c895e909941cd29871e34ce375ef429b66a1c01ef5d5cc1075ebdce41dc7b	1612325
waveform/c/1641/0/0/0	561bbce3696b631e9bf7c7bf2db6705bdcf220d9ad555475b57bb540dfca66a5	542199
waveform/c/1642/0/0/0	4941f13c4dde862bac4fdcc6083b0dc3bc2362731a0598cd4af825de9a94c9ef	1475279
waveform/c/1643/0/0/0	d3a9465bb7f10e438a18333bb83a866562bcb87d4149007cf4a609f010bf07a0	1630614
waveform/c/1644/0/0/0	516ce209181f1ae7e4519f2c61d805faa668b078c61856aad32995bb772dffeb	815092
waveform/c/1645/0/0/0	7093193e3296a9d98f086987ccd3ef5217eb9a24e89906380ffb255d6162d222	1612856
waveform/c/1646/0/0/0	6027357f7b71091480e99950b2046e78dc52b2c353b8809d22fa2effcf415ff9	678553
waveform/c/1647/0/0/0	3f487d9343c6252528d497f6940e97d827cb2320d45959e9f5c0c35b0a4953c9	1611158
waveform/c/1648/0/0/0	acdcd2bb381e5d0caf0b1d37b2db76f2f3bdb9535147b2525a0420979da08f4e	955459
waveform/c/1649/0/0/0	008e4db8dbbb54c78e2ea142a07c8eb587652325e0709bf741f35ffb2d6d7802	1581679
waveform/c/165/0/0/0	8d5d3fb1aa301589d62d70f70cdd7340f576116ccc817292a5076d841ee4f093	805161
waveform/c/1650/0/0/0	cfdc596ba4880dee3f2e7c2b1995f8680ceed2242aa30df29cb4caff7f81e06f	942821
waveform/c/1651/0/0/0	90cc2a2433511c39ad0b72d34cd8dc5e799a745cc829e701e92a09874b92a86c	1427974
waveform/c/1652/0/0/0	e1c866d0f037c523058d1a4c1e184b06b034725a9ea5e87fb2655c72195e377a	807045
waveform/c/1653/0/0/0	4929fe806e722d64ad1d368842016c52712e3ad821cfd02c414ce0fcfbda3f6a	678636
waveform/c/1654/0/0/0	09676244ca3e7a3e8ca0b73c677b3e542560a582099e2c12c8f4c996b882f82b	808630
waveform/c/1655/0/0/0	ae438f897d746d3f3228740fe72fa61c4f37b23d54cda3bc929f896a38e0058a	805366
waveform/c/1656/0/0/0	ac40af8523adec0639b856b7158650db34a105e14a28214bf7166b5943cc976a	806047
waveform/c/1657/0/0/0	6f84463cb0efab03a10e4ec0d1f9b9b8052f8a308d3b45880c92f389bc1973b2	1208623
waveform/c/1658/0/0/0	3db5bef5a2cad3101baa2216c46fdf566dc159f9108b3708a5e78a5dca4b265a	1489671
waveform/c/1659/0/0/0	2881e5eab08b24c50da2358ff2105de53fb1a417a223e778360820b0669ea9f0	1226045
waveform/c/166/0/0/0	92c9091a6a4b3d4448d1a8ac83448e2c8448ef4b4a04e18f7ec40a6a561b5ffb	1603831
waveform/c/1660/0/0/0	3e143a2461514e03f34aa041cde5c553420018992b3e6704a634c35a31cdb9ad	1081884
waveform/c/1661/0/0/0	7a23d964f695792b0dcdf33f3c1785b8fd665a92d84236c7270dac35b00536e3	1360746
waveform/c/1662/0/0/0	e20685c0e34ce45d48690023f71960e807b5908b02c5d39021de7d3dbbac0f9a	1364642
waveform/c/1663/0/0/0	6115d52e76c8b39e4d053a58272973d7bac51c6e52410b737d268e6f17bc5e90	1071197
waveform/c/1664/0/0/0	0ff8c5e51e7776c1b88ccd963cba740bedd34d0ddf362af9e25859fde4a51150	1217499
waveform/c/1665/0/0/0	4790cd4fb0cd1a2b85692f741f33f7863c1459f99d0c0d0a8c62f1429c6df365	1347455
waveform/c/1666/0/0/0	34e28f9d82b46ff215f5e5e409a071ea028289c77cbea4c4030cd1cbb1a23e11	1082705
waveform/c/1667/0/0/0	9557c7134593c7fd82be47207ed03d72893c9e31a76789d1a2258925bebec287	1338192
waveform/c/1668/0/0/0	bf39b92270d4d58909d7577f3b92f69d9273caf141e2c3686c70da2cbc5a6863	1072483
waveform/c/1669/0/0/0	61bd0388fda6ce689a5b857477d28d6b6e054193f71a15e09cca9d7220145a3c	1203480
waveform/c/167/0/0/0	6619237f5d3cdf1dcd1ad4ee9881a922e5399d1d5d2ef503677b114d5729e12d	1605849
waveform/c/1670/0/0/0	3c77ac5077f95892b8d7f273949e327a79be47a716f1600dd91726487c770a61	679573
waveform/c/1671/0/0/0	ddc0db8ae648953c20ba215e70f7e5ff841110230583c73151a6cee10e3aec51	678780
waveform/c/1672/0/0/0	15c49a0f63f15a3a21143e5b9555576c1496ce214d5b1a90085c1ea33553ac09	678454
waveform/c/1673/0/0/0	2c5f92c2e70f589e6d434d0fbf4b8f24b02e23002d38caae4457e0ee84069fb3	681243
waveform/c/1674/0/0/0	a2fafd9f73803f720f40fd8b6b34ea169d1f6570fa5e59a7b8aa38a3036e725a	683721
waveform/c/1675/0/0/0	af12e0c7bde4a53897b07f9f2d7599358678d856e04ead896353e6e1bfa5b30e	1338075
waveform/c/1676/0/0/0	3db5bef5a2cad3101baa2216c46fdf566dc159f9108b3708a5e78a5dca4b265a	1489671
waveform/c/1677/0/0/0	2881e5eab08b24c50da2358ff2105de53fb1a417a223e778360820b0669ea9f0	1226045
waveform/c/1678/0/0/0	3e143a2461514e03f34aa041cde5c553420018992b3e6704a634c35a31cdb9ad	1081884
waveform/c/1679/0/0/0	7a23d964f695792b0dcdf33f3c1785b8fd665a92d84236c7270dac35b00536e3	1360746
waveform/c/168/0/0/0	e462a5a7179f8578552c88ea399b2037ffed975686bb35b19df8a62c5bc7ac63	1607655
waveform/c/1680/0/0/0	e20685c0e34ce45d48690023f71960e807b5908b02c5d39021de7d3dbbac0f9a	1364642
waveform/c/1681/0/0/0	5020ab725826c3381b950dfe40901864ec42c346eaaef4df917f6ada91512ac7	1071878
waveform/c/1682/0/0/0	7a1dbddbc76fe8329e61e972aa5c2c81757fda9cdb7e11be0edba198681a75cc	403776
waveform/c/1683/0/0/0	e2c198dc062baf836b93e765f17e98e8d5bdd0535671f1c58693b0a2f699f094	409308
waveform/c/1684/0/0/0	2f1cce01d7db5485947e504cd8ac47a11d609ea8e2893f563e3d399b716247d7	404130
waveform/c/1685/0/0/0	7a1dbddbc76fe8329e61e972aa5c2c81757fda9cdb7e11be0edba198681a75cc	403776
waveform/c/1686/0/0/0	e2c198dc062baf836b93e765f17e98e8d5bdd0535671f1c58693b0a2f699f094	409308
waveform/c/1687/0/0/0	bf12c171219bde3f79dfd99651e8b52456bc39c3bdb6f6b8e3ee4e3635e758ac	401924
waveform/c/1688/0/0/0	b5e410e9a101438347eca6c77f8db3a4dfb0b36553b9ee16dcddbefbb0507cba	946497
waveform/c/1689/0/0/0	958e92c3c2400a090028673e02e1e2a92611e93be352fdaa992da7a7d748d78e	1626725
waveform/c/169/0/0/0	42825606c7b7198a6e52e8a25707810c0f9c50e1ff2fbae76595ddfb3877c2a1	1608415
waveform/c/1690/0/0/0	233adc963da6615fcb86d2acd4a574da38a824aaf282754511c2a504a17cbd12	1080034
waveform/c/1691/0/0/0	0c320c732b9b320191290d33b1586c375b6dc299aa923b17ae52abdfe85cfe67	1604608
waveform/c/1692/0/0/0	26e22e0ece391547ecaeef2b4d137207846a8c7cbf8567ec36f2fe4701fa818a	1604531
waveform/c/1693/0/0/0	386b25f9d34fc4a3b23d9df8c75c6a3c903b2bc0df5d20a672c24baceed5ecb2	1477535
waveform/c/1694/0/0/0	7a1dbddbc76fe8329e61e972aa5c2c81757fda9cdb7e11be0edba198681a75cc	403776
waveform/c/1695/0/0/0	e2c198dc062baf836b93e765f17e98e8d5bdd0535671f1c58693b0a2f699f094	409308
waveform/c/1696/0/0/0	358bd18073e694d2eabb0655f17d233efed6456ff2144dc93f1325969c4a7232	402106
waveform/c/1697/0/0/0	7a1dbddbc76fe8329e61e972aa5c2c81757fda9cdb7e11be0edba198681a75cc	403776
waveform/c/1698/0/0/0	e2c198dc062baf836b93e765f17e98e8d5bdd0535671f1c58693b0a2f699f094	409308
waveform/c/1699/0/0/0	d2d2f25761506fd1c519881206cc890ca25838184998eec6968812d2cfe692f0	1206527
waveform/c/17/0/0/0	b035bbc0cefe62e5c022cd97b4ce504c9549fb0e4d5351bf33f74dc4ebebd845	1206115
waveform/c/170/0/0/0	a16698d0984328c9dd06fc2638152d90a3b2c6a5e918390da078323a47527ae1	1356771
waveform/c/1700/0/0/0	92c3576ebae13662f8f83bf3dc6aef6ab6598cfcac1fb2476c954ec10c12bd9e	1363737
waveform/c/1701/0/0/0	ce771de07ea52bda0f10d48cd3c4c15b27ee81d5ccb56198e9c356431044f2f4	1354190
waveform/c/1702/0/0/0	9104b41538552f89a2a08fb3eb97989fbde9777b616ebec2061be49b05f687ea	1223006
waveform/c/1703/0/0/0	5808d378aa8fea927896c69ae3b5952b770e54bd5e8b96ab1e496068f1d5a405	1492395
waveform/c/1704/0/0/0	aa094490d5fa77459a9e30b4f2ff490298c3064c99655dd3f7a3ed59b3edb1f9	1342619
waveform/c/1705/0/0/0	7616e730c3a8ccf3a5bbd78b84351be8cfd1ad89f7817bbce44d17b3144212f3	1504115
waveform/c/1706/0/0/0	c4f66e6a2fc0f6f1b91722718d5e4dc478398fdb470319f201a6a3073f11183a	1607153
waveform/c/1707/0/0/0	db7c444612bcfa07a375008bc013ae5b392ee9d3bff6d82ca56144b311d6755d	407472
waveform/c/1708/0/0/0	e71a0227ed6cbb359b9a55bdd7cb76b9d1d671b6388438adbc3286baf6cdd985	407975
waveform/c/1709/0/0/0	7a1dbddbc76fe8329e61e972aa5c2c81757fda9cdb7e11be0edba198681a75cc	403776
waveform/c/171/0/0/0	14f760c4716bf135cfca757c0a450f7f1c7dfb2ecd31d59acc7ce0b81afd5cfc	1349544
waveform/c/1710/0/0/0	5f22aac6715aa3b44846827d524a53f339949b110cc0b104e8954d35ff6d855b	404750
waveform/c/1711/0/0/0	d389932a610de0095d1157217befe916a4f332f03da7cf9b3ce04918c49802b2	1623743
waveform/c/1712/0/0/0	7eee9c0cd013334df04e7b80688af32fd319b11c17d3fbaacb5c13bfd65feae3	672946
waveform/c/1713/0/0/0	fc27c30ecc754a2029c14a76f58a9fd7ec2a99f28c5d045622fcf9c106550d27	1605560
waveform/c/1714/0/0/0	d389932a610de0095d1157217befe916a4f332f03da7cf9b3ce04918c49802b2	1623743
waveform/c/1715/0/0/0	7eee9c0cd013334df04e7b80688af32fd319b11c17d3fbaacb5c13bfd65feae3	672946
waveform/c/1716/0/0/0	1f060e77b69803214bf09ea384535db59163b48c2a442a1e2571b39a56d86f2c	1605823
waveform/c/1717/0/0/0	b5e410e9a101438347eca6c77f8db3a4dfb0b36553b9ee16dcddbefbb0507cba	946497
waveform/c/1718/0/0/0	39f4fd22148ed9b239c3f543705cd7bbaf4a8492d4bb1925883e457602ce8830	1626553
waveform/c/1719/0/0/0	87b6dad766b8c392d6752851d1507a8ab08f6373314fed8819a305061751f1be	944740
waveform/c/172/0/0/0	985a82b4345ac9fd5a225ccf88d16ff626500b3a56692c1b9127bd763cfb1d08	1344418
waveform/c/1720/0/0/0	0875c120f81b825bdf114448d53a53a8124ed8d5df0305618859d3c825435d8d	1604435
waveform/c/1721/0/0/0	13b38c1d88f0ec2ba012e5e196c615429c5451dfb4d536f6fb299bfe06407c12	1604558
waveform/c/1722/0/0/0	6cdef73cdaadde52097fa7c9004f9296b7752fbb59c1f5df5c3f253be0c03c08	1605322
waveform/c/1723/0/0/0	9192dc1373dab48e4ddebbd3f7404b8bf5a48fbea820464dfbc2b633fefacad3	1358572
waveform/c/1724/0/0/0	475845300574b85d20c7873ffadb69b15176393450bf197044a46e8631e9f11d	1209742
waveform/c/1725/0/0/0	bcfa4d6b10a6f877010583d560de3b415c3cff956e47b441805e9ac3cd4840a4	1215306
waveform/c/1726/0/0/0	076428ce1e2eafc2a7a192d8369b437dfcdbdce3e184406757097d322a18ff23	403613
waveform/c/1727/0/0/0	153e798d4d75e5f1eff936f148a6e492dbce70772423613dece0cd9062359ee3	1478928
waveform/c/1728/0/0/0	738731f60b1f211a0bfc876d23fcb59b4be8aa06f4031081beeb1529170fbc45	1299165
waveform/c/1729/0/0/0	e45c73b294cfe2dfe5e85efa888e845df46b7d7a952e5770e63d8203c8282461	1357666
waveform/c/173/0/0/0	ab0262c5f141c011ef28efc96ae768c781114ea9af69955d17101ceddbf66b3a	1610916
waveform/c/1730/0/0/0	af8f8e76f423e6a23d013648cf5c2ba2e16df37bef54a24dda00adb5b48a2e73	1073320
waveform/c/1731/0/0/0	920724c3dcc78bf47e179e6599319e50d33ebe22fc89f48f55f5cb0dc4fd1ce3	1079609
waveform/c/1732/0/0/0	8206ccbc8374512d65b012912076bd2598efe136b43803aa8b76cbb3c96257f3	1476270
waveform/c/1733/0/0/0	647eaed82847efc26bba142812bbe10fe7ddb20375c93cac8c0f07a41ad139d2	1162802
waveform/c/1734/0/0/0	a785de1e8c2abf4fb4ea4e63d2315663edbd13031c3f4a04a65da43d78af0349	1091015
waveform/c/1735/0/0/0	d34f868ffb392174de572ede82c15f4d28bce50edec1112c4ca8a0089799e4f7	677580
waveform/c/1736/0/0/0	7c860e8eb92eee048c051d402f1bb3e9d7d21ff46b423a60a8fe7577638a4651	946573
waveform/c/1737/0/0/0	0d36f12729872aa09099d42b2d39105dc5e4a5f6115dd8e5c022c5d55ee0fc6f	1216747
waveform/c/1738/0/0/0	d9529470f6213258f1ee4d831045437190c589072032b096f0e117f842c45682	1229254
waveform/c/1739/0/0/0	948128c38e0b0ca0b51a815c148f86bad579e44972888dca2383f632802a56b9	536931
waveform/c/174/0/0/0	31f2e9c1cf8c9fb93956673574f38f49461fecf6388fb3c978353a1eff4d78e6	1608815
waveform/c/1740/0/0/0	adb0f3fad7c4acb45731612bc75051bbe8ed00bb1dc4b0cb73b4bec1662b4c1d	1359493
waveform/c/1741/0/0/0	23eebf44cfcf4ff94706faead259afccc6ded0926dc3b97daf2c231c9319c8d6	1211138
waveform/c/1742/0/0/0	8c64ed52ee1ff440df360cfd3bb37b94b84b2a3824a9f88f4c187968b4821c29	1215511
waveform/c/1743/0/0/0	050456929f4043c5e135bf55d571d64aee1513711f77faa61e23bc1f6b1e769a	1480454
waveform/c/1744/0/0/0	d73457a36c9c8254ea41807919bd4672911d386d96994678c6cb005ed51d5235	1617429
waveform/c/1745/0/0/0	5d4a64cfe7e1e63a623d9f8b59d14625ca8ebbe99230662ae3975e1e11cc1071	1218270
waveform/c/1746/0/0/0	50eefb94b56a25e9c6810373163ad79c5c558fee046e0324a585457266003ba0	1354489
waveform/c/1747/0/0/0	7ed98bbcd3f289811ddbe588645c5cde58e4e155871caac35bcafd28969fe396	940224
waveform/c/1748/0/0/0	a21190cc4289642f307245acf738ab11866e4c7cadbfe153c5d86e037287e422	1221011
waveform/c/1749/0/0/0	835d9f5e136f17a7f929911e81ef41e4e03705425f7497c79f2b5b4d30464bbe	1344684
waveform/c/175/0/0/0	ecdcfd256e9b1efe1e95f2bcbe95e14dfc04cd59be3a3d188c2de4c3b92f3951	938602
waveform/c/1750/0/0/0	fc60d658d7fbe2578cc4b5e06dac8a7523b4d471645fa5851d3e1d1168679aaa	949899
waveform/c/1751/0/0/0	64ce4d6047cc8914d41d839208a9ea305612e314f5d37b208245d8c64110a00e	1082666
waveform/c/1752/0/0/0	a4948cb4e2b8cb0dc91eb09ff73ad689059992c919932a197310e42dbc5ee8ee	943408
waveform/c/1753/0/0/0	8f8b4b1025afe31395b1b912b8a9819e4afee33d9583e9c1a0fdb3d10ed509f9	815729
waveform/c/1754/0/0/0	6fbc66b1668d401297785eacf7e0fc559840f7a4590e5556f05eaf9975895165	943888
waveform/c/1755/0/0/0	73b709977766c5928523e380b3c100f976192670f6b5c48271b7ebbd52ae9ae3	1068478
waveform/c/1756/0/0/0	2ffaf67aebe728c3168cb9941c6cea1d93ad942fffe565e8de458515312b67da	811969
waveform/c/1757/0/0/0	01b18287e9230c4339a98182f4f345ec3fa5142ed20d9df164eddf88d7ccf804	1216732
waveform/c/1758/0/0/0	c9ff463c5adb864283f8f405f13e820d132b756223290df8553b69c832af09a3	811960
waveform/c/1759/0/0/0	b04669bbd034ace16198a1aae90be61021cec347820ce1999127fc518a3bdb7c	813661
waveform/c/176/0/0/0	d1bfd25beb153253aec6d6a08858f200490ffb1743ae9d770b7b56d86e221a60	1475683
waveform/c/1760/0/0/0	f291f6eaedce87c617fb1ee938a5a18fba222b36a807c49fce2aa905dd01b146	1476603
waveform/c/1761/0/0/0	b6ab95058a6db829ee37ba6e36da19d7e8d683ffcefc7a71ab7ccd423417976c	934785
waveform/c/1762/0/0/0	adb0f3fad7c4acb45731612bc75051bbe8ed00bb1dc4b0cb73b4bec1662b4c1d	1359493
waveform/c/1763/0/0/0	23eebf44cfcf4ff94706faead259afccc6ded0926dc3b97daf2c231c9319c8d6	1211138
waveform/c/1764/0/0/0	8c64ed52ee1ff440df360cfd3bb37b94b84b2a3824a9f88f4c187968b4821c29	1215511
waveform/c/1765/0/0/0	050456929f4043c5e135bf55d571d64aee1513711f77faa61e23bc1f6b1e769a	1480454
waveform/c/1766/0/0/0	3812402ffcd18e2b991eeb9323d0eefab26a34e4e719421a41fcd50bb290bbfa	1473997
waveform/c/1767/0/0/0	adb0f3fad7c4acb45731612bc75051bbe8ed00bb1dc4b0cb73b4bec1662b4c1d	1359493
waveform/c/1768/0/0/0	23eebf44cfcf4ff94706faead259afccc6ded0926dc3b97daf2c231c9319c8d6	1211138
waveform/c/1769/0/0/0	8c64ed52ee1ff440df360cfd3bb37b94b84b2a3824a9f88f4c187968b4821c29	1215511
waveform/c/177/0/0/0	3f8cfa3d29f14b7d45674c7d041a0f2d85c9724e3490be343758ec41c0bd2ad7	667719
waveform/c/1770/0/0/0	050456929f4043c5e135bf55d571d64aee1513711f77faa61e23bc1f6b1e769a	1480454
waveform/c/1771/0/0/0	9c03a5a765e2148b3bda6b2373a55edc0c70caf7b296a143f2b907cd345eb45d	1474504
waveform/c/1772/0/0/0	adb0f3fad7c4acb45731612bc75051bbe8ed00bb1dc4b0cb73b4bec1662b4c1d	1359493
waveform/c/1773/0/0/0	23eebf44cfcf4ff94706faead259afccc6ded0926dc3b97daf2c231c9319c8d6	1211138
waveform/c/1774/0/0/0	8c64ed52ee1ff440df360cfd3bb37b94b84b2a3824a9f88f4c187968b4821c29	1215511
waveform/c/1775/0/0/0	050456929f4043c5e135bf55d571d64aee1513711f77faa61e23bc1f6b1e769a	1480454
waveform/c/1776/0/0/0	17fdd192e47421495bfedc9f01143072e9825783fab40da044aa6a3468b4f7df	1471337
waveform/c/1777/0/0/0	eea234f797ea8c40eb02f8514ccb4fe5781efb46dfe3e0681b8f8ce34a672981	1493644
waveform/c/1778/0/0/0	19dd516090d449b90e98a1b826e018bc96fc3cb97c3859c7de3b12652328f0b0	1081447
waveform/c/1779/0/0/0	c2ec5672e31eed981955519e7f007740ca3bc1c6f39855987a276cd9572d0605	1221655
waveform/c/178/0/0/0	22241e074127cd804e2974706f0d31562ae9e8c393d8cb5e37f0a609f1f89582	1070195
waveform/c/1780/0/0/0	7b545d166d3dd92ba71e4ce3d26e23bfca2f8ae6e55ea1bfe6efe5806b21157b	1621240
waveform/c/1781/0/0/0	cfbcb222fc9bf59a92efdbb8eee783e0e468073bca9515e3aa9cbcb753117eda	1494672
waveform/c/1782/0/0/0	5af400490883592c84c88893b532fc5823411bcd9caf30c786c9f0b872196b99	1607828
waveform/c/1783/0/0/0	83067aa91db8e305afc447cbd50405fb8ecb4eceeffe4eac26fda7ea018b0da9	1217367
waveform/c/1784/0/0/0	e96f8877c59e0d6ea70d8afd4ffd4e1d696db263ab0629ad508458829ffa8db1	1091547
waveform/c/1785/0/0/0	8a419a5b82aface44c2fd06a5e043355ef6f18c62ba49bf3bf2e538329eba5cf	1092253
waveform/c/1786/0/0/0	9e3285a9fa9525cd58fb7c420b60a5a55c311172c5a49c6f36744649a9fe8caa	1360277
waveform/c/1787/0/0/0	4ae8d79fb6787733784948ad66e63306bfdc7e6b34811e0ce6e95b208eb70110	1221134
waveform/c/1788/0/0/0	3f035199ac66c3f45957f222a9e1db9dad78aca6bedf09eebd985fda8d8a86ce	1211801
waveform/c/1789/0/0/0	47afe28616d8b3849ea2a8ec6846bb2017ed1b030ba898327b9dfb826b4aaa53	1635994
waveform/c/179/0/0/0	10e876f40ecf5dbd97c86fdbfae016158d1fb21fc87caa169f631ae571feb60a	803292
waveform/c/1790/0/0/0	cf2b95695b1d336017d0e686796493665b44d6285e2ac5b0f89480495537a5d2	1614169
waveform/c/1791/0/0/0	522d8ee6e2fb0408302996a9ce01e27d51fe9de80e62d8cc0a20e01afdba7af4	1489409
waveform/c/1792/0/0/0	7813ec8973c2120cfbfdca361f954d4371fc31ba0575a45b1879f3ef454f3abe	1612252
waveform/c/1793/0/0/0	77db250bd92a64bae074ca55b903325c6d882069e0b30312786c81831e4c1fa9	1608017
waveform/c/1794/0/0/0	194296a65de9e0e431911b4c7a8bf834bd54a8fc6680514ef933a5d918e895b1	541482
waveform/c/1795/0/0/0	1e0352b78e1f8b57c0f04d85a857778c831f3dbdac0cfed7b829c4beb0644fb0	541404
waveform/c/1796/0/0/0	6b96b82f8ab6c8fedb1b86f581bc4024b672217f7500934d3083c6e5e913a835	534922
waveform/c/1797/0/0/0	f7005af4b9097571960bb1f3db908e9b9febe93a9f80fc402aeae4fc2ae3d188	805413
waveform/c/1798/0/0/0	4963be0785a32dc4ab66d9d1da31449e68a7dc74b246dc70db25dae5b8719506	535705
waveform/c/1799/0/0/0	7d0867fb550633a2bb814c175466e022f97a6014c297aeb9a2e2e89e72531660	667666
waveform/c/18/0/0/0	f9fffec24d0809eed3a1c49f412bd81161f54a1878ad41d88f0b2d785ddf6c6e	1204986
waveform/c/180/0/0/0	387225c167a9bff638bcec9eef6bbc7d35fde5da7df64a4dd70c70f9b5fce011	807808
waveform/c/1800/0/0/0	c00bd4d84ef3fc41b1a24b884a177f5583179a073d97af337c8bb14137f8bcf4	937845
waveform/c/1801/0/0/0	dc5f670997c83610d2b00fd20871aa3aa3693aee167c16da532b70f50c540db9	941169
waveform/c/1802/0/0/0	fb6584ac474815bdaa43d5fd73d5be82ceb4051ba0fce2639e54cd5f478fa474	936685
waveform/c/1803/0/0/0	eab32c4fb20c066fff23d97b42641a34bd7437985117303940982dbb8661bf71	543568
waveform/c/1804/0/0/0	80097562945ab34ec23ca38625bcfc0e0cea2d09ed5406ac0e6e96a64cb212e0	543670
waveform/c/1805/0/0/0	917090f463681ab2a23e133640278433be3d072506259b17e02471a0a4cb6595	545820
waveform/c/1806/0/0/0	92c627e6c896b7c5a357b19d36be26b2210a5be9f8fbd4625754d32d4239aa83	547439
waveform/c/1807/0/0/0	3a69799e238fa188a1af6eebb678214ae66fb730ba12403982bd0ac21d55d5db	538796
waveform/c/1808/0/0/0	8269697af7ad53b48f3dbb351ad05f4d9e75779a9ad4cb036b60b9a7e4348e16	356125
waveform/c/1809/0/0/0	3d1e3d2c9329fe468b57028de87774348f243cdd6fcb0249179c27e28d1cfaca	1076710
waveform/c/181/0/0/0	57b08352a72074eb48c04b1c9ad0c2e1d3f7dcb1cd1bb681eea3c2c9ed96a0e8	809904
waveform/c/1810/0/0/0	0cd7157d542c295aefa3a067ea7aae28a2a00a75ca2361d0096bdacb51266b51	1225303
waveform/c/1811/0/0/0	9624072fe07c7e2df11ec4d64ac35427c29751b49a7f35abdc19ead380eaae53	1073048
waveform/c/1812/0/0/0	74d2329956848eff515e1e2b6bdbc7ff2fbf512f103c75157f56a2ab3cd23fac	1074424
waveform/c/1813/0/0/0	5b7d78eeb8c8b210d72dff7e99efd822c2461e34624f708772797177b22c8b05	1074477
waveform/c/1814/0/0/0	b4ecfd822c01d8339f3fa249ef55494c2f00692ee1d124bb4eb582a0ac7b8832	935557
waveform/c/1815/0/0/0	4507b95a8db5dc6c626ecc02acee36f74912f64fed23ea4519c9dc3f67b04510	1222479
waveform/c/1816/0/0/0	7d3f3e8f3114c238d34bc8bc500373563067ecaeec703352c782248a8547f758	1209565
waveform/c/1817/0/0/0	256506e9fdf7561b9727289ee5e28f0522f4103205439bd5b2ff991e776531cc	1215337
waveform/c/1818/0/0/0	202bf0e53e41b41c0488074e83a0520eaf822c9f92b11aa44b69fe266f9cb4ad	1213163
waveform/c/1819/0/0/0	8cf7959040bce9cc1e0518ad67a46acc79dbac0f7bf68167763fd02a6410fbbe	1345115
waveform/c/182/0/0/0	89f0a1eaa7e7869545bb042e29dc159bcc59052d240bf798236299e11fa5cb0b	937390
waveform/c/1820/0/0/0	0a014ff0ca63987de2d45d900d3bb35a7e8f9dc6d1813789ef8830d7ecfe0684	1207675
waveform/c/1821/0/0/0	d07259748dae2e54cb157a052591076e3f255314ad67c657c596979213294ac9	1503252
waveform/c/1822/0/0/0	6dd3945fcedf3c81563322d672b30ac5615bddf51019e823c94c5fee25e80297	1480447
waveform/c/1823/0/0/0	195270e9037789586823c8fbe436835fa253a2999f6eb2c35d81de3e33fc99ae	1490245
waveform/c/1824/0/0/0	2606936cc1b16e93cbba68f523817d02b29e94990dfff37aa5aaf9f373abe910	1482092
waveform/c/1825/0/0/0	375f36d5e8f79e3a93ac4fd761372eb5e5265f0551a4dc3aff9f4de1dcca1319	1491612
waveform/c/1826/0/0/0	879c32ee014eef17635ae97de28711c47083ae494c9cc368c90aba9728d45c1d	1342281
waveform/c/1827/0/0/0	7944a85ea54cea8d398cfe4b70d2c00266e674de09745758098966170ec7c4bb	1074156
waveform/c/1828/0/0/0	63fbdf8fd82b0b4c7a32d0c36a90ea8a7034a471425f2622e16f2f228c903a68	1085630
waveform/c/1829/0/0/0	44b6c338847edc944cd63002d11adea47d1d76946854af220d12c4c1b84c7dc0	1080754
waveform/c/183/0/0/0	ab5a776bc54086de43800b5ae2d4e605a1cfce5ca526793b194d80cf7ecfedac	1616945
waveform/c/1830/0/0/0	ff27e3be39d807a61721fdf770cd8610e5c40e3d11a42b7a01ae98edc5494bb3	1078552
waveform/c/1831/0/0/0	cbcca9d14fb71fc4e6c8552b3bf2e770078bca862cdcdedea0e8dbd19b2f3911	1074445
waveform/c/1832/0/0/0	eff117688e05ac1832dd3fa237f2e417f5b2aef62396d4a2dec8c0baa7631eec	806535
waveform/c/1833/0/0/0	df0b4eb7c30ee5af0ef4cd1ed9e973a7145f5d9e83db8c02560ed432fd1d4002	1616127
waveform/c/1834/0/0/0	f682751e991db7cf507a4bcf8ef124175fb854a997bed072beb3ec0196944a4a	1627627
waveform/c/1835/0/0/0	3969333415c34670955460b830b693d1bfe96f185aebb9757de023480a7175dc	1622187
waveform/c/1836/0/0/0	e33bec0c6cb71fe34df028c0e0f5facf864fd194739e325f5282416d4a1be4a2	1354158
waveform/c/1837/0/0/0	eb15969f1b8c3b1a6e0bcdc76a22aef831f040e3e3b909205309a0f60bcc1bd5	1627783
waveform/c/1838/0/0/0	c4e3436d3e65877378ce5c15cfdb4590e5ba039b1dee672662e31c5cbce3ae13	1607569
waveform/c/1839/0/0/0	40bbbbce561e3f082deae771696ab016b8fbab04ec7cb2d01c6b68b8e1331d16	1088624
waveform/c/184/0/0/0	841981bb31f566c8ae0529c077dc51fcbcabafb4eb3a536f94de9ded771cb51f	1204078
waveform/c/1840/0/0/0	6b8d3dad13f030526546d687f50db246e2fb595c4a55a674c28145abc5431c1e	944117
waveform/c/1841/0/0/0	213cf7da0f991737590b6a32b38f70afa75e434ec392cc3497f3f3e69dc9910b	947216
waveform/c/1842/0/0/0	cce711e4157f6eed36639c0d83a69f7ebd5cc534620fc1c4bd96d2109670365f	1079591
waveform/c/1843/0/0/0	1e2848d9e7b7319bec8698020f8519254fb26f2bce08de34f5e1d906dc30c481	940967
waveform/c/1844/0/0/0	d36c5786e52cd7141524fb760f5490a5fd08dad0ea433b3635d7c018f86260e9	1069519
waveform/c/1845/0/0/0	b8be60a7c37999ceec791d5e15d8a33e9d51cfae6cc7cf131942b675bb189f08	1225712
waveform/c/1846/0/0/0	0da2ccf87a6b55f725a8886e95e9f754bc59141db2c3ee80b18033891df10076	1077252
waveform/c/1847/0/0/0	258fc0809d6b87fe16cf20b78f407717a0fa8b54414d65a56abaa12148d97dd2	1078068
waveform/c/1848/0/0/0	b4a8a619fd922ebf303cd7d934b487c7cc5ed1af704ec733abc449e17c369c93	1216312
waveform/c/1849/0/0/0	946b4256de8391e43b919891601819711a5b32a986e0e0a4b7e6f89295e1ef19	1073804
waveform/c/185/0/0/0	7756b54452c66d26fbb444ca9c162d0e23b8b3fc9289e943c2cba87892fc4116	1077030
waveform/c/1850/0/0/0	39c69137c7795bd345c894bd5d42e17ed8bed3d868d673c6e7f5172fc0c9e4c9	1335701
waveform/c/1851/0/0/0	e638d00c4574965b370983c51c480f0d02b7eda4a033d4a9ca20bd96e71be5db	1226104
waveform/c/1852/0/0/0	b2fed40242e2a9dbfd471cbfbce1c38dc2e8098ca87875a2775fa34b0787d735	1216987
waveform/c/1853/0/0/0	b8c494167d97896f722141d72b97973599743493a7e24f64fac007b8ef3226f8	1211935
waveform/c/1854/0/0/0	edfd5d6b639bd79b8ebc8700856343659b1d9647e4dc76b6c0104bc24db0d4f9	1213447
waveform/c/1855/0/0/0	5abc515b4c8b507c3428d3c55addfdd19590678bd196225e132a8a404efb468d	1082707
waveform/c/1856/0/0/0	46cc9f9020497ff98a1051d3217decac37603d5e5380bce90d3cd1c61738e50f	1204134
waveform/c/1857/0/0/0	8bd14429e5624d7cdbe2d3e74451d7b0de7c1ab79df7589378f2c18f7bea966d	673664
waveform/c/1858/0/0/0	57525ff01c3ed51fa48bf6ddc434c9b322dbc16fa22d2e27c4952aef8c47744d	677467
waveform/c/1859/0/0/0	c8347a1d52d31977936127c65611909a2f75dd96ff7528394cf640f0dfacc96f	673708
waveform/c/186/0/0/0	635a2fd0dd6325e090ce15c3bdbdd2fc9b553811587ae8faf4d5b6c10eb59764	1071753
waveform/c/1860/0/0/0	f431ccc47ebfea0a0e1701169b1c221eccd4d91636c4b9bc76c2937f75467db3	676463
waveform/c/1861/0/0/0	f02a560e4472ef4b8f6744ead43c0d0d0e616d8ae7d48a7ecc9523c61a185035	679152
waveform/c/1862/0/0/0	5ec53ec63589e8aea495bc147b5242366d9e15bd4a3eed9cf8edc97e13029c43	1343267
waveform/c/1863/0/0/0	00666923b205abe0eb9bdbfcde544cdbbf7255e8af80bcc182a6a3dc5cc4754f	1615483
waveform/c/1864/0/0/0	da8622dd0e011619da4226aee1214eb37e761a3239f0415c1a2bbf975c212dc4	1490819
waveform/c/1865/0/0/0	5a2a0c31429fb06e16fa435a0067625aadce3c9201a4cad3a009bda3a8b2546c	1621026
waveform/c/1866/0/0/0	d615c25064669f86ed0923e7b5058ef4f71455ecead4eb4b3f74a5aa82ca6f7f	1354073
waveform/c/1867/0/0/0	f07ddc0cb4cbb5e82dcf0d862e3a5949dd4bd45665bcfd0961c822eacc8b852a	1626371
waveform/c/1868/0/0/0	f381b94f94415e096acc2b2422df37fe80c1929f8dbd9c6298f76e50a1414ff5	1609556
waveform/c/1869/0/0/0	e494b53006a4f3aaa1b0420b5357d7f0246288fe38ec83da08565bf5290c80ca	1503077
waveform/c/187/0/0/0	13569942997657e01197096a78632885a062946c3842c873e15f96c916ec9b4a	1070118
waveform/c/1870/0/0/0	4710956e0d1f2e508219c094af0189774c2bf0ed6df5ca6753e3c8a203ac7a1d	1481030
waveform/c/1871/0/0/0	2786782552f2e29cfd53b6005adfc705bef1d9eaa5d357db36e26e3b52fb73a9	1354403
waveform/c/1872/0/0/0	fa46f0b9e3d295184500c2e0f559bd4bd1d6d27d895cd698953b64bf57ced1a9	1481917
waveform/c/1873/0/0/0	cd5fc7e94c2b1b68a11c1887b1473c10e80ac071684ebcc3f84fed418fb00bf3	1350542
waveform/c/1874/0/0/0	2e4e0f968fda3ee3a1f3e3f3044066c43895a6919b0b5f48071356d9d78c09d2	1349862
waveform/c/1875/0/0/0	2bb0f3124b6ea2de18518ef61ea0b22565a84d4b66f59769f45dbe785874434b	1453212
waveform/c/1876/0/0/0	60904dc0e4732af2e4f342933f184dda31c085261e35ede136ea0b7baab26c80	1355731
waveform/c/1877/0/0/0	ebb9bf6b9100f33be41148a54b8dee33d6ea45214618575eecd731859460133b	1481529
waveform/c/1878/0/0/0	05ea2b4827a37dedf7bfdcb391db47d7a103dbf9aab4550608e9ae294afa1d1d	1611367
waveform/c/1879/0/0/0	2daad807f4bbf8f75466376df6b131b58e8e426735f361ecdae7155dd81c454f	1484029
waveform/c/188/0/0/0	c2230a4d5a5befc7fc2869d6631034f3b865cbc041005984b962b1ab418501ed	1477930
waveform/c/1880/0/0/0	a514b7515c7849063c8eca5986f08579b98ca4f1edd50cccb94c1a1fd66e34fe	1472143
waveform/c/1881/0/0/0	886f89a9dada054946ca601b0ebee82b4d253d0b903d9bdac44ecca2d5d1729a	669291
waveform/c/1882/0/0/0	a56acd79a751477020dcd60ca22f5c2a991f53cbe20b9c9f9b9122c8b550ac48	1615391
waveform/c/1883/0/0/0	980f3604dc516056da2884cd38a9d15f603149b40c6a0712b54a1a245359c0b5	1626350
waveform/c/1884/0/0/0	72bdaab64c85b04d2c2f1261def8acd04f9307a046d1259233dedd7fa46c04e4	1622036
waveform/c/1885/0/0/0	ac0309da5cd9c5bda9119a3c4f75ef1f4aa1a976e49322ed09c1b781ef023a51	1488321
waveform/c/1886/0/0/0	88b3ed60d2a6138e3af7475c041e8cd17f42de49c13c711cecba8eeda0fe4f56	1628186
waveform/c/1887/0/0/0	500a106891a3ad6638dc996bdfc138cef956fc1298cecbdcaf99786aa51b8537	1474410
waveform/c/1888/0/0/0	cd968e989099693ce3330d295ae3cb39f5faa62b0b28901ba04a70e477a13eb0	1083891
waveform/c/1889/0/0/0	75e8d98d9844c7ccf9e9505d6a4109d5a8a4a4ca8624aaf2c482e600d49bffc2	1343718
waveform/c/189/0/0/0	7ddd53bcd194877cfc34a812b8d23472d7da903c31f8956654819ab046777111	1336492
waveform/c/1890/0/0/0	98cfe6568b86545a819a17d1b64e6121fee38ecdd49fc2d88de48ed5c40ba866	1352940
waveform/c/1891/0/0/0	fe1321f5f7c13ae43243bfb8d2767f812edb81356f6513dab524ad875c6f6593	1348398
waveform/c/1892/0/0/0	ac92b549ac7dc54574e9460a84a75c4083bff70d30bc24e627866539666a27fd	1072241
waveform/c/1893/0/0/0	061113bf482b978b726ad13a9fdb5a47810f13ac32a1529f9e296c8a6cb141f0	1338418
waveform/c/1894/0/0/0	f41a40023bca10be4ee3da799a5738173a975c1703b0a3ec83d8a1f7b7a5e511	1615213
waveform/c/1895/0/0/0	a3a3ca14d7704c18ae0b5c31073a4c8413fdd7ff90914e1fe0078cfb385f912e	1491184
waveform/c/1896/0/0/0	b430ad134031d0bbf11f0d66df9d347596c198a27af521a8b467656de5e56873	1621637
waveform/c/1897/0/0/0	aadaaf0a502a9757626b2a072f212b5d14b7ab55d0ab6ae5445d3251182808c5	1354012
waveform/c/1898/0/0/0	9fc0e7eeacb519e9bda2196908747aa3dd9f57458f3114661c1a8225ae821ece	1626894
waveform/c/1899/0/0/0	3c2f40073dfcce9b1373d3107c2940ea7d3d411cf0806964307ba1e1e680da65	1604288
waveform/c/19/0/0/0	5a4907a2bcb73fa331f678c63773148da086f09f65585db265f64a75749d7b32	802325
waveform/c/190/0/0/0	d57ccf390bc6a5dfd55f270867ee75f709aa19c585c4fec80fa0bd866461fe4e	1205170
waveform/c/1900/0/0/0	bb4ef5acbddba0dc24551ab2cb7aeb1bda871d68ef1d9888c366462b83558084	1223498
waveform/c/1901/0/0/0	48c0a64b3859b1ff11567cdd09b81191999693258eb6d2d339918ddcd44c2423	1211116
waveform/c/1902/0/0/0	ad807b662b9dc799fa10f773f8dfd83ffd8079ed2b35126a6dc06b34b21b3ac8	1080922
waveform/c/1903/0/0/0	0868ba22e0fd8e92d27f90eec87cde2bba2e1431a7f960b004f5bc10364d737c	1211751
waveform/c/1904/0/0/0	15fd2958bb90212b782c48c64b73e0a58a60b7bb39e9b7dd6c6d2569ecde6521	1212433
waveform/c/1905/0/0/0	3abbf36526a2238cd706faccac7608a2c28234996afbbaf84f7966a119a3cb42	1074654
waveform/c/1906/0/0/0	140d979bb7aa95110aa6522a91a43d00dc4597aeef71e6ce96b76ca225e60247	402569
waveform/c/1907/0/0/0	21a9858bd55683e2eeb6d899005d0213f8be80eddd518f8cc6ac11e7ebe97cf8	400781
waveform/c/1908/0/0/0	6aa32b68a3e1e25b9d7d1319eb9f37b64234d817db44a22da8c2a0980dd2f457	1091120
waveform/c/1909/0/0/0	1077637208f6a228f72105213b6bc30b09775bd75d7b563313d05cc72d08b1a0	946693
waveform/c/191/0/0/0	edc9f9b77c66c28ab4e2d153c725eee7e317ff4f4736272efeb5d541120b2056	1208118
waveform/c/1910/0/0/0	38bb83baba6ff9c68ddbca7970a4fa12a31f2eec88d75ae1a562c12f3fc7bf08	1078907
waveform/c/1911/0/0/0	255e485fd980e03667afa055ca0514a3667ea753cc7fb59f8734058e7c3fe8e8	1079610
waveform/c/1912/0/0/0	1db544ab74decab94afd17d748b40979993dbc930f1ee78bdba5239702169c1a	958533
waveform/c/1913/0/0/0	dfaac20e216a982dec12323fafdd831e005dddfb891f25061e23af11bb33f8cb	1081223
waveform/c/1914/0/0/0	ea043acea5922ce5241599395adce21825bd3d3a18c37973540dda91bdadd68e	1215006
waveform/c/1915/0/0/0	09c2cbe3ce39a47bbde4162a0220bf430d548ac93e2674644327732ce62c4bf3	1224095
waveform/c/1916/0/0/0	79b60079f802560d9d9ede94dda9e50474485195e1cc36a3729bfd410db7b8d0	1337688
waveform/c/1917/0/0/0	5bc3f3c9084849d352b9898721fe87e1fdfa9aa9cb5365b14b3d61b105f514f5	1213397
waveform/c/1918/0/0/0	6c2dc36141a0444f1c355f397413d95aae1ae8093ec138220bc095fdfe464e35	1204561
waveform/c/1919/0/0/0	24ce15b92d7c12149e8033d885f41cd4af9ccc51b4024d7864b9afc56580c407	1204867
waveform/c/192/0/0/0	864a32b4fe9a66d7ae09396efab30688298e9703d8282074128b46eb0a8a31f0	671981
waveform/c/1920/0/0/0	cfae4483ed5a0a6d27027b70efa3f1179d9c4eb1f25bafd39f48d8c116ba5fc4	455887
waveform/c/1921/0/0/0	64b4c1a4195341c0ed90db36b8d4afd7456475951a06662725cf1f4b70d31ad3	403821
waveform/c/1922/0/0/0	8265b9909a4072e56f87ee118de2ed6adef3e8a15da173dd9a3f92b57b85f780	406861
waveform/c/1923/0/0/0	393f63d6dff94ad24a0ad8ab6676824adff82459dab77a9904b895700c8e1d51	313800
waveform/c/1924/0/0/0	5d62ab50bfa40d644530891c6640d3e45939dee52c9bb53eba6039fe82f8b21e	544769
waveform/c/193/0/0/0	5e1a7efc714b75c1538b6e08e923dbb70a7ea9b4d16dd20754b4138d80008953	1474347
waveform/c/194/0/0/0	ad2310ed99114d078195a11f8ce7476d257fd278ec7dcf37c2bd504196e96d37	1473476
waveform/c/195/0/0/0	1bfc02e111b49b03dc7dcc3c7b8a4dce144821927199af73f91cc95cf337bd58	1206573
waveform/c/196/0/0/0	ef7c2f00175251a7aa5c812b8e0af059499ae9719684a9be0ea126e5829edf2c	1210544
waveform/c/197/0/0/0	dc0a7aac92715f78bd21af9c09876db802d1a4360c43e9273a75ccbb37e4aa2b	670291
waveform/c/198/0/0/0	fe473a4b6b96346905068ccedaacf37763a1b0f88b7baaf09c2d0d61a708e3de	672045
waveform/c/199/0/0/0	94bf6846783317ea81869afe321d4c1da64ed2e47acadd0034b5b2911a5ed759	1475184
waveform/c/2/0/0/0	04f56c4c57052e901243cdc7c329e5608684661ff3ba9705721c1304fc6ded93	673427
waveform/c/20/0/0/0	b447219985e7b0ee933b5a925b564cfae045efd03a311ca9571f50c533bbbb70	992578
waveform/c/200/0/0/0	09f36472a561eea9e1954f1acd987b9e2735606c337748593772b10a7813fc77	1339113
waveform/c/201/0/0/0	5c9ba19c4585d65a564863aabe7e98223e72cff99dd344751102fd151061fe05	1339145
waveform/c/202/0/0/0	c2d8a56921280c6ca7c864a4577f8ea757092d8d6a37906ab6db8207ff1dbed5	1074916
waveform/c/203/0/0/0	1201104eff8c2f6c9b601db0b838a763582280b3f37109fb6d4bead7df5b1665	1204711
waveform/c/204/0/0/0	e33a5d2e03de7701861661baa0ffd9e3348c5ea7443fff8feb4b395db6521336	1388048
waveform/c/205/0/0/0	008ca4a3b051d66cd966e3ca00689d70c0fca2d391a87716d411e090786804f2	1477583
waveform/c/206/0/0/0	fc12c0175e7f26d30af8bf332bfce3531a1e41b922239266cfc9016aafa294f5	1340035
waveform/c/207/0/0/0	fd6c790eca0888a231709fb79b4049b6cb0bd9dcb6c9366fd424b7c250d33491	1340554
waveform/c/208/0/0/0	d02bf4b4f021cb6407bd1701cd9b33a47f8cf996916588bfa147ee57ebd2d068	1340398
waveform/c/209/0/0/0	7f787f772c1f30660accc682f3dc2fafaf15fc842edfe9d677fa528e436ac322	1074179
waveform/c/21/0/0/0	2da49e64a70bd99572f3da5984a7bb5f78037501cafe9c6a9274d941c683b0bd	1339952
waveform/c/210/0/0/0	3bb839dfb9fcabc45162ab1a2a93056a826ebf7b1749c0c843ebeae93d491e48	537073
waveform/c/211/0/0/0	d876a63e31d74c73675c79e52e44a0ce8ddbb1a6184ec35264e6be05936c3756	806093
waveform/c/212/0/0/0	632c8a18b0ac4fa8654872fef7614d3cdc5d69fa9e5214c0f14db0676d9d3328	401481
waveform/c/213/0/0/0	7430d3ee36c7519a8d4ca7be10ebbe46e284680d4c109a36b9e2382ae2a9eb15	1476476
waveform/c/214/0/0/0	f3a6b690dc6dd56894333f3fc10b93965441eacaef4a6e4da36c75be42cbde64	1301555
waveform/c/215/0/0/0	b69babaaa5b6e255295bd3d7386a98928af1f5abc6060102111042c221049eaa	804820
waveform/c/216/0/0/0	2be9b7e11bfeb701efb9b0821e82fbfc33044f937321ee427f365ca872b34d00	806134
waveform/c/217/0/0/0	cdaa89119f08df2f5397af3169da9dfa644f2503fbb1e6af7a40556e744b452c	1257546
waveform/c/218/0/0/0	ffdfdc258c6194772d29ee46e6615d8781db39c081a5d1ae55340afc5e1841a1	1477528
waveform/c/219/0/0/0	179c36afb5b5646b50e0664acfb3857db7b5694baf588c15973aa5824fff409a	1478441
waveform/c/22/0/0/0	65b1bb034fac86461e0b798c08a9ee05ada75279633c6854917a6969c1a33a4b	803676
waveform/c/220/0/0/0	6539ff372d42d3b83750440d1d6bd8ed3eadf7094c150bda36a047b2a6f9ab57	1207774
waveform/c/221/0/0/0	2114084f23753a44d5b6c7156590fe229c399321fd2908326d12fe58b1c8dbc9	1206140
waveform/c/222/0/0/0	a021fe589db2cdffd6929ccef9ffcc3fb28d9e2c4633afbdf42498d0e7f09835	1608333
waveform/c/223/0/0/0	15b914b82867b643a001bde5fb2a2d7973693c68319c8d2a19ad701ac0a839b4	1476759
waveform/c/224/0/0/0	20a2ef9448d28ab44374613b5c253017b17c72f4a064bc9c748e51f01dfbfc1d	1203539
waveform/c/225/0/0/0	041b3f38ef9e5d92b7363d3a338ffd8f1a23380f321408434e3a11b7f9fae613	1337766
waveform/c/226/0/0/0	d02e1882baea4c33a8ced9d4f7a9c5f6a6087458a30e6873268f326668970276	1476332
waveform/c/227/0/0/0	a5b1302731a7b82b0940019579253b5b21c853f868b7342814718f89f4359f40	1203205
waveform/c/228/0/0/0	53e1942a678a366080436bebe3e26d5ca8d20109a41bd57dc435ed8e4df67ea2	1337189
waveform/c/229/0/0/0	0c94f59a27e496f3ba30d1969f3dac115b70d5841aac497e73c9e154ee3e1b32	1072333
waveform/c/23/0/0/0	40cef6d47db2633c62c58bd53efe7b700f19988acd8f1f041aa0efda7704a8ef	803892
waveform/c/230/0/0/0	33bb984eedb7510cfc326c5beb811bd0f7a6565810163f6e9c7a2ba43cc3269c	1471746
waveform/c/231/0/0/0	78f2aa422f98ac1cca335b8b55489ec9f7578e4b4bd61afeaa958b1a262781ed	1339349
waveform/c/232/0/0/0	36b0cf3313da6b86ad964c33b21ae07e2faf83e3d3ef4423b8f30142481c321e	668386
waveform/c/233/0/0/0	8c8cd28d0eb46d481cc93496079f843f17de597fb312578e487a8d395c172b02	1474228
waveform/c/234/0/0/0	7fd0b3e22744b139a2ab7f17aa6155e89328a160255d6216eb0d1c9702603f3f	1473320
waveform/c/235/0/0/0	e88f43d08095a304f7af8c89be12e5d13a58b5b93bf27d275414a24355b8f97d	669271
waveform/c/236/0/0/0	7080e4c027f6e0080b43377bea45dd9def650cf5fc84bb3ad4ca72c0bd5de67d	668903
waveform/c/237/0/0/0	82fd617e65b0def0a9556f6de417308bd6cd6545383939965bfae5c34b0aee4d	1471705
waveform/c/238/0/0/0	504a8c295ee965b29b52549a306c6facb841217c0a93eb7efdeae9cfba43dcc5	1343105
waveform/c/239/0/0/0	03658d9537b9fddd8bbd856ab8977f70c8a7c47ab9face1dc9ed537ed813257a	1340477
waveform/c/24/0/0/0	42fd4f2fdc764392525a0a88885f7c7bfa2bcb362206d249c78625d0249ebe4f	447775
waveform/c/240/0/0/0	c8461ec334506cc3d8ade7db976d3dc222d06f9944f6e9cf09ed1ae0cbcb117b	1475132
waveform/c/241/0/0/0	8ce7d116e1dcd2b3d3d23ff54275da45199df60938738187819a1e7028785295	1430091
waveform/c/242/0/0/0	daecd9bbb20fa471743e261a12a1361fbbda51e921574a8fa4aee5abd0800d30	1299161
waveform/c/243/0/0/0	5703c48945efc8de4ca2db96055032edcba691e88a789d646157bb329aafe16e	894932
waveform/c/244/0/0/0	af308df31c2784a8ae27652d7f8eedbf5b0a849508a4cd4a903d5d00bf3caeb6	1609448
waveform/c/245/0/0/0	e1b95ec7c2bcad9197bf0171a5afa08b8c868e3ac163cff4e5556b00be8965c7	1610477
waveform/c/246/0/0/0	26cfb71d79e2d62e2099c781bd92b29ada6ebdf882e052f8d152342d353d5545	1428429
waveform/c/247/0/0/0	5369bcbb584ea4040610c4267904d138e79e2ac0ab6f3fcf4b39a2b776b93490	1207417
waveform/c/248/0/0/0	87eee5c3063550897ea10286e7e848de6cc6b246aeaed07bff315abc72ec3c1a	1205220
waveform/c/249/0/0/0	b4642ffbc34e29f36fee6ebd01ac807846abee54b243a1966b6f25eaf63d65f7	1203643
waveform/c/25/0/0/0	fa678772a1f95944ee99ce25043014a61ccfe6a015649185a4f5f7d064431e84	536170
waveform/c/250/0/0/0	87fa4c134b72604692e79c459e843fca7bb05532aa943bd52d9924b6d82340e4	1336845
waveform/c/251/0/0/0	43cd263ce2121d30a483587e85d250ee1b787554c9e7886e53dc5c90acf355c5	1204828
waveform/c/252/0/0/0	19767ba3f4effb0cd35dc5974c3844c99fa39533afa59dd5654c402181ee01a5	403513
waveform/c/253/0/0/0	d006c130cda9a8b476337b840520f6e66867a6ae651dccb72cd76eecc51bd646	401926
waveform/c/254/0/0/0	fa0cd5c6fa327a161997f731daf9a47a59f5cfad27f6e058ae820f61579b8857	1473415
waveform/c/255/0/0/0	faa444849d8c1c5bdb2fbd3aaa34b1c92b524cfe00cbb09b2a1c1950c5f85ab5	403144
waveform/c/256/0/0/0	8b0b3dc30d4513742af18e67f733ab01f0a54982a03a7e98f90ad3211de78517	1341709
waveform/c/257/0/0/0	6a794190791700032b36351649113110c54cf416eee91fa6015aaf7b631e954c	1619451
waveform/c/258/0/0/0	cdd2617c5a4b0ae649535211512d3ad27ea2e7fa5ba8974e7db620563f44a87e	402831
waveform/c/259/0/0/0	b0bbf2da4ebdb003b23d4dd0dafd52870183fb405edc2afb8fffe1ac0996e369	1604843
waveform/c/26/0/0/0	80c7fc34993216e368c2497b0088e14961c387aa6411f6bc397bda69d9754f3b	1072761
waveform/c/260/0/0/0	3ba8d9036ee9ef2636cd782fd48e838abb9c2e9218675f84a4687334e95bc317	1605727
waveform/c/261/0/0/0	ef6abfe69f620bbcee2eb4bf679f1f90c3196e4df9b279e7cc532dcf8304938d	1604876
waveform/c/262/0/0/0	a806a236819b05f1083d3da99686dfe652b8e0497dff8e449a243eea47ca2782	1300624
waveform/c/263/0/0/0	9d2099562ce20770ff1d1febed9ef1941cb27592f962c6dff794bced13820b50	1161586
waveform/c/264/0/0/0	64cc9d748176638aecff4b8fd8251bd958f6521a49010a9081538e4d73e3054c	536622
waveform/c/265/0/0/0	f303a9cb6ef99a6b0625dc7a1d4c18da4796efb263eab7efe1ac134bf11abfef	1614751
waveform/c/266/0/0/0	ee3ce9456a49f16b02b1adebe74b117d36bf8a0b8b576a484eeb2a416a278502	1344876
waveform/c/267/0/0/0	50d2b357d38e21771e1c5840819fbc8d3dc7bd6a5bed1ee5cea515e44abbb641	1071440
waveform/c/268/0/0/0	0bc98c9954d25bf736ca50e43d26248c533d6e27c48f317138c803ed1152b17c	941892
waveform/c/269/0/0/0	306555b04dea225fd75043e5bf05efcf9d6d5db29702cc4ed152410fd37e2360	1474730
waveform/c/27/0/0/0	69ab4d5f9ab7db76e2c8036eab9c69e6aebbe4c75e70ef6775c519ea7f15a528	802459
waveform/c/270/0/0/0	90fcefa203902bd5c2cf4b60745662d3e1526326e888beb028e256ea6e084a27	1474571
waveform/c/271/0/0/0	86d32ae04a6dd25623301969ad4d753071edc05648e6c0e84a45a5967e52a93b	1477746
waveform/c/272/0/0/0	1f49c001054a474ee2262e848bf0f1de9268da7cac7790ec9e00644abbb1bd0c	1610518
waveform/c/273/0/0/0	9121cdc49d9aff9f73a69fa34643c65b3ca06681edb79fe530319556d989db90	1213497
waveform/c/274/0/0/0	c2b7f7d2ad3cb8029901ff003a0309986a56977bd7e2c3475aec7d166c056bf5	1605997
waveform/c/275/0/0/0	ea495841d2e0a5c13e37aac168202e1f0cc5abb159b05102da9f9584c0e8410b	668192
waveform/c/276/0/0/0	10d24c767d9afc47c01d72b8f1a5b7b88ccf5cdceb86af770224c6e639c928b7	936563
waveform/c/277/0/0/0	f6dad7c347bb062c80cd5ef94a05653cb0e61f5d62ddf5adf0373ae124a32119	936206
waveform/c/278/0/0/0	632fa6818754e65a06811c6e14590579741e02d1a8921e64b3dfc09b8d2de2a0	1209211
waveform/c/279/0/0/0	76e45a770d3962a3d216fbb2a0f8a628dbe8518cd02d3da8f3a0b69fce92cda6	1341721
waveform/c/28/0/0/0	4c9bbc41b4e95b30fd3f21a1d7ce7cf9f938dea8166bd24e53c5256ec8b02a83	672030
waveform/c/280/0/0/0	f85a8820aefc2e26737e2302cc8003a8ccb02e48ace635a81f2e5090d16bbbcc	807688
waveform/c/281/0/0/0	b550330d83ae5696090c2130e16dcfdbca79cba104e2896ea7f13f042b4c0a42	1606979
waveform/c/282/0/0/0	945015d99d15266763b20d77f62e66cb0e2e3a1ce674890c6108b6f61878aa29	1073650
waveform/c/283/0/0/0	f674ea85f9e27fe7ee2d52909504536aed695ea9925f9582b9209998e309526a	1342559
waveform/c/284/0/0/0	61bd70ec22aa34921bfc57a3da2fd76b3e9be8ea1b27eaa9c69b511c569daced	1205128
waveform/c/285/0/0/0	9514f145c607efdd5933e4a63e93806167b51d32e65e3d057a9d9cfc69771d2e	1341208
waveform/c/286/0/0/0	e23d468bfaee2a7a3b7f743a442f83c1c322feea225ea8d534cee5b11dfc5ce3	1607273
waveform/c/287/0/0/0	47451b0c240b4393d0e9b400010dc427353a69767abf95491968879b718730c4	1346388
waveform/c/288/0/0/0	671602bbc8ec10ad3058f17c5356168b3e68b75e68148a13fa00fb90ee512f9d	1478633
waveform/c/289/0/0/0	131bb8abdae766784142187220d01a4d4cba8ddbc4e05d3afdbe98b4ebaa38b0	670521
waveform/c/29/0/0/0	c5935a82fb76f2fc1fad2db24e03884941da728c699c12fa7abb242adc4ac1db	676347
waveform/c/290/0/0/0	3bc9c19062b0bd3105897ff796c49b84aa6e0a788a97f057d8344e52b9d9197b	1473921
waveform/c/291/0/0/0	78b33fec083e691796a1a90366710f6e0c00f69526f09749eeb7cd5919061ac6	1338954
waveform/c/292/0/0/0	84e53c1b17c0d812661f17120345d5ec9850c3b3e1cb9554a2d0110cd47fe374	1606293
waveform/c/293/0/0/0	894702c6684f4ba70e93ddefa0abcb59424a27578e848cebf50a6394b30ff96a	1074053
waveform/c/294/0/0/0	e582f8973dd6fbb58d96fbdae7292eea2b97cc92acb5d165cc051d27b28133b4	400705
waveform/c/295/0/0/0	350a90825c94a0e4108683cf680f008a211a0668f7ecb0e6040ed1de7d52eda2	1080275
waveform/c/296/0/0/0	a2058742de4602ee963d9f082b1f4347fb630abe1d45323a273c62c1f930ba2e	1205127
waveform/c/297/0/0/0	b66266b8baf48c87e7dc0e03bfe64746f2d99dc849a878337117d543575a8c96	388005
waveform/c/298/0/0/0	250ed665791bd5f8f8cba949519111eb7038127274060d775e4ee1a0eaa87755	648883
waveform/c/299/0/0/0	188f8a7cb612878d6148db05da06803f127e8386d814632ec061f9fb569bcff6	629726
waveform/c/3/0/0/0	457516224cd3bf5c89dc0456a05762295ae8ab100659a1107a440ad88a435682	938665
waveform/c/30/0/0/0	9780da8be9e71a953bbea7bb5460a950c0c39fe848e447985b84e27247e81008	1227594
waveform/c/300/0/0/0	021cf8bd5fcd9365081502c35d8c1b048f71490d4585f0a06ea18f85f25fc7d6	632231
waveform/c/301/0/0/0	b66266b8baf48c87e7dc0e03bfe64746f2d99dc849a878337117d543575a8c96	388005
waveform/c/302/0/0/0	250ed665791bd5f8f8cba949519111eb7038127274060d775e4ee1a0eaa87755	648883
waveform/c/303/0/0/0	188f8a7cb612878d6148db05da06803f127e8386d814632ec061f9fb569bcff6	629726
waveform/c/304/0/0/0	021cf8bd5fcd9365081502c35d8c1b048f71490d4585f0a06ea18f85f25fc7d6	632231
waveform/c/305/0/0/0	eea9c901e64c78bb0553b38c938b7d7655ae2f8246682ab85f8e499ec5089a09	541944
waveform/c/306/0/0/0	41ffab88608b18ea0b5e77b917df47840d6331ed18f3a80ba7946239b049c4e2	538688
waveform/c/307/0/0/0	a78639bafa09bb4bf37da0d78f5462eb87efed4be8331fb0b2341b67422ee0e0	543759
waveform/c/308/0/0/0	403c3154a9d2e4d6bdd1ed149dbe2b4b3033844941e0991ff55c558c98fffe12	404497
waveform/c/309/0/0/0	0e31501ddcedcd8e37424157ca3478bd606e979e1b83f0717eb5d2612991f7ec	397655
waveform/c/31/0/0/0	eafe1cb5d62fe594a2fbd57855b3a03834fbdbdc9c9a141f71505d9396941f27	668556
waveform/c/310/0/0/0	6ad3cf8c90c4aea4c5d34a8cdb07171710bbaf8ae1f41a25d6d8a62936919c2f	409474
waveform/c/311/0/0/0	ff46415b126c4421a770a1fc0fd99babbf5917dca09f2e7243308b4329d1d8c0	1074665
waveform/c/312/0/0/0	0df444de8d66f65cfbbc76a557805eb1881d4e5a05440847c4c0b821b8122479	1074950
waveform/c/313/0/0/0	5ddace0d3ceec3af21cec58c918e2a0b3adccc86d2e4cd5266a2988b06d2d341	936724
waveform/c/314/0/0/0	f6d6478288e915ea41ee5c2b7046f9b180900d10d0baa1fcdc313eeddf114202	1085993
waveform/c/315/0/0/0	997b6e3ea6bd92a4767974ddc6adea9200d220a09216c1df80d3de5b884aa3bb	1070807
waveform/c/316/0/0/0	ec9b16283958de9858fefe6d644ed9708e1ce205b59b590e0a993145c8da2d7c	1165565
waveform/c/317/0/0/0	164f0ef2e0d95e9fa4f9d48157127110710efb1dc9a79d62b5a606e934ce180e	896107
waveform/c/318/0/0/0	1cfeb4bbab40cd8b7dd037694129746650b5372093efc3d8c408c0aa2d1a8e99	1034321
waveform/c/319/0/0/0	d2dcdb289a904223fd544c6824769a098fed47cb32b94f300d10e8de1e629028	1214104
waveform/c/32/0/0/0	113a3e6965515551146d29f5f32d21583d9173e34fbe8ae1559f8c86eb588912	668360
waveform/c/320/0/0/0	7f914d7b734c60525522dbfb6b902c7cf0bb9d0b907dcdce6349888d9415b082	1211164
waveform/c/321/0/0/0	e626fad31b2cb2965608d128a9bd97b9bd34c8eb23f75a38d1f9baae808da717	805423
waveform/c/322/0/0/0	cb9ba0e9eb37b78d790fb3e02c5609d5f8f26ad96a152338d2732d0a5a137e04	670683
waveform/c/323/0/0/0	2f611e6c7bad2e5a576fe54a848a38f7f2c08fa2542ec684ee2765d1e6951bbf	673405
waveform/c/324/0/0/0	7d5247f7a063b69ddb30cfd54d735b566774b011d7a89c6dc98aa7ff104bc39d	673141
waveform/c/325/0/0/0	9cdee4077fc0690fec8b02228c61a13a7f1db006389320cb01be013fa57d53a3	402861
waveform/c/326/0/0/0	dcbe2e35c828c008ab49cfe67439c435887c9ca47fc2c8f296ff8d8c0ce44b43	403653
waveform/c/327/0/0/0	edb579874333a35c7cb56a7c922a96080975f7bac2d6d6c707e689ac5fcae18c	940575
waveform/c/328/0/0/0	b35f409930dfde87c0e6b6db82322c00861559986e8758e0c22ba07df38f2480	807472
waveform/c/329/0/0/0	41fc3ff89ae747e05014b2adf8c0c8049208316479c49c75873e3421ec6fe501	809458
waveform/c/33/0/0/0	e87f7eb6ad3a808046648502c7b93ca051fb860f17a87e4419b3573f863deace	534315
waveform/c/330/0/0/0	fc1eefa6af6b1019f94d92f3fe540de57027ed03ed51a748de20ac3ece2e141b	805011
waveform/c/331/0/0/0	4b0157de977a5ad578596c6a31914cf442a3fce9f010b9e9393aff4e5be0bf3a	808839
waveform/c/332/0/0/0	13aa35dcc1f9d2972d25383f923aa1cd1fc40a504e1d817f4e10a61168baad89	806655
waveform/c/333/0/0/0	19e1106528faae77d380ff1bfd8d0650cd56e6566873f5b5efd850f17f752788	535002
waveform/c/334/0/0/0	8bae2c0b99ac0dfeccaf5a6c6f3dd0dcdd536632c410e1981242f8aeb2dcba26	805067
waveform/c/335/0/0/0	85b626cdb6c3352b39d3b35c1ff957cc28be2a258ceb417960a3a2b7e5a819d5	669623
waveform/c/336/0/0/0	6dc2963812daf06c574e6b06d10661a063e3c4d574139bb2bce270a36f16f131	943275
waveform/c/337/0/0/0	4a040626ef7dc19c2a447047f14392e41d6de652850f9c8f8561b12bb9bae690	943627
waveform/c/338/0/0/0	b1bbfd560de29d26be46d35e832f0bfac195ff8bf48b4c406995375b99e2b952	804003
waveform/c/339/0/0/0	b313e24eace2d9c785ea224b6d6fa2d2fac09e27dad1f35a569dc16bd8da83ba	669324
waveform/c/34/0/0/0	3e672650837758bc7505919e57d36a3ff10efcf11d33c8464edb348830b2d7b4	1207777
waveform/c/340/0/0/0	6dc2963812daf06c574e6b06d10661a063e3c4d574139bb2bce270a36f16f131	943275
waveform/c/341/0/0/0	801d773862df625ec4ed5dc577a322ec8b19cb451f1555f27a2cb1a2eb7878e4	1077729
waveform/c/342/0/0/0	4a040626ef7dc19c2a447047f14392e41d6de652850f9c8f8561b12bb9bae690	943627
waveform/c/343/0/0/0	e1204697f6097ab1d6840513b3bff5e23fa4708ee23cbb3502b4b0cea6ebf861	668714
waveform/c/344/0/0/0	6fb9fd35fc2c5440f2c6c7a3e3953867508835e0a36bfb0072ab00c54260d161	539603
waveform/c/345/0/0/0	ef2de60c0c3eee1e7a1394ff52d7d3f47582f1936ac5877c937703321312fc2c	1212556
waveform/c/346/0/0/0	73b868c648eaec91b1437b449e0ff830b5fdace8eb88ffc58b35525b2e5f3cb3	950521
waveform/c/347/0/0/0	6031e2ce7ee0ef451a64ac210adb71cc2c9ab50230be7339b31e5f2447c4d83c	1210277
waveform/c/348/0/0/0	8d00d630f40e3be4ebed107ee94945cbd152e7f7bb9c18bb0d4ce0a332c66075	944302
waveform/c/349/0/0/0	13819d6eb7d2a61400346420c70f3d74fa8de3b056154c3c3c87e76cc24e76a3	404920
waveform/c/35/0/0/0	f4b8f605f39b4e2ff4d825ae103c734a385484c69ba39cb0022749864c998e9c	1208044
waveform/c/350/0/0/0	5c1c0daa4087d2ee62c5298a08756e5c11cd8735b1b6e6a17d08096e31244f5c	1213359
waveform/c/351/0/0/0	b961dcb87749aa2705d8b6e69c0508879fb650f2d1aa64d7e1accf1ac9b175e3	949472
waveform/c/352/0/0/0	67613442da451e79bff67e51b819ee94f68345a4c1089a97b657922bceaef9d1	1210143
waveform/c/353/0/0/0	2c79bca52830d232f6c074231e18965ec9848a1fbf386a2c632699ccddb42d93	536622
waveform/c/354/0/0/0	23fce947b15871dd12c1919d66a0bc32b58278b2aa2e26f652b61d254391d566	1208444
waveform/c/355/0/0/0	973e220afed4458aa173a2c72e87ee7b101684c7f396b46ffad71832d2c58c2d	538342
waveform/c/356/0/0/0	20bc25b60afc3ff57f4a689017bce8354ddb5bcbd35047c921d6bea27873e39a	1482218
waveform/c/357/0/0/0	8d53fdbf008a6ce52eabc69e87e50b19182e35908a1724977c09f3ee94eb06d3	674207
waveform/c/358/0/0/0	8798fac26605d9a064bf7746df9905d1d6012e6fc48b813cf37209d9a144e570	805506
waveform/c/359/0/0/0	dd3293c47b9e5cd47942fd0d216265876081fb16d66f9b4e4acbfc3f7f7396e4	718078
waveform/c/36/0/0/0	fa37c735385d6aa5ddb83eb6d00117d267c2e8319f9aa376ae845017d1ec28d7	1210622
waveform/c/360/0/0/0	23b418bcd8f8eac127b6c31d58a817015c7d005e2db4083fa5ea2b9c8d0817d7	1221543
waveform/c/361/0/0/0	e319bb11d24345964a470e1dcf523e5f85e89af1b9099bb2cfa9221ab8f32a1c	1474122
waveform/c/362/0/0/0	20bc25b60afc3ff57f4a689017bce8354ddb5bcbd35047c921d6bea27873e39a	1482218
waveform/c/363/0/0/0	8d53fdbf008a6ce52eabc69e87e50b19182e35908a1724977c09f3ee94eb06d3	674207
waveform/c/364/0/0/0	8798fac26605d9a064bf7746df9905d1d6012e6fc48b813cf37209d9a144e570	805506
waveform/c/365/0/0/0	dd3293c47b9e5cd47942fd0d216265876081fb16d66f9b4e4acbfc3f7f7396e4	718078
waveform/c/366/0/0/0	23b418bcd8f8eac127b6c31d58a817015c7d005e2db4083fa5ea2b9c8d0817d7	1221543
waveform/c/367/0/0/0	c0675c039ed55eac6cf358a080c2a07b1f8195007d3e06ca279a31207b185a0e	1205996
waveform/c/368/0/0/0	20bc25b60afc3ff57f4a689017bce8354ddb5bcbd35047c921d6bea27873e39a	1482218
waveform/c/369/0/0/0	8d53fdbf008a6ce52eabc69e87e50b19182e35908a1724977c09f3ee94eb06d3	674207
waveform/c/37/0/0/0	d7465bd31a2c29c16753bddf2c8a6be8f2ab42c2d338700989c15961ffe1bbd9	1207832
waveform/c/370/0/0/0	8798fac26605d9a064bf7746df9905d1d6012e6fc48b813cf37209d9a144e570	805506
waveform/c/371/0/0/0	dd3293c47b9e5cd47942fd0d216265876081fb16d66f9b4e4acbfc3f7f7396e4	718078
waveform/c/372/0/0/0	23b418bcd8f8eac127b6c31d58a817015c7d005e2db4083fa5ea2b9c8d0817d7	1221543
waveform/c/373/0/0/0	b241de7207135652b9f9d9166e06150f46314feafca12a9c290e17e6b067f9ed	1208558
waveform/c/374/0/0/0	20bc25b60afc3ff57f4a689017bce8354ddb5bcbd35047c921d6bea27873e39a	1482218
waveform/c/375/0/0/0	8d53fdbf008a6ce52eabc69e87e50b19182e35908a1724977c09f3ee94eb06d3	674207
waveform/c/376/0/0/0	8798fac26605d9a064bf7746df9905d1d6012e6fc48b813cf37209d9a144e570	805506
waveform/c/377/0/0/0	dd3293c47b9e5cd47942fd0d216265876081fb16d66f9b4e4acbfc3f7f7396e4	718078
waveform/c/378/0/0/0	23b418bcd8f8eac127b6c31d58a817015c7d005e2db4083fa5ea2b9c8d0817d7	1221543
waveform/c/379/0/0/0	f9b79fd50295296c6caec3dec1aad16d297724186a7b728fbe7c096ef6e94758	1207393
waveform/c/38/0/0/0	b9234e0d7c7153270c20a48821c347061eb1f9549b8ba9decc4307a6319cccd4	942602
waveform/c/380/0/0/0	20bc25b60afc3ff57f4a689017bce8354ddb5bcbd35047c921d6bea27873e39a	1482218
waveform/c/381/0/0/0	8d53fdbf008a6ce52eabc69e87e50b19182e35908a1724977c09f3ee94eb06d3	674207
waveform/c/382/0/0/0	8798fac26605d9a064bf7746df9905d1d6012e6fc48b813cf37209d9a144e570	805506
waveform/c/383/0/0/0	dd3293c47b9e5cd47942fd0d216265876081fb16d66f9b4e4acbfc3f7f7396e4	718078
waveform/c/384/0/0/0	23b418bcd8f8eac127b6c31d58a817015c7d005e2db4083fa5ea2b9c8d0817d7	1221543
waveform/c/385/0/0/0	65532348e5555c1f5cb0758b49474ff3f502691b5d9a7a0bb7e82c1970b0e328	1207323
waveform/c/386/0/0/0	20bc25b60afc3ff57f4a689017bce8354ddb5bcbd35047c921d6bea27873e39a	1482218
waveform/c/387/0/0/0	8d53fdbf008a6ce52eabc69e87e50b19182e35908a1724977c09f3ee94eb06d3	674207
waveform/c/388/0/0/0	8798fac26605d9a064bf7746df9905d1d6012e6fc48b813cf37209d9a144e570	805506
waveform/c/389/0/0/0	dd3293c47b9e5cd47942fd0d216265876081fb16d66f9b4e4acbfc3f7f7396e4	718078
waveform/c/39/0/0/0	c7e355f4d2929600dcebd5cbf5f9f9c5fae9551900aa8652ff14e085badd5ced	1074478
waveform/c/390/0/0/0	23b418bcd8f8eac127b6c31d58a817015c7d005e2db4083fa5ea2b9c8d0817d7	1221543
waveform/c/391/0/0/0	4674801154f7228ad255b949a2eb0f0daa5a4c36d7663ae5709c7cbcec0f603b	1207767
waveform/c/392/0/0/0	20bc25b60afc3ff57f4a689017bce8354ddb5bcbd35047c921d6bea27873e39a	1482218
waveform/c/393/0/0/0	8d53fdbf008a6ce52eabc69e87e50b19182e35908a1724977c09f3ee94eb06d3	674207
waveform/c/394/0/0/0	8798fac26605d9a064bf7746df9905d1d6012e6fc48b813cf37209d9a144e570	805506
waveform/c/395/0/0/0	dd3293c47b9e5cd47942fd0d216265876081fb16d66f9b4e4acbfc3f7f7396e4	718078
waveform/c/396/0/0/0	23b418bcd8f8eac127b6c31d58a817015c7d005e2db4083fa5ea2b9c8d0817d7	1221543
waveform/c/397/0/0/0	c12d5e5b4d00a13cac29028a02e34027f50cdd25d5afb91a753b0f7286b324b3	1207587
waveform/c/398/0/0/0	20bc25b60afc3ff57f4a689017bce8354ddb5bcbd35047c921d6bea27873e39a	1482218
waveform/c/399/0/0/0	8d53fdbf008a6ce52eabc69e87e50b19182e35908a1724977c09f3ee94eb06d3	674207
waveform/c/4/0/0/0	c217a345d7c73bac686e7d92dfc9d2e97ed8d028212a689ddc6aa9b4a75336cd	807834
waveform/c/40/0/0/0	1da71e107754bbae7f0833ddb7aa243247d2baa93d3594aa7a5db4edcbf4f612	1073348
waveform/c/400/0/0/0	8798fac26605d9a064bf7746df9905d1d6012e6fc48b813cf37209d9a144e570	805506
waveform/c/401/0/0/0	dd3293c47b9e5cd47942fd0d216265876081fb16d66f9b4e4acbfc3f7f7396e4	718078
waveform/c/402/0/0/0	23b418bcd8f8eac127b6c31d58a817015c7d005e2db4083fa5ea2b9c8d0817d7	1221543
waveform/c/403/0/0/0	3b6489583b634d160cc7a81f6729322eac00be37bd401f7bb1b75554a326d55d	1208284
waveform/c/404/0/0/0	7a41ef7716b3178ca9ff2d9f44f9a6872342bd2c0f938ee6d4d9e22d72023d44	544419
waveform/c/405/0/0/0	e52e7d3189c1bedc44e236fda6c6625e01ea2ec76e907eb5e69c33bd9b35550a	535799
waveform/c/406/0/0/0	3c939342581f4534f1468e9e2ca9522b4cf638a52288b4af526b8d462bc234f3	403491
waveform/c/407/0/0/0	7050fe15b3578f409ed798dfc287d5a6fafed8b1b797b9c4d8e46c5fd0965ef9	814983
waveform/c/408/0/0/0	47a8cb95e7d59888c6b01183e27ff325cf7a0fbc802f5ebd129bd72d42bb9153	537762
waveform/c/409/0/0/0	31e008415558f97c5794328ae1e7e72b55dc45b35f9a50bf5945f9e205ec2df8	803353
waveform/c/41/0/0/0	2c765dab5db67cd29caa9e779461fa89cadc0ad1f2c0fed251a4032158e2933e	1473830
waveform/c/410/0/0/0	ea07f862a296a58dbf2689a49f7b6fecab3a3ebf6b1139868026cea1b080d9c9	804430
waveform/c/411/0/0/0	9e26f4e54c627f7d687778dacebfdc1ac302d655c9aa301089ce3bf3f968ec1b	631077
waveform/c/412/0/0/0	ea93e035b58f2bf1baa5a437a935d3abb498c1054aea593a7afa0e1547b177a2	803604
waveform/c/413/0/0/0	d24b4b28e191dc45efe42facc09a6e28b8cbc0c9aeab592f98bd9c8d1679fbbc	941247
waveform/c/414/0/0/0	7c4124e5613a9a23b44980e3c7fa74709ed89234890c380edae8344feb82b5ce	1079206
waveform/c/415/0/0/0	107528ff50d64092129bc53135ba5b4ec6b22682c9100cb1d68251cbe4409a63	1083153
waveform/c/416/0/0/0	d263b7d69b0a825eaf00d2533ae43f7fec05a0fc78a8b5fa6c10335b8b9cf090	542585
waveform/c/417/0/0/0	af5d05bd3ee362d79393c893395405ae390615c034713e5b0e1b1fcdd4aa909b	813430
waveform/c/418/0/0/0	350f331f7a34f750b72a86f9b91eb63b237a146b96f4288ab253bef976f7a523	988178
waveform/c/419/0/0/0	edda71d8731e86bf9b878c9fca8dbf510b300bda3712bb118e15f5a84b65d920	539089
waveform/c/42/0/0/0	b96711a5f54c2b47703e7a05348c94ea643c0c160455bbaf2c30e24db5cd65e4	535057
waveform/c/420/0/0/0	97c26773d9211a203b43784a4058a4bb4fd282622ea8899594b5f7232b5c3b16	1358081
waveform/c/421/0/0/0	aa64dd4eca375efdcf492627c9397b91b932d072db8a3257d6f2d9157d940397	541493
waveform/c/422/0/0/0	af369cebeaa4dec6caaaf7299a1ad0ba3d6c6d9904c7d53b836ad7d6ddcd496a	541684
waveform/c/423/0/0/0	2e393fc700e21d146cc917500e31cda3a2fd5609386ac5be49666a1d833b7490	1477939
waveform/c/424/0/0/0	a9a040d8300c6f7ecc1e52970850418cf9f8f1642a52558b8862309d4079b4b0	1340602
waveform/c/425/0/0/0	a1b89bc794245e2af371746e8c9d33cb53ac2c21a59ca2584c13f7dfeafbd7a5	811446
waveform/c/426/0/0/0	c0b521282f6fcb1524df820fd1afe60f166525aec55416ffcb217806ccfd1bb2	671439
waveform/c/427/0/0/0	6e0ae53f63aa168e3766be1a3fce65f407bb8de5186a6526085f8a9ea49ea0cf	535578
waveform/c/428/0/0/0	2d8e3ac3c730f6e015062cb15421b3001ebc721d9f5b6d62fa45737876181909	536628
waveform/c/429/0/0/0	c8947f9a57fe26bfcf3f012006939bf081253936185a15fa5e56ae22867a0ac5	817336
waveform/c/43/0/0/0	8d38f9dc5a3d094edb45bf859ff5391ecdefcbace56625c7accfc0c3069f56a3	533808
waveform/c/430/0/0/0	ddd8cf62768c75e76f466d28a0c7be0d8cc9fcc3c3b301bf320e98227f02feac	669226
waveform/c/431/0/0/0	a1b89bc794245e2af371746e8c9d33cb53ac2c21a59ca2584c13f7dfeafbd7a5	811446
waveform/c/432/0/0/0	c0b521282f6fcb1524df820fd1afe60f166525aec55416ffcb217806ccfd1bb2	671439
waveform/c/433/0/0/0	6e0ae53f63aa168e3766be1a3fce65f407bb8de5186a6526085f8a9ea49ea0cf	535578
waveform/c/434/0/0/0	2d8e3ac3c730f6e015062cb15421b3001ebc721d9f5b6d62fa45737876181909	536628
waveform/c/435/0/0/0	c8947f9a57fe26bfcf3f012006939bf081253936185a15fa5e56ae22867a0ac5	817336
waveform/c/436/0/0/0	aeb13b14bebc065314f76c4a69d026de356384b4c94659ea52ba6bbb8f9f0be3	669405
waveform/c/437/0/0/0	4bcf391b53a8df26b9d579ecf3797ab4336c6f30a846b8431760fc4d2a30bf5f	317010
waveform/c/438/0/0/0	d5d929d642a953f9871ecf2260b5c00aebe7b598c2987392bb31bdfce1de2611	588529
waveform/c/439/0/0/0	d740d6977e8b16a6dc175a46eb2c69f3c39103924c5d39fde3c093ea86c6ff85	447251
waveform/c/44/0/0/0	987380a552e4c87f97b1f379fb72221110266cd7ee3a6aa9c7e5b08370673422	534078
waveform/c/440/0/0/0	a1b89bc794245e2af371746e8c9d33cb53ac2c21a59ca2584c13f7dfeafbd7a5	811446
waveform/c/441/0/0/0	c0b521282f6fcb1524df820fd1afe60f166525aec55416ffcb217806ccfd1bb2	671439
waveform/c/442/0/0/0	6e0ae53f63aa168e3766be1a3fce65f407bb8de5186a6526085f8a9ea49ea0cf	535578
waveform/c/443/0/0/0	2d8e3ac3c730f6e015062cb15421b3001ebc721d9f5b6d62fa45737876181909	536628
waveform/c/444/0/0/0	c8947f9a57fe26bfcf3f012006939bf081253936185a15fa5e56ae22867a0ac5	817336
waveform/c/445/0/0/0	b31dbe6d6ef5b89271b46dfb0c996275f655d2a1316f2f2d7601ced25aedf394	537915
waveform/c/446/0/0/0	be983c9f204553a2ee1dc3fda3e62efc14a97ef421d59dcbdb21474c7bd0d915	680212
waveform/c/447/0/0/0	47c9bd257c4feadee99f364b5180465560b2b51d697d9092a3bbab17979d2de9	405657
waveform/c/448/0/0/0	1996b954c233921afd4aad88bf83c89566f2691e49d9611a891f6c6d549a4bf3	1580608
waveform/c/449/0/0/0	4fce443e94e3d3117b4b82a4f1bd6ee429c27bc65e3af8d5583b73ec3b4ae890	770367
waveform/c/45/0/0/0	ddafd4731f75f5dbcceb11143bd691d5d225ccc02ab0619a4836e160b4513358	938931
waveform/c/450/0/0/0	6ebc9791a08208d45339a04def89bec6b9213f52a9f63e168954580ad4982c21	1339907
waveform/c/451/0/0/0	4b521be982d534f08d955b71d6ff3448f146efc1eb18418ca964d68403d05f2d	803881
waveform/c/452/0/0/0	be592e5594ace944923c3fec45c2df1f78a81bea46c7ca4f63c07ddd646046ca	816594
waveform/c/453/0/0/0	34dafd591e8dfc353233ffffda692defe079e40a9f7c70c6a8ef320c22707c2a	801922
waveform/c/454/0/0/0	fd1b67214e7f1a1c61858c7ed3665d202887cae05f8e1b067b32ac439fe971df	803189
waveform/c/455/0/0/0	0e4af908b3c03b8b5216adb417f351460f21d3cf7dc389cae8407d639bcd7d19	674050
waveform/c/456/0/0/0	5aceb5878fa5d8a70fc5dc5ea873952d23d81c1417e45f1a82a8342fec119c88	802355
waveform/c/457/0/0/0	780117442c3e51d32ed9565b5423798d82bfd51bca067d0cb7b4273e47ecac62	406444
waveform/c/458/0/0/0	86deb5a3ae8e8b8357ff381253ef180e4fcd7f4637fb92311fe562169845fce9	538852
waveform/c/459/0/0/0	2e171f4b37a849a6b4058c98aba46454f41ac2a4de01476021e78cbe7949ffa4	675670
waveform/c/46/0/0/0	282e67ab6487f7d913dbfc5b9c24384353fe51e1294b417713108de780e35841	1072005
waveform/c/460/0/0/0	4b4c10a27a180dce7afd0bf1ae99513c8dc4c47b1a114a1bc8fafa464000f270	544950
waveform/c/461/0/0/0	a4b105e7e82f5fe5a9e69c56301385396656085c4a5438c4462f4e307fc2e426	674023
waveform/c/462/0/0/0	25f830c545f8d5fe3603b98c14aebd7182ee869ee3f040167f3e95b63e2931fc	536729
waveform/c/463/0/0/0	780117442c3e51d32ed9565b5423798d82bfd51bca067d0cb7b4273e47ecac62	406444
waveform/c/464/0/0/0	86deb5a3ae8e8b8357ff381253ef180e4fcd7f4637fb92311fe562169845fce9	538852
waveform/c/465/0/0/0	2e171f4b37a849a6b4058c98aba46454f41ac2a4de01476021e78cbe7949ffa4	675670
waveform/c/466/0/0/0	4b4c10a27a180dce7afd0bf1ae99513c8dc4c47b1a114a1bc8fafa464000f270	544950
waveform/c/467/0/0/0	a4b105e7e82f5fe5a9e69c56301385396656085c4a5438c4462f4e307fc2e426	674023
waveform/c/468/0/0/0	9ef7919474425859246c9f874708787bce64ad24c4af5280456fd60279f7e4b3	539198
waveform/c/469/0/0/0	9e2794582899eb93bc3009b2ebc6323a31816fa513ac3566b9f8dc4f9985188a	536708
waveform/c/47/0/0/0	b7ea2df5ea36c85c82394f35698d5e951959476a316727bc8e77548e8c6301bb	1071101
waveform/c/470/0/0/0	7dd3090e72b1265d07364c3a48875f2e567cf1552cf5ab711bbe19e93a8ac894	1478068
waveform/c/471/0/0/0	b4c2aaa14fab44a9568e9bd285c2b741c4275dbca96346886ffa2868788eebe5	1475255
waveform/c/472/0/0/0	a298ef102c2ec98d4270f9cc37b19e9ed00e48daf0bd4db5e5986bb74d1c704e	1471170
waveform/c/473/0/0/0	16e33a8460d5b875eb064acd5017c39f8f7ecd2b0ef6822b473abf9dc5d73c38	1207528
waveform/c/474/0/0/0	13af2f3447cf947a0795b6126b362d90729e20d3fb886f589bbe89cf1840b734	669525
waveform/c/475/0/0/0	acf260bd3d29cd04d1d89da7be968cf7c8165cbbc7092c65ab072fc0151b0c3a	405247
waveform/c/476/0/0/0	93575b3d0b3b06bffcc2062fed3cebe86b447423a84832c6f34e1499faf7373f	671365
waveform/c/477/0/0/0	feb92af81e575c1afd928d01013c23143aa2b849ea1bd1c87716786183b8240b	803192
waveform/c/478/0/0/0	a6598fc56eead86c991bf987b9fe8083ba516da2e1cd1fe91e76265fff22e60f	667830
waveform/c/479/0/0/0	74922fbdba9e73b8ca551257a8d9401cfcb91cdb32c837c82b91198ff2ee71c7	668086
waveform/c/48/0/0/0	e211d2f85d15694365f048af37b3ff99385465a70fb31c12e94821cbe6cdf695	938634
waveform/c/480/0/0/0	13af2f3447cf947a0795b6126b362d90729e20d3fb886f589bbe89cf1840b734	669525
waveform/c/481/0/0/0	acf260bd3d29cd04d1d89da7be968cf7c8165cbbc7092c65ab072fc0151b0c3a	405247
waveform/c/482/0/0/0	93575b3d0b3b06bffcc2062fed3cebe86b447423a84832c6f34e1499faf7373f	671365
waveform/c/483/0/0/0	feb92af81e575c1afd928d01013c23143aa2b849ea1bd1c87716786183b8240b	803192
waveform/c/484/0/0/0	a6598fc56eead86c991bf987b9fe8083ba516da2e1cd1fe91e76265fff22e60f	667830
waveform/c/485/0/0/0	8a1ef3685623f9d1e320bb880672cb084d4124dc1f13f9a0fc6de2fb61644fdc	668799
waveform/c/486/0/0/0	05f3525827c0c0d4e7db5da1556fc41f483b164feaad264a78ff6ae4dca394f5	402171
waveform/c/487/0/0/0	25f9d5f8b82b78548f3c3be076bc75c66a5210b1be82c10454da0b4421d7b38c	402154
waveform/c/488/0/0/0	9330fb431727754ce36022d713048c8ba5668219507e91ded32bdc097770f564	402751
waveform/c/489/0/0/0	a40baf3655391f30090b4f89c047ef5aa229af2c92804843e2bfbe401e773188	544569
waveform/c/49/0/0/0	956b68661edaeab0ad679db7936233b4e2cbc4d7c1dd5135224a67094fecb46b	937061
waveform/c/490/0/0/0	6bd8c7c82719bcce9dcc450d937fb446815affc775918dfce4c8e737faa91561	534909
waveform/c/491/0/0/0	a06075eb2c95437778993aeba1999584ba95624597d0d837c5c94e3d6dbfacc9	1362814
waveform/c/492/0/0/0	92806ba0c2c14b2130bb7e4be8056d873ee884f2fef997d3cb10d1db09e8ef90	679191
waveform/c/493/0/0/0	b488622fdb6393e38b5887de974301b310829a4585d9058d54c27e7e3399fb2c	1362088
waveform/c/494/0/0/0	b4f9d88e0f3d18fa9553d7d6b2119f227f8c34c3c96e581003a706e52a9336b8	952800
waveform/c/495/0/0/0	47b92d7084ae73f4c91c2406ae370f5cb3e77cc9776ca3c9197ee9d1e2092a0f	682858
waveform/c/496/0/0/0	3d5ff68672a07e2e933c8f81b3dcab72bed036b6d3773a1b7872b35639063919	1207939
waveform/c/497/0/0/0	a06075eb2c95437778993aeba1999584ba95624597d0d837c5c94e3d6dbfacc9	1362814
waveform/c/498/0/0/0	92806ba0c2c14b2130bb7e4be8056d873ee884f2fef997d3cb10d1db09e8ef90	679191
waveform/c/499/0/0/0	b488622fdb6393e38b5887de974301b310829a4585d9058d54c27e7e3399fb2c	1362088
waveform/c/5/0/0/0	542a85f30140ba9da3439299150404aa466aeed3a05678ec138fb433b169fc07	670093
waveform/c/50/0/0/0	5cccb89fe562d96bc5925bcb098ae3e73272f5ac5bec20035356b794c54ffd08	495179
waveform/c/500/0/0/0	b4f9d88e0f3d18fa9553d7d6b2119f227f8c34c3c96e581003a706e52a9336b8	952800
waveform/c/501/0/0/0	47b92d7084ae73f4c91c2406ae370f5cb3e77cc9776ca3c9197ee9d1e2092a0f	682858
waveform/c/502/0/0/0	d739af9235137bb927ace1643375a61addc3ba203033a6ac8342c4fe183237ae	1213989
waveform/c/503/0/0/0	a06075eb2c95437778993aeba1999584ba95624597d0d837c5c94e3d6dbfacc9	1362814
waveform/c/504/0/0/0	92806ba0c2c14b2130bb7e4be8056d873ee884f2fef997d3cb10d1db09e8ef90	679191
waveform/c/505/0/0/0	b488622fdb6393e38b5887de974301b310829a4585d9058d54c27e7e3399fb2c	1362088
waveform/c/506/0/0/0	b4f9d88e0f3d18fa9553d7d6b2119f227f8c34c3c96e581003a706e52a9336b8	952800
waveform/c/507/0/0/0	47b92d7084ae73f4c91c2406ae370f5cb3e77cc9776ca3c9197ee9d1e2092a0f	682858
waveform/c/508/0/0/0	8216e8e9457a714f1ada6d4add24eae613e45586188503a68f9c6b64d8915010	1210453
waveform/c/509/0/0/0	a06075eb2c95437778993aeba1999584ba95624597d0d837c5c94e3d6dbfacc9	1362814
waveform/c/51/0/0/0	1267477c1dabae883fdb2df6c8d04b1f3a33d5c21496cf91f9c287f1be923cc5	494857
waveform/c/510/0/0/0	92806ba0c2c14b2130bb7e4be8056d873ee884f2fef997d3cb10d1db09e8ef90	679191
waveform/c/511/0/0/0	b488622fdb6393e38b5887de974301b310829a4585d9058d54c27e7e3399fb2c	1362088
waveform/c/512/0/0/0	b4f9d88e0f3d18fa9553d7d6b2119f227f8c34c3c96e581003a706e52a9336b8	952800
waveform/c/513/0/0/0	47b92d7084ae73f4c91c2406ae370f5cb3e77cc9776ca3c9197ee9d1e2092a0f	682858
waveform/c/514/0/0/0	4c9f38f5be8af3e4ef638b846dbe5b0affe5d3cf730e406b32a5a6b928320a44	1208754
waveform/c/515/0/0/0	4a69892a3b01175b4832e432d5aefae71b0d6f8c8ff5e413ba63e781eaf615c1	1362722
waveform/c/516/0/0/0	92806ba0c2c14b2130bb7e4be8056d873ee884f2fef997d3cb10d1db09e8ef90	679191
waveform/c/517/0/0/0	c8ab82dbc5d365783a17072eeecbb413fe14371e4cd8d8d3c6764fc117061386	1361212
waveform/c/518/0/0/0	b4f9d88e0f3d18fa9553d7d6b2119f227f8c34c3c96e581003a706e52a9336b8	952800
waveform/c/519/0/0/0	47b92d7084ae73f4c91c2406ae370f5cb3e77cc9776ca3c9197ee9d1e2092a0f	682858
waveform/c/52/0/0/0	37cff5380c3882e11c23e101a86ee386cffacbb8cf679728485c669d145a132d	495103
waveform/c/520/0/0/0	b1af0d791143678b66a4f66db0316a55654812b692ace6c1376cb45e4763cd0b	1075551
waveform/c/521/0/0/0	84c658191899ca0c08aa07ceae1d3503e1443623ccd7ce6397c479e6fc4093c9	1359693
waveform/c/522/0/0/0	c009eb87f8db28fba0edd8198a81a72d515e672fcf08f4633f294aec7dfc4003	407928
waveform/c/523/0/0/0	36014bf4486f70180b73281fbb1d7c8dcd9fe8eef57ba8a9084b421c0e2b4529	1361929
waveform/c/524/0/0/0	4bae6d017dbcbe010b3c1b66c6de22c362800bc96b1e7d1c6837d030ca0d174c	949135
waveform/c/525/0/0/0	e433f3da212c5123a940d06ada9e0920702b175674bbfa47f88169c2e5ef60aa	819395
waveform/c/526/0/0/0	dccb3e08913467aecfe658425dd76d1dfafc18e25bd292e3f2e4579aeecdcd54	1076289
waveform/c/527/0/0/0	13eee5874f7e1c70adfd93f8d2b6ef6b4f09f761e0f0f3fcfe3eb4f9ac170547	1090228
waveform/c/528/0/0/0	c1137d73f6f24d4005cf119f9549eebe1608d22b2186b68676075635b7fd766e	1089847
waveform/c/529/0/0/0	73fd4c924a82cb466144d852b2b8513ee3cc0f0a97b21d9d49231ab98b8bab6a	814563
waveform/c/53/0/0/0	dfe0daf6536d5f914064a0c1827852b21b205df9f6fae1621e1e3e2e9fb93c43	494754
waveform/c/530/0/0/0	fd2743a948dbcb1270031bd0ea55b5cb2727a5e2099a0e664121ebcb331b0cc9	954031
waveform/c/531/0/0/0	ab0c76aabf47cc6250a2d6b6b9826f5eaa854c8730189cbd4f25fb177b78432a	816821
waveform/c/532/0/0/0	1a1ce26b37ccc20573ecd90103f132168e2217bea30f8f4a34b4f28621d0df5e	802775
waveform/c/533/0/0/0	1107ac32dce9a657bce230e60951929efc98365ad94110f1c2abe02c754f29e8	1363635
waveform/c/534/0/0/0	6523a5209f6e3d0fcd50ec4f2d9ef20fe7612334f0981e3709de09ba8405741d	1488074
waveform/c/535/0/0/0	50946db93adadfb228901f0dfb211de6eb1fcef8ca506e1a69b08502722c1b90	1475162
waveform/c/536/0/0/0	13af2f3447cf947a0795b6126b362d90729e20d3fb886f589bbe89cf1840b734	669525
waveform/c/537/0/0/0	acf260bd3d29cd04d1d89da7be968cf7c8165cbbc7092c65ab072fc0151b0c3a	405247
waveform/c/538/0/0/0	feb92af81e575c1afd928d01013c23143aa2b849ea1bd1c87716786183b8240b	803192
waveform/c/539/0/0/0	cc82a3746a64f1c8b41a49205905cc91c2d246b8ea3dafeece8a12fa02d8fe9f	669455
waveform/c/54/0/0/0	3fdb2453b2e4de04e39c2e6cf0d5ecc5e2e16b14dbf6fd71bff1620b672de5fe	1072116
waveform/c/540/0/0/0	5ab780775e836a971d2150340b547f6b0eb7d7a974a6a5007c1ab5fe8cd28ecf	677347
waveform/c/541/0/0/0	ed3114e56dbf99e6ed94afb4e2329c1d81f7f06166eaf5652cdc197a90a898d7	534834
waveform/c/542/0/0/0	ca882ba8f47af54cde7b66fe6a5cdc19908219f3876adf84ab7b6b6b8d9273c3	669404
waveform/c/543/0/0/0	e2b8902890b0a036ac9ac7da6c55430a7f707da5751a9a2d0f8716b6a421273a	670278
waveform/c/544/0/0/0	4fc552ced5a063be6689b38c27fa85efea46b09eadf7e1cc83e773b4df261e91	539908
waveform/c/545/0/0/0	65e1bd6b060cdc8e3c2fadd3d9229df4839e92927bc42a2e03722ffd59b9b2c3	808571
waveform/c/546/0/0/0	6a30b87ef65f0ea3e0057051a76c2fd188a7b981c0ffcfb98c0549626d968d02	669191
waveform/c/547/0/0/0	7d256cace10adeb14284c3c41a5d33c4d76ee14fc18287e9954436b9adb335f5	535169
waveform/c/548/0/0/0	ca882ba8f47af54cde7b66fe6a5cdc19908219f3876adf84ab7b6b6b8d9273c3	669404
waveform/c/549/0/0/0	e2b8902890b0a036ac9ac7da6c55430a7f707da5751a9a2d0f8716b6a421273a	670278
waveform/c/55/0/0/0	451b60943689bcc7339738239287d71608d8b6940338ecc07c90a6bc95c9863e	495001
waveform/c/550/0/0/0	4fc552ced5a063be6689b38c27fa85efea46b09eadf7e1cc83e773b4df261e91	539908
waveform/c/551/0/0/0	65e1bd6b060cdc8e3c2fadd3d9229df4839e92927bc42a2e03722ffd59b9b2c3	808571
waveform/c/552/0/0/0	6a30b87ef65f0ea3e0057051a76c2fd188a7b981c0ffcfb98c0549626d968d02	669191
waveform/c/553/0/0/0	ae0be98dfa54140f66a8b5cdbe861ba71213911edd737bfd7302ac27e8451852	535463
waveform/c/554/0/0/0	aef47d29bc2adb08eebdcad7cee00abccf9cabcf0959894b071c4162a1008930	681367
waveform/c/555/0/0/0	3ffb289a55b0da8b619577e101a6f92d4ee484a4b32fade03b58b30395d2171f	544920
waveform/c/556/0/0/0	a54e326cf54232a09d1eb16203899bf7b97245095a302b136b1a2b8a44c812ac	682874
waveform/c/557/0/0/0	839b9f5ae3d0bab487a80159ad433879154c6e3aab20197545aea652a4f11427	542779
waveform/c/558/0/0/0	24dc493b7c15323467a049c881314f233da8debfcbe13b52d7df3cca3de6c807	542330
waveform/c/559/0/0/0	5081352a9dfffe5b57b3f7208b61b1392b260d0ad4b4ff64b53b6e6c978ae78c	937910
waveform/c/56/0/0/0	ffdfda8a5b65fb992e87a5bdb621959941a484337b9792f7e2efb878050511e6	802375
waveform/c/560/0/0/0	aef47d29bc2adb08eebdcad7cee00abccf9cabcf0959894b071c4162a1008930	681367
waveform/c/561/0/0/0	3ffb289a55b0da8b619577e101a6f92d4ee484a4b32fade03b58b30395d2171f	544920
waveform/c/562/0/0/0	f4a0610dcaaa24a810821a009f0f30693e2e86850222a1d5e2df8207a0723239	406044
waveform/c/563/0/0/0	a54e326cf54232a09d1eb16203899bf7b97245095a302b136b1a2b8a44c812ac	682874
waveform/c/564/0/0/0	839b9f5ae3d0bab487a80159ad433879154c6e3aab20197545aea652a4f11427	542779
waveform/c/565/0/0/0	b4768e34a4e75c1de90e2622e638eb8cf4eba5408c840facd704c335e3daa39f	1072857
waveform/c/566/0/0/0	aef47d29bc2adb08eebdcad7cee00abccf9cabcf0959894b071c4162a1008930	681367
waveform/c/567/0/0/0	3ffb289a55b0da8b619577e101a6f92d4ee484a4b32fade03b58b30395d2171f	544920
waveform/c/568/0/0/0	f4a0610dcaaa24a810821a009f0f30693e2e86850222a1d5e2df8207a0723239	406044
waveform/c/569/0/0/0	a54e326cf54232a09d1eb16203899bf7b97245095a302b136b1a2b8a44c812ac	682874
waveform/c/57/0/0/0	a87f3b2a9e787ea07df7b306d15b8f4b9d75e7b3ea62b633a19f012c7db00b2d	668747
waveform/c/570/0/0/0	839b9f5ae3d0bab487a80159ad433879154c6e3aab20197545aea652a4f11427	542779
waveform/c/571/0/0/0	4355ae64ec9067a0225c6f61a1b631d0391dc03136f823fce51150b8524bebdb	1071065
waveform/c/572/0/0/0	aef47d29bc2adb08eebdcad7cee00abccf9cabcf0959894b071c4162a1008930	681367
waveform/c/573/0/0/0	3ffb289a55b0da8b619577e101a6f92d4ee484a4b32fade03b58b30395d2171f	544920
waveform/c/574/0/0/0	f4a0610dcaaa24a810821a009f0f30693e2e86850222a1d5e2df8207a0723239	406044
waveform/c/575/0/0/0	a54e326cf54232a09d1eb16203899bf7b97245095a302b136b1a2b8a44c812ac	682874
waveform/c/576/0/0/0	839b9f5ae3d0bab487a80159ad433879154c6e3aab20197545aea652a4f11427	542779
waveform/c/577/0/0/0	f430593c8e82eb447dabf7db59243f5f301bc715cf485966a863b854fc1f2003	1073573
waveform/c/578/0/0/0	aef47d29bc2adb08eebdcad7cee00abccf9cabcf0959894b071c4162a1008930	681367
waveform/c/579/0/0/0	3ffb289a55b0da8b619577e101a6f92d4ee484a4b32fade03b58b30395d2171f	544920
waveform/c/58/0/0/0	a6817e796f8432540015a46473e632eceb42d061862576c8a7e45b51e8e465b9	668596
waveform/c/580/0/0/0	f4a0610dcaaa24a810821a009f0f30693e2e86850222a1d5e2df8207a0723239	406044
waveform/c/581/0/0/0	a54e326cf54232a09d1eb16203899bf7b97245095a302b136b1a2b8a44c812ac	682874
waveform/c/582/0/0/0	839b9f5ae3d0bab487a80159ad433879154c6e3aab20197545aea652a4f11427	542779
waveform/c/583/0/0/0	1058c7f489ccc75da4f3105be780e11f82ad33e0c1c11f7b65323e17bbbda702	938345
waveform/c/584/0/0/0	65468144a447066a3266a2c3966826ccd5669ab7af515c8d7072517a6a031431	539726
waveform/c/585/0/0/0	6d8fda3785db27b6eb3ae5367bce8b04a3446c9b76061798f26c38b956fa4eca	499194
waveform/c/586/0/0/0	7028ee36b6b00ec1115687241414131c48cff60c0a123166938c0c76e39d80c4	633274
waveform/c/587/0/0/0	4a62003ed52387259fe50f9198fce05d64418e43a5ef830f1db400a350e78e67	805050
waveform/c/588/0/0/0	4b8805a2628b92672aab0b1b53f2c5c5055f4370b81c7539310f6ede336ae948	494810
waveform/c/589/0/0/0	65468144a447066a3266a2c3966826ccd5669ab7af515c8d7072517a6a031431	539726
waveform/c/59/0/0/0	21b263500346d402aa49a79eb85a6b71b56137477499eed58b73ce85194b2014	536210
waveform/c/590/0/0/0	6d8fda3785db27b6eb3ae5367bce8b04a3446c9b76061798f26c38b956fa4eca	499194
waveform/c/591/0/0/0	7028ee36b6b00ec1115687241414131c48cff60c0a123166938c0c76e39d80c4	633274
waveform/c/592/0/0/0	4a62003ed52387259fe50f9198fce05d64418e43a5ef830f1db400a350e78e67	805050
waveform/c/593/0/0/0	ad9eb4984f60eec2b2f303a4c7e3811534b91153efa593e51cf4cab769b4d25c	494326
waveform/c/594/0/0/0	65468144a447066a3266a2c3966826ccd5669ab7af515c8d7072517a6a031431	539726
waveform/c/595/0/0/0	6d8fda3785db27b6eb3ae5367bce8b04a3446c9b76061798f26c38b956fa4eca	499194
waveform/c/596/0/0/0	7028ee36b6b00ec1115687241414131c48cff60c0a123166938c0c76e39d80c4	633274
waveform/c/597/0/0/0	4a62003ed52387259fe50f9198fce05d64418e43a5ef830f1db400a350e78e67	805050
waveform/c/598/0/0/0	e77cf63d1d697f5f9b56cfec1030594af141b949bd4db670d131083e04940e4c	495611
waveform/c/599/0/0/0	65468144a447066a3266a2c3966826ccd5669ab7af515c8d7072517a6a031431	539726
waveform/c/6/0/0/0	050f34a312bf22732871aaa927bfd5024446994f7aa16234dd43821b164ab0ae	607653
waveform/c/60/0/0/0	4cc2c369cbd5cb5c1a3a61789a19f1c8a23233e3230bb4d30230d6426f5f4100	535496
waveform/c/600/0/0/0	6d8fda3785db27b6eb3ae5367bce8b04a3446c9b76061798f26c38b956fa4eca	499194
waveform/c/601/0/0/0	7028ee36b6b00ec1115687241414131c48cff60c0a123166938c0c76e39d80c4	633274
waveform/c/602/0/0/0	4a62003ed52387259fe50f9198fce05d64418e43a5ef830f1db400a350e78e67	805050
waveform/c/603/0/0/0	6d4cf5a4f39d938a1990978f45812e2c149026ab1ba531cb97a158cc0af17198	494908
waveform/c/604/0/0/0	acd106c4b5459fea192104a8430b5ca4483e9a457ea360272ad681b24509cd95	680824
waveform/c/605/0/0/0	f4a0610dcaaa24a810821a009f0f30693e2e86850222a1d5e2df8207a0723239	406044
waveform/c/606/0/0/0	8703d01e0dd4eea360e3fcf82a3863e5ec81754c648941a63b1bb727e8afac40	819384
waveform/c/607/0/0/0	0ab58a7bfc2a17481dc10516d0cf60d8b02fabfa53e776b5d6ca0b0ee9703096	405076
waveform/c/608/0/0/0	839b9f5ae3d0bab487a80159ad433879154c6e3aab20197545aea652a4f11427	542779
waveform/c/609/0/0/0	a641b6a6bb212296ea6f9f211bdcb7c78d0673455472242482763f96d63afad9	1071513
waveform/c/61/0/0/0	811e9968585b5f0ed0862a8e32631419795c3e08ebba77e072f1985bf420a0f7	811239
waveform/c/610/0/0/0	65468144a447066a3266a2c3966826ccd5669ab7af515c8d7072517a6a031431	539726
waveform/c/611/0/0/0	6d8fda3785db27b6eb3ae5367bce8b04a3446c9b76061798f26c38b956fa4eca	499194
waveform/c/612/0/0/0	7028ee36b6b00ec1115687241414131c48cff60c0a123166938c0c76e39d80c4	633274
waveform/c/613/0/0/0	4a62003ed52387259fe50f9198fce05d64418e43a5ef830f1db400a350e78e67	805050
waveform/c/614/0/0/0	6addde2f39ba11e09a7b1795fcb121c1bfc4a67abea753031911d10b73e4a689	495151
waveform/c/615/0/0/0	d79360e68bd860855d5984682b81a4ecb9278225f19c67dc8b93ece78a37b9f8	804265
waveform/c/616/0/0/0	763b0e07f3f7280f93bf97ea0cc49cb37f7d6e158e908b285031e0c385a540e1	803009
waveform/c/617/0/0/0	4fc552ced5a063be6689b38c27fa85efea46b09eadf7e1cc83e773b4df261e91	539908
waveform/c/618/0/0/0	82224a97ccdc9c2c6c9c50a291edb06b5e38438aad76842547b48fb4c53916d3	802849
waveform/c/619/0/0/0	87e1af38cdeb6af60c4fa211cf04ee2ca84f44965c5ee4c31e9421fd19938dcd	943199
waveform/c/62/0/0/0	f996d4652fc63f886692a5b3df3e118b6bf4bfffdd9ac1531e0cbffd78e03cbc	1387298
waveform/c/620/0/0/0	63613d6b00f889ea9c246cad2b25afcac0d1861512976f290cc729fe60e02f8a	934056
waveform/c/621/0/0/0	d79360e68bd860855d5984682b81a4ecb9278225f19c67dc8b93ece78a37b9f8	804265
waveform/c/622/0/0/0	763b0e07f3f7280f93bf97ea0cc49cb37f7d6e158e908b285031e0c385a540e1	803009
waveform/c/623/0/0/0	4fc552ced5a063be6689b38c27fa85efea46b09eadf7e1cc83e773b4df261e91	539908
waveform/c/624/0/0/0	82224a97ccdc9c2c6c9c50a291edb06b5e38438aad76842547b48fb4c53916d3	802849
waveform/c/625/0/0/0	87e1af38cdeb6af60c4fa211cf04ee2ca84f44965c5ee4c31e9421fd19938dcd	943199
waveform/c/626/0/0/0	39ecaeb489ff81b3dea7158f659ac824f1e1ceddcd2d2292adaa9b79ec0fa6f3	802101
waveform/c/627/0/0/0	d79360e68bd860855d5984682b81a4ecb9278225f19c67dc8b93ece78a37b9f8	804265
waveform/c/628/0/0/0	763b0e07f3f7280f93bf97ea0cc49cb37f7d6e158e908b285031e0c385a540e1	803009
waveform/c/629/0/0/0	4fc552ced5a063be6689b38c27fa85efea46b09eadf7e1cc83e773b4df261e91	539908
waveform/c/63/0/0/0	73f006e0ada8bec80d3a61f844fd90e094227e87e6eccf952a7715da4659fe2f	1387533
waveform/c/630/0/0/0	82224a97ccdc9c2c6c9c50a291edb06b5e38438aad76842547b48fb4c53916d3	802849
waveform/c/631/0/0/0	87e1af38cdeb6af60c4fa211cf04ee2ca84f44965c5ee4c31e9421fd19938dcd	943199
waveform/c/632/0/0/0	07de05b3fef36bdbd1be7d5f0170fd51c55f1793e1c15027492256f04f73d81d	802287
waveform/c/633/0/0/0	94ae3d2ce28ceddb33483e44a9d09f7cff843e65fb94a2f10b06b45b50bcba60	537439
waveform/c/634/0/0/0	c39e11e6d0181c1d7d77e2ea4a79dcad4bafefb453f1f1cc703b98de9a5aa4ed	538577
waveform/c/635/0/0/0	288c2b56ed6d64c0b43529466820590b057682106f44ece75d01e04227fe8fe3	536685
waveform/c/636/0/0/0	6fa0157ae0e9d18bdfc9be923938a5c3a17708039208668cf37449b6fcb3b232	536159
waveform/c/637/0/0/0	0c525c6de0be370f0bd665e38bd87856f4f8326e1d6e9d27f8e20f7ea62f2be6	539054
waveform/c/638/0/0/0	6aab29daf0613a8df2004ff6ddab43d93eb730842ac0e798e30a7e517937ab11	535442
waveform/c/639/0/0/0	c39e11e6d0181c1d7d77e2ea4a79dcad4bafefb453f1f1cc703b98de9a5aa4ed	538577
waveform/c/64/0/0/0	7b37574ad0fc8e8878f034f58229093da61f89c14de029a4fbe88b2f3a1d6d6b	1068915
waveform/c/640/0/0/0	0c525c6de0be370f0bd665e38bd87856f4f8326e1d6e9d27f8e20f7ea62f2be6	539054
waveform/c/641/0/0/0	bf34c5a5c9706dac7f44e89925b6045ec98c555653a08678bcdb25c0c2fa70c8	543411
waveform/c/642/0/0/0	2736ccf918bcb0e833107da905b6839cf32856c3d368cdb732c22fb83cf514cf	541174
waveform/c/643/0/0/0	94ae3d2ce28ceddb33483e44a9d09f7cff843e65fb94a2f10b06b45b50bcba60	537439
waveform/c/644/0/0/0	fe2b20d60beef7f7d3154be7539140334928d162db2433f964bc4b8314e8081e	535344
waveform/c/645/0/0/0	e20812963fe0dc47d8e517d6efc055fd2a5e88836987b10e99932f6e90b4f502	671833
waveform/c/646/0/0/0	12c378677cd3906e292f0b162087d7a9473712970d5ffeca1a9f6602a3246a3e	809387
waveform/c/647/0/0/0	006e660bf58ffbfda3d3524102a0d195a1fec6ad4971214214287aa7e5bf7891	808858
waveform/c/648/0/0/0	11138b90dae8590c2bbec781c0e19eb815fa382b734db9b3522d20f8583fb197	808661
waveform/c/649/0/0/0	862829b7101fb8eebf24a87be4befd77c34796fdedae2c40f73bdf259d121dbc	808125
waveform/c/65/0/0/0	63c3b23dc5f6f853ee38bade44a23f7a27d199f4585d5d84264debde3d7b638a	1127534
waveform/c/650/0/0/0	90261242b391160d0531d1cd1862cb6c890e37b1a5e6eee841b7a0849a726dca	809704
waveform/c/651/0/0/0	e0df131427fc8df0a9d8fccb115833e9b425abb2faa7a5e5393f429a1f8cc21b	1171603
waveform/c/652/0/0/0	9648ab8d95b7345f8948c6d34e63c630e9e1f9c64ebeab529a0062ca1735f15d	1130463
waveform/c/653/0/0/0	179e462852a6f6658f82460486c53bf5db9ad1a5d7613a395ed9822e8b911d79	1129573
waveform/c/654/0/0/0	b2aeea9ea56e78706de676a9df6ea49f9b5e79acc05ec84c074420be2daf8974	1126834
waveform/c/655/0/0/0	bdd255c57896972094088d96f04cbd173df816d49f01d356646b6fcf236d0be9	856986
waveform/c/656/0/0/0	eecbb2b74ae1b2429653b83e2970ad32b3ed05ecf0b1e2f8b49d74f2e09b5ef3	1387001
waveform/c/657/0/0/0	e0df131427fc8df0a9d8fccb115833e9b425abb2faa7a5e5393f429a1f8cc21b	1171603
waveform/c/658/0/0/0	9648ab8d95b7345f8948c6d34e63c630e9e1f9c64ebeab529a0062ca1735f15d	1130463
waveform/c/659/0/0/0	179e462852a6f6658f82460486c53bf5db9ad1a5d7613a395ed9822e8b911d79	1129573
waveform/c/66/0/0/0	ab3f56c44503a6d9144603c2c10aaad31996cbd3e68232ecdfaa862c064478c9	1470964
waveform/c/660/0/0/0	b2aeea9ea56e78706de676a9df6ea49f9b5e79acc05ec84c074420be2daf8974	1126834
waveform/c/661/0/0/0	bdd255c57896972094088d96f04cbd173df816d49f01d356646b6fcf236d0be9	856986
waveform/c/662/0/0/0	552d18284fe232d0babe83824abea73a8a5b26ba41fc3221347345122bd478aa	1387985
waveform/c/663/0/0/0	5d8720b6601f71bec869627ce5c9c2fc485721549772d309e26b299757c41328	938188
waveform/c/664/0/0/0	4fc552ced5a063be6689b38c27fa85efea46b09eadf7e1cc83e773b4df261e91	539908
waveform/c/665/0/0/0	ad48262194a33a39ecd499b000a97ee7a8af623c9d8b84c900e0860b24a3bfdd	937172
waveform/c/666/0/0/0	b9fb5654d26a627fed12778dee673e535f5ecea2c644e4e607511a973e8eb37f	950743
waveform/c/667/0/0/0	efd00a63c3f13298713afc5a22c79273cb5a9102353470e77d7ca3e1e4afd3e3	1078566
waveform/c/668/0/0/0	a89540d4eaaa9dca67963d0736218046964264ed5bf27de4bc21e18b151dc20e	1068684
waveform/c/669/0/0/0	05b75d8d1797a54303cdd251b8520a7cf91586fcc0b613b3ac8cc69969f70e1f	542590
waveform/c/67/0/0/0	31f615d12c882ced5532b0f321e8a7beeb1b078192e208f665350425720d516b	537375
waveform/c/670/0/0/0	7b2cd4315e88fd425e54b943dee40845b8f5c8a45d056f420c39ca1bb7053500	992385
waveform/c/671/0/0/0	b57e9fe9f32f10dacaf0f9535ca28a03a952856a7ce4557f6d9eeab20191d387	1124609
waveform/c/672/0/0/0	a2ef906536464f01d9b9d876a09c11814646a5af4fd1c5533214d5ccec2304a3	540877
waveform/c/673/0/0/0	4eb4c0527ab504d36a7771d5913f10d6c3d7e4c9f46aad0b1eb3aa336903b8d7	810165
waveform/c/674/0/0/0	492e9a3b2cac729facf72b1f006d4d3cf12fb1b7eb7b4122e64cd42797dfb10e	1573186
waveform/c/675/0/0/0	059338b2e3b9bfc282ddb5ddbc9ff055f3cca14a453b068c569beb92e1489a9b	1357017
waveform/c/676/0/0/0	ec37a3abc4889d8cddbebc4969d04d9a556b7b908d7df43e09d41d7ce92a4080	1080889
waveform/c/677/0/0/0	cbc2cf0a18ee69e1cf1c4e16a70b50b7bc4a94a5502b8d43caaa049a0b4d9223	1470894
waveform/c/678/0/0/0	3257353364caa495daf364ded4a695019eb9a9c1add58f113c1eac55a924d637	545805
waveform/c/679/0/0/0	7f36d948397a0bda6d08e8d500ec78d0fbe2a6d407fb6a5b503acdd06dcb6c1c	538007
waveform/c/68/0/0/0	3784e280f12d561f74b2927665ad56734713bcde969000a7c09e3b191b4f44b3	811053
waveform/c/680/0/0/0	ee7bd0ed55738bfe4ccd4042c4e8d9e9a7e77fe18e21c91e7dc364b5feb69a47	537031
waveform/c/681/0/0/0	8dc41235ca63dea2e9ae9133ca15f228bcbb393f4b6c4674a756a9c4451dbcd9	535391
waveform/c/682/0/0/0	073fc4c4dc68bb6680bd5c8183bccef0400836d5bb5c5b1714037808897fc37f	818164
waveform/c/683/0/0/0	329d5bf22ece5ef031accc7dd6200fbc4308abedd47512666f6cafd420a5003f	809657
waveform/c/684/0/0/0	d2157fe67d0e2a65cc09fec32cae336bac852d10e4120a5e14b16e53d65a8f55	808203
waveform/c/685/0/0/0	0e03739a107ab6f0a095a9296137138aef46393679c3ac9afe06d86a339c7161	803554
waveform/c/686/0/0/0	073fc4c4dc68bb6680bd5c8183bccef0400836d5bb5c5b1714037808897fc37f	818164
waveform/c/687/0/0/0	329d5bf22ece5ef031accc7dd6200fbc4308abedd47512666f6cafd420a5003f	809657
waveform/c/688/0/0/0	d2157fe67d0e2a65cc09fec32cae336bac852d10e4120a5e14b16e53d65a8f55	808203
waveform/c/689/0/0/0	f66a867d6d23610e81b50845da54d202cadc00f56dddeb9ca09233e55c66b685	802879
waveform/c/69/0/0/0	8aeef1134b7f95f3a6c79c53816581b01751fc1b534a1e94b8e0badc6c60fd12	801387
waveform/c/690/0/0/0	0e971b0d9a74d72b25df6aa592b07ae4ce10ae95f5dd285ef8610ff89438867f	681803
waveform/c/691/0/0/0	8d16890e824798b8f035d44a85b4c17b392a26f2db1d5e94154475854e83b613	678212
waveform/c/692/0/0/0	94f8cb80abdb007ed8c474ac55177be3da000d022cfd4cb7ebe5bc9dccd9548d	541190
waveform/c/693/0/0/0	8a40fa2c294287609570eeaebe1f8fd248cf3c64eb6e6f8756939c288bf5f045	681854
waveform/c/694/0/0/0	9efb932a3d9e9f71c192113c38318e9201256393c1ceda4867bca4036d81e5bf	1076885
waveform/c/695/0/0/0	acf260bd3d29cd04d1d89da7be968cf7c8165cbbc7092c65ab072fc0151b0c3a	405247
waveform/c/696/0/0/0	a5529c095fd45413dc63c832034f2f2c1e02e6c7958830710bf49f7ffae9ad33	537345
waveform/c/697/0/0/0	f256ad66e6a60a57464268af168ee2c8b51d71f5cce87d0c88d321e1ee5c7c1b	669585
waveform/c/698/0/0/0	8a10303b04b7f45abd942aeae715c9b26ab53e91b46e02efd6b26e235cb36b1f	672592
waveform/c/699/0/0/0	bf77c1c8288ddbf4d0de635d0fdf0d737a4c3aa65f2595875cfcb5c79b91fb8c	545489
waveform/c/7/0/0/0	f586f5f9b069b4eb1d7eab86ddbc6db31f02830ed1d1c5b189b57f5333411be6	937426
waveform/c/70/0/0/0	37db3359d745da7ea1221095a10a1824c87232fbbe94caecf5426dc00dee07de	942690
waveform/c/700/0/0/0	b504029f2952c7345fa975f0caaee82610a332191593fd45361fb816349280cf	534470
waveform/c/701/0/0/0	08aec3e4877a6e90e5e27d2fed1c49fd665e4ae5f6144294dd1e2bcb6fc97e7d	1082660
waveform/c/702/0/0/0	d45494d3c95b44b0965e40f5ded5273edb8d1cff0b9e2d15f2537d60b207e9f7	404042
waveform/c/703/0/0/0	002e7ca54ea807f9e911f1f58755799a6de35366bd4ed0649679234fc04796f3	403582
waveform/c/704/0/0/0	73240dc612d53cfd4d941be262df7489be1107590e504ce2f2157240a0de2c2d	1072492
waveform/c/705/0/0/0	8269ae546bfce531d6cf8198007febb48b8c4932f032b89d95470ea1ad1f9c19	1525660
waveform/c/706/0/0/0	a428b8350783dd0449c7e56fc698c51ac5e6b9a824da2ed68d997d5f79a6566e	1397546
waveform/c/707/0/0/0	ba34a7ae1c15812807622add9b241827ded805e254d77bad8a3187a2b328bb3c	1128138
waveform/c/708/0/0/0	11d4f5a12f96e7c64543bb7dcfdc457871f688ee05e435b39ceeb609536be49d	1344158
waveform/c/709/0/0/0	228538aa555c834d483bc381896e803a61ace41ce66019883342b64cc08ec8af	1132560
waveform/c/71/0/0/0	40234c8cc1b33bcb8516701637fe239e24fde3eca587b2e1fbcb575677e58b8b	534159
waveform/c/710/0/0/0	3d8c245b024c56a62a60c7132af1fd0a92561d1c06a19b9a4dc87e161ece7718	1521554
waveform/c/711/0/0/0	a9831786a4b10a030d39fb0a5d0f68b2f21095dfd680d89078119c81b3d2df8d	1078735
waveform/c/712/0/0/0	5aa45ac4bcd2f84288c29596d733fcebfe8cdb659ca16d29333b944345eae5fd	1488382
waveform/c/713/0/0/0	83b56d928cb6b833df1ee61e6f321b49633bea369c389360384deeef2df7c6fa	1351793
waveform/c/714/0/0/0	3b5655604ff5bb7c633a770a3b06d47963c795f6306b940a2ffcf4f9e5a4ad3d	1084548
waveform/c/715/0/0/0	5c561b60b6c968e14aec296f49c7739258ab82d3d994afd388369c8991884ff6	714477
waveform/c/716/0/0/0	1a3acbd5d863fb5d1f46c7b04c17a107f1f64cfbdd77b7859762ccaec02af0f0	1344068
waveform/c/717/0/0/0	9bd8e4dd2259e0101ec04772f56725da373af07f3b321ee4cd4b15ba998a3c1f	402667
waveform/c/718/0/0/0	9a5cdfe8ab4466b4132e427676f495ed9703a70db75e997e00042b4de30cc51c	677365
waveform/c/719/0/0/0	b7115c144f5ca1ed79d0b20bd2d09332c5f43e2acaa0ee75bf9f7c72b7dcadf0	406557
waveform/c/72/0/0/0	85b140c7318be96384c58f9570a085ab946a00f971eb4e4d7b5ee3e955a8c402	1076406
waveform/c/720/0/0/0	16297f955ae9fc11cab1a41ff241d1ade795c92d29d83a34a4d2cb5aea58b568	403331
waveform/c/721/0/0/0	dd03983e590f43d47a89b2df8245b235dda652506c33fda45bb0ce76ab71f228	408579
waveform/c/722/0/0/0	13d27b9117a79dd460a6b5396209c5efc25e7ee200fc833b57da3d78a966613c	400492
waveform/c/723/0/0/0	f2b0a53b7329aa065575ec9c310491076bdbbd2f96e7481f20977c83f38fe5d3	1348806
waveform/c/724/0/0/0	e92c0fbf793f1a8ffffd539516e2baa1c7d77051b4d422a12d51b28b8616fc55	1479479
waveform/c/725/0/0/0	a74be045dee7d6556d1a831974b67bb16cdfc457798cc58d8793cec5bf079382	674893
waveform/c/726/0/0/0	68f6a9b477b784950696630014ccf6c0ddbc6c7b3fa0050c4f57499fa9e2c941	1613266
waveform/c/727/0/0/0	1d633d31cab577a779207061caece9015a51be10c1d267e42d95c5ab4e32eb79	1472984
waveform/c/728/0/0/0	f2b0a53b7329aa065575ec9c310491076bdbbd2f96e7481f20977c83f38fe5d3	1348806
waveform/c/729/0/0/0	e92c0fbf793f1a8ffffd539516e2baa1c7d77051b4d422a12d51b28b8616fc55	1479479
waveform/c/73/0/0/0	4872c8d3bf60aa7d3dabc85068a0b2f4fa5ecbbc1bd92c92dfb08d1ced038943	1522662
waveform/c/730/0/0/0	a74be045dee7d6556d1a831974b67bb16cdfc457798cc58d8793cec5bf079382	674893
waveform/c/731/0/0/0	68f6a9b477b784950696630014ccf6c0ddbc6c7b3fa0050c4f57499fa9e2c941	1613266
waveform/c/732/0/0/0	5c683eb8de3d9987da4f06ab28d0bbc2ecbe32bc0e451b8dd4f3c41f238a2358	1473441
waveform/c/733/0/0/0	f2b0a53b7329aa065575ec9c310491076bdbbd2f96e7481f20977c83f38fe5d3	1348806
waveform/c/734/0/0/0	e92c0fbf793f1a8ffffd539516e2baa1c7d77051b4d422a12d51b28b8616fc55	1479479
waveform/c/735/0/0/0	a74be045dee7d6556d1a831974b67bb16cdfc457798cc58d8793cec5bf079382	674893
waveform/c/736/0/0/0	68f6a9b477b784950696630014ccf6c0ddbc6c7b3fa0050c4f57499fa9e2c941	1613266
waveform/c/737/0/0/0	83fcb7478d2949300bd7a6fc217b161517e465d53d3cd199dc64349c51dd0dc1	1475234
waveform/c/738/0/0/0	f2b0a53b7329aa065575ec9c310491076bdbbd2f96e7481f20977c83f38fe5d3	1348806
waveform/c/739/0/0/0	e92c0fbf793f1a8ffffd539516e2baa1c7d77051b4d422a12d51b28b8616fc55	1479479
waveform/c/74/0/0/0	3366408238dfa2585fe67bec33c201df9c2799e20c20a8b465325c2f8e68c7ef	1478929
waveform/c/740/0/0/0	a74be045dee7d6556d1a831974b67bb16cdfc457798cc58d8793cec5bf079382	674893
waveform/c/741/0/0/0	68f6a9b477b784950696630014ccf6c0ddbc6c7b3fa0050c4f57499fa9e2c941	1613266
waveform/c/742/0/0/0	dbfb61a3a3147fae9f84b5dcebfb01f8b678208c583291b53589f705cdeee7aa	1474396
waveform/c/743/0/0/0	f2b0a53b7329aa065575ec9c310491076bdbbd2f96e7481f20977c83f38fe5d3	1348806
waveform/c/744/0/0/0	e92c0fbf793f1a8ffffd539516e2baa1c7d77051b4d422a12d51b28b8616fc55	1479479
waveform/c/745/0/0/0	a74be045dee7d6556d1a831974b67bb16cdfc457798cc58d8793cec5bf079382	674893
waveform/c/746/0/0/0	a0645d7fbd0fc44f9ed78ea643399a64bedc5bac7abf02c7b41d28dc14c416f0	1217693
waveform/c/747/0/0/0	68f6a9b477b784950696630014ccf6c0ddbc6c7b3fa0050c4f57499fa9e2c941	1613266
waveform/c/748/0/0/0	901dfe62a4b4fe3626ed1a012aee74408655ecfe01fb867fa2b0218e27590626	1477276
waveform/c/749/0/0/0	f2b0a53b7329aa065575ec9c310491076bdbbd2f96e7481f20977c83f38fe5d3	1348806
waveform/c/75/0/0/0	42634219d7bb9ce63656ef460fe29de662cea5d4b86e27675843858c9f1e5270	400729
waveform/c/750/0/0/0	e92c0fbf793f1a8ffffd539516e2baa1c7d77051b4d422a12d51b28b8616fc55	1479479
waveform/c/751/0/0/0	a74be045dee7d6556d1a831974b67bb16cdfc457798cc58d8793cec5bf079382	674893
waveform/c/752/0/0/0	a0645d7fbd0fc44f9ed78ea643399a64bedc5bac7abf02c7b41d28dc14c416f0	1217693
waveform/c/753/0/0/0	68f6a9b477b784950696630014ccf6c0ddbc6c7b3fa0050c4f57499fa9e2c941	1613266
waveform/c/754/0/0/0	663da31fe93e8f80d63143cbe8e0fed250058e73af9c204a9838cf87fa6a3a6d	1475227
waveform/c/755/0/0/0	f2b0a53b7329aa065575ec9c310491076bdbbd2f96e7481f20977c83f38fe5d3	1348806
waveform/c/756/0/0/0	e92c0fbf793f1a8ffffd539516e2baa1c7d77051b4d422a12d51b28b8616fc55	1479479
waveform/c/757/0/0/0	a74be045dee7d6556d1a831974b67bb16cdfc457798cc58d8793cec5bf079382	674893
waveform/c/758/0/0/0	a0645d7fbd0fc44f9ed78ea643399a64bedc5bac7abf02c7b41d28dc14c416f0	1217693
waveform/c/759/0/0/0	68f6a9b477b784950696630014ccf6c0ddbc6c7b3fa0050c4f57499fa9e2c941	1613266
waveform/c/76/0/0/0	5e42f28b7da870787ca59f15e879f00cd94eefbb4324f89edc944a46ed6d22e6	1474210
waveform/c/760/0/0/0	fcd1cccbc612865df31ce7cfeeac484170232d1298d9418ecb12e49aaca587d4	1470471
waveform/c/761/0/0/0	f2b0a53b7329aa065575ec9c310491076bdbbd2f96e7481f20977c83f38fe5d3	1348806
waveform/c/762/0/0/0	e92c0fbf793f1a8ffffd539516e2baa1c7d77051b4d422a12d51b28b8616fc55	1479479
waveform/c/763/0/0/0	a74be045dee7d6556d1a831974b67bb16cdfc457798cc58d8793cec5bf079382	674893
waveform/c/764/0/0/0	a0645d7fbd0fc44f9ed78ea643399a64bedc5bac7abf02c7b41d28dc14c416f0	1217693
waveform/c/765/0/0/0	68f6a9b477b784950696630014ccf6c0ddbc6c7b3fa0050c4f57499fa9e2c941	1613266
waveform/c/766/0/0/0	1317e16b49fa0854420a658181dec2314a8c58255f5267b702de2039708f4434	1473149
waveform/c/767/0/0/0	f2b0a53b7329aa065575ec9c310491076bdbbd2f96e7481f20977c83f38fe5d3	1348806
waveform/c/768/0/0/0	e92c0fbf793f1a8ffffd539516e2baa1c7d77051b4d422a12d51b28b8616fc55	1479479
waveform/c/769/0/0/0	a74be045dee7d6556d1a831974b67bb16cdfc457798cc58d8793cec5bf079382	674893
waveform/c/77/0/0/0	3a5c99e4ae3358f3e892ceb854e1217997b8ff21cbcca566e19e78148dc87b6e	1339871
waveform/c/770/0/0/0	a0645d7fbd0fc44f9ed78ea643399a64bedc5bac7abf02c7b41d28dc14c416f0	1217693
waveform/c/771/0/0/0	68f6a9b477b784950696630014ccf6c0ddbc6c7b3fa0050c4f57499fa9e2c941	1613266
waveform/c/772/0/0/0	96f665ef73a58a7222022fc82f75245d576108e3d7ed6463b908a8d179cc6856	1470928
waveform/c/773/0/0/0	f2b0a53b7329aa065575ec9c310491076bdbbd2f96e7481f20977c83f38fe5d3	1348806
waveform/c/774/0/0/0	e92c0fbf793f1a8ffffd539516e2baa1c7d77051b4d422a12d51b28b8616fc55	1479479
waveform/c/775/0/0/0	a74be045dee7d6556d1a831974b67bb16cdfc457798cc58d8793cec5bf079382	674893
waveform/c/776/0/0/0	a0645d7fbd0fc44f9ed78ea643399a64bedc5bac7abf02c7b41d28dc14c416f0	1217693
waveform/c/777/0/0/0	68f6a9b477b784950696630014ccf6c0ddbc6c7b3fa0050c4f57499fa9e2c941	1613266
waveform/c/778/0/0/0	013bc8bc67e9d4bc3d9a44d2535b76707c482b372451cfc530f76ea2821bb1c1	1473970
waveform/c/779/0/0/0	be20f67a62b85a8a8cc10fd1d833264cab99f8540a6cacbfc9d0402c59d1351c	540058
waveform/c/78/0/0/0	3fe2c9bd259fddcc08df79428173bbff4efad2e7282170aecbe3049a4f4f42c2	1474214
waveform/c/780/0/0/0	6458179790aa56f70d62acdf39435ef8c3026fd3543a5529d0a5a7d0b6d0dd91	498630
waveform/c/781/0/0/0	672b73f5b29249fe13f02855b72d4bd43c2462ad7e665fc93632641c99d39c09	1341496
waveform/c/782/0/0/0	2ea127139c8940a2a1d886f73e834044978061f6b23286d50b410b0e81a3f974	1347894
waveform/c/783/0/0/0	25ff9730255f4a5138ee447cbf160b5f9e2a28df31f64c61e33896f67d768927	677054
waveform/c/784/0/0/0	9d4f51da3ade7c502c72f2bc87854254cec03889fbfc025ba4673e24379e5f0b	624518
waveform/c/785/0/0/0	be20f67a62b85a8a8cc10fd1d833264cab99f8540a6cacbfc9d0402c59d1351c	540058
waveform/c/786/0/0/0	6458179790aa56f70d62acdf39435ef8c3026fd3543a5529d0a5a7d0b6d0dd91	498630
waveform/c/787/0/0/0	672b73f5b29249fe13f02855b72d4bd43c2462ad7e665fc93632641c99d39c09	1341496
waveform/c/788/0/0/0	2ea127139c8940a2a1d886f73e834044978061f6b23286d50b410b0e81a3f974	1347894
waveform/c/789/0/0/0	25ff9730255f4a5138ee447cbf160b5f9e2a28df31f64c61e33896f67d768927	677054
waveform/c/79/0/0/0	3539d906fafe535ec49a49f9edff6ad36ac16fe6f0af92769860ec2ec0586a04	1473542
waveform/c/790/0/0/0	ae3067509601d62efd4c926b87624e5e8cc25c7b7150b022a8a1cf0e1a5bb1ae	624676
waveform/c/791/0/0/0	9bfaabf7fca4e263ada514dbb8c1ee544da446958f0d785cc81d9eb733a5e979	536935
waveform/c/792/0/0/0	3d159c4bcddf59883d5f820d992aa7a53c498e1ee9b3d14e2bf242bf93daf872	539600
waveform/c/793/0/0/0	5372312831c2641f291ac2810107b660911d5732589fd0e252b7188c742a3603	1082518
waveform/c/794/0/0/0	2b663ced2a39a0f90c6706e117f0a934b43dae535fbeaa109d7d434cdeabf5f2	546212
waveform/c/795/0/0/0	62f13a47afa9a07254ea5c46de044ceb773f2d6b7efda8b7ba6f9418387342bd	535401
waveform/c/796/0/0/0	977d617d897230dc712f52eae9ab1fe7cd06f2b6a6b1e65a52a4d1ff0f40e051	542090
waveform/c/797/0/0/0	fd4415dbc3eb5a3b299f2a8143b57f05469b33d48a92eca41d099d7af50495ac	402912
waveform/c/798/0/0/0	5e31c69966340a964ae22f507b68b68e6adcde8e4aaa11960855cf793a8250fd	542800
waveform/c/799/0/0/0	442e124fc1ec72137711b87042ca849bb4fbeffbc967d9328d90ea5ddedc4c14	406504
waveform/c/8/0/0/0	35860748673f5374a07932c7cdb011b33c79173b4d395880a3835ba02412e6e3	942753
waveform/c/80/0/0/0	3218b18e03da7a2f91167a0b92eb5f203fc26c9132c8db940addc4e55776323c	1476267
waveform/c/800/0/0/0	db68044634801dc20ad0b4cba2e498cf72e9407d4d5d9b25dc1c9c08a2cc76aa	538812
waveform/c/801/0/0/0	6d464d4dbc04ba81d6bcec0abb17565792a95e667386a024638d36c881fd552d	408618
waveform/c/802/0/0/0	6cbe8918279ea7caaf15a94e79a614aa3ff65f7d4db740dee8c06d0115bacfcf	401526
waveform/c/803/0/0/0	b58cfc9a21864b294c17e3cd446856a4ef4076df84c86374abc8718b1f2f19be	806414
waveform/c/804/0/0/0	11c3ac94653a74a59d4732cb5559d69cdf1ffdf2fde19503335711bd28fe01e3	1217337
waveform/c/805/0/0/0	6d450a9b29a5fadef68ec63a197eccb391a60980db42e7ceb5483e7d63f440dd	809564
waveform/c/806/0/0/0	9cbb8b74625c8008da6d27783f5129bce58ddfb3dd2b9e5c01e8acfb022e6b12	809516
waveform/c/807/0/0/0	4643926d07fb9fa74ae15ca271a52f1d43978317a351f182f8312279955b1033	808360
waveform/c/808/0/0/0	d9881e1fe3941d968237a00fcc430367a937944956426cac98bc9c986cd9f0ed	802345
waveform/c/809/0/0/0	2e76a2b9043a7cb8b05ff87721c68b532271d6991f46849355c4eb3187877ce2	1081527
waveform/c/81/0/0/0	53c91917c29a10abbba2f49cdb6d4348bf5af7c584c7f817c984e3a83eb22e8a	1473006
waveform/c/810/0/0/0	867feeec2a3f1d7792201743c9148aa614fc2d5fd633be732a8be8445084fe68	801458
waveform/c/811/0/0/0	bbe6f8581cad141830a4e725af19545ca426e641699f28cc093bde14552c4b78	542803
waveform/c/812/0/0/0	f9364160da607253d184d75d7c9d35e07bfca9b70a62381f137ce16357036927	539269
waveform/c/813/0/0/0	37ade62458ed500fff34cde5e813633353c1afe882fce35d4a9bc3113f195917	1087574
waveform/c/814/0/0/0	d6c75014929ff0d0d782acf576b55f0291b5a3e8d14652b9ef96f57897fac70d	807465
waveform/c/815/0/0/0	2be16191dc627890b6f202e158a075b87155e8ea66aa8e7ecc70cbc5a75f6f81	1081405
waveform/c/816/0/0/0	fa580a25ae84f7323b981ea57ad76878fbf9f98843eed9e233f2b619a026e25c	953194
waveform/c/817/0/0/0	f34375456f337b6aa0d06a88ae52f867374c44f9cb4447c97933870f8d2fa22d	946591
waveform/c/818/0/0/0	066397516b0bdc9744634632dbfa61ca488f6c5a6c99e401255fc2ef8fe75065	1092760
waveform/c/819/0/0/0	da1ab9eaabcc162a87b298db28a7afbf0914a9c8542be819c4e601e81b96bb40	406480
waveform/c/82/0/0/0	20ad585fa70732815aefccff639b6521de2dfb8aeb70dc419613119db949292b	1470681
waveform/c/820/0/0/0	18b5ab3c9f093ebdcfd2c414027b148bc624b5f1764b7b0ebab05c2b8df987d3	1076920
waveform/c/821/0/0/0	2be16191dc627890b6f202e158a075b87155e8ea66aa8e7ecc70cbc5a75f6f81	1081405
waveform/c/822/0/0/0	fa580a25ae84f7323b981ea57ad76878fbf9f98843eed9e233f2b619a026e25c	953194
waveform/c/823/0/0/0	066397516b0bdc9744634632dbfa61ca488f6c5a6c99e401255fc2ef8fe75065	1092760
waveform/c/824/0/0/0	f34375456f337b6aa0d06a88ae52f867374c44f9cb4447c97933870f8d2fa22d	946591
waveform/c/825/0/0/0	da1ab9eaabcc162a87b298db28a7afbf0914a9c8542be819c4e601e81b96bb40	406480
waveform/c/826/0/0/0	2812231ac7555931002bf4b486be472c8f5303bf6f5bf40b7161e5f1f4d54cb7	1077440
waveform/c/827/0/0/0	f01e25c64fd8e81339d9535afe035ed7077388fb798d24f5c5fd1ee6d254dca2	1210692
waveform/c/828/0/0/0	969ef8c4d226406f757124e10ca4bf469c866d91cc09c0ebac5d151f085834d2	1204996
waveform/c/829/0/0/0	08517c027aa2f1ac1f99263f6cd2be11db3e3fcddfa0c0cd9af337e1106d20c2	1347142
waveform/c/83/0/0/0	1d764044522a5ece20824c81073aaf931fc24428ea81a68fafcfb467ec00cf2d	1472206
waveform/c/830/0/0/0	2541b41a45a9464183cf44fbf2e9975eda63a15081b884b6b21803bb51254e39	1084511
waveform/c/831/0/0/0	1916fea6c3d0ff866eab7b2ed1867c3f8441e8a39e5e9ec0d4f027a2ccf4ac9f	1211067
waveform/c/832/0/0/0	4391262c8e5d6ae3485191522864d1943282742696171a21473ac1b1b1579e17	1072106
waveform/c/833/0/0/0	0733fd439b70eef16986478388ce583f8bcad6fd2f439a408a4211aabd174d24	942978
waveform/c/834/0/0/0	5fab3e3185b71d54319fd4fa91d3182cd70c2cca8bed0c4f17825d7c8582a0f5	811035
waveform/c/835/0/0/0	828cfa3df9d5550e8770fc9368ae3aa0aeeb450807a0faac80b38bd53dfeb3b5	947608
waveform/c/836/0/0/0	7abcadce58823d122819bec8fe453296553f2bc57577239c70c4afbccc769022	943717
waveform/c/837/0/0/0	29b1b39b1bbc3fc45f3bc447841646969642dbf2f5db8e4a6abff82a5c50044e	1211222
waveform/c/838/0/0/0	f4e593b0b37411649da827c2d1d2b1fa1d70f93a613ea9363cf6a8569401252f	404672
waveform/c/839/0/0/0	f9c83cb37c95a75b459aecd02cbe8f230a46543cc8c8feef0fb5b865ad29e93e	676052
waveform/c/84/0/0/0	2740aebaa9872d868c7e5ef289fcb9b8b35af5f1601aa2f75b96fe45e2e4d5c1	1472700
waveform/c/840/0/0/0	3d7ca253f88b46baa45e6b917f0a9b0d9a61ddc0ea92d36973437763c4ed39a0	401196
waveform/c/841/0/0/0	a6fe54586194a1e69213a48c689185f637d5c3a2fe24c74fe2f37b45fc43cf61	676605
waveform/c/842/0/0/0	52a8f7135cd5d19d644698a4fc91f8e54186d8d3f8d83211cef3b1b02ef48737	314733
waveform/c/843/0/0/0	f9d44dd448df288e22aef326867b6cea0226accce839b4d7cdf4dad2b8ab0b9b	808037
waveform/c/844/0/0/0	9e510821c6801f213d7b4d7863e31f8521bd537f0f5b622c3df93b7a3502e50c	1352221
waveform/c/845/0/0/0	91d112f1a8469714a48157386de06e4c3e0d686d18b92a8c3770cf4da3e909c1	676618
waveform/c/846/0/0/0	4b5d03e704182ee063631c9151b7f337a48fca4c84c0187f40e059abc9145255	676240
waveform/c/847/0/0/0	fc923d8dca40ed0ec60d5079723287066294c9cb36d962e72244e66115cdd3f9	1342845
waveform/c/848/0/0/0	4ae9ef2d6af1b30dbdc5538f66b162c3ef6b1dbf83bb6ab2243c3216decf6dee	1203676
waveform/c/849/0/0/0	706e38d7e0c0e94cd96be199c6ba26936058a3b320d92f01ee2bc498cc068aeb	1069155
waveform/c/85/0/0/0	c4f1a0011f8d441f20755de8d0043a6d574386ee5b10f2ba45076477c2150f4f	1469934
waveform/c/850/0/0/0	26ccb455da874b8006e59cf10dd2de2fa08b28704659ecad2b6a7ea68aaa5f8e	1203009
waveform/c/851/0/0/0	92945c472428cfacf02a633e93af39bee62281ebf1c3568f8c5ff03e5264a443	1606757
waveform/c/852/0/0/0	980766240413193ca7f5708cb813544cee9ed2aaaa078e602426d751d7c02adc	1605233
waveform/c/853/0/0/0	e2119993f69c6f3442fba98525925a12efdbd1e30efdb7921ea3d5ad404307b8	1607100
waveform/c/854/0/0/0	f4e593b0b37411649da827c2d1d2b1fa1d70f93a613ea9363cf6a8569401252f	404672
waveform/c/855/0/0/0	f9c83cb37c95a75b459aecd02cbe8f230a46543cc8c8feef0fb5b865ad29e93e	676052
waveform/c/856/0/0/0	d5a0d1e6c4eb3a7a323cd1e8e31c636e5fd1d28bc751e659e82541590329d5d6	1124339
waveform/c/857/0/0/0	3d7ca253f88b46baa45e6b917f0a9b0d9a61ddc0ea92d36973437763c4ed39a0	401196
waveform/c/858/0/0/0	a6fe54586194a1e69213a48c689185f637d5c3a2fe24c74fe2f37b45fc43cf61	676605
waveform/c/859/0/0/0	366921a81d398b85d5bd82ac7aeecc3fd76b5a4d90933dcd72a3361e64a364ad	493890
waveform/c/86/0/0/0	82b05cf861a23a17605d790505e1ab1bc01ccef1749431f6a5e6d676ca6b532d	624093
waveform/c/860/0/0/0	7c81ec86c0cce8516e5bb89a757926b410db5ca69b53bf723f1a092dfd3eee84	1359702
waveform/c/861/0/0/0	9af9adad6acb50b3c0adb96a91eeb622189608fa9dc5946ea49eb2cd843d108e	953355
waveform/c/862/0/0/0	590ff92758af592a5646cd632662db266846552c579b91dc28abee752e173247	1335937
waveform/c/863/0/0/0	7c81ec86c0cce8516e5bb89a757926b410db5ca69b53bf723f1a092dfd3eee84	1359702
waveform/c/864/0/0/0	9af9adad6acb50b3c0adb96a91eeb622189608fa9dc5946ea49eb2cd843d108e	953355
waveform/c/865/0/0/0	afc24ac0ff86e5c5e4886d28558a087c04624977901b18c3f96187a537838e1d	1337843
waveform/c/866/0/0/0	edd7be7007cd1475c0613a5644b1e221a6be0867f5ead266e1825fa4e7f1ac1a	945349
waveform/c/867/0/0/0	618ad6417c53074de3adb737342b752fc844ddca8ee51880d2b18b7f7187ddb3	1207183
waveform/c/868/0/0/0	988fe975ccab32c40db190ac0593ab6cb7cded217bf660a849ac00702b1a03dc	1072873
waveform/c/869/0/0/0	c5db00c06ae619ce10cab0858d23953839bcdfffd6fdeb3803eed83c65d21f08	810717
waveform/c/87/0/0/0	133ea03d2a2b12228ab3991c01033003fd9eeeb3170e9fa3aae13fb01ea72c04	624172
waveform/c/870/0/0/0	f1ddfa9cea161ba01f6f79b68cf869f4b1a8d7f8630f6a1416c9d4642d14d082	1071028
waveform/c/871/0/0/0	bec0cb1592e3a43ecfaae8c06df9a5ebc0b18a40ce5bd1471f6811783915d352	1075647
waveform/c/872/0/0/0	371f356daf1827ce20075a96971c37d26e2edfef17802e2ef6c2c388c383901b	724188
waveform/c/873/0/0/0	da5d7ec8604c72105bfd63a2edc03f6af272f89575078dc13787ae72f847132b	539879
waveform/c/874/0/0/0	3fc9e8e5e413f30a559f1291eb62708871e4cf3d979f73bf14ee51e3aefec720	1120529
waveform/c/875/0/0/0	e24dedcd3dbd8c0bc612b23edb41aa6ae80965ecf4017a62801f203a87d8e6a5	993316
waveform/c/876/0/0/0	2910eae2e5629b46392bc3ad8d4c368b2d1cd2028a98f735b8cbd7285af37c83	546199
waveform/c/877/0/0/0	4240a422a1ca198d6f5242177747f14a5a4b34ed74cd041bbe7c7ddbcd63b995	670041
waveform/c/878/0/0/0	da689f841ff099dfedba75387a2df5c27d791a281cda80b83fe40bfab5931111	1351248
waveform/c/879/0/0/0	850b6a66e2ee05131941fe1edb7bd7a1174377c60349ee3a72a0fd0c52a1e192	1366284
waveform/c/88/0/0/0	4ecf538be9a513e6ff75abc5f67181284ab66a3b1f2f2bd22807d8f00a636115	535604
waveform/c/880/0/0/0	55d9a906709ab311b0e84ae5915dd7f4ed8ac1b2e9383e6ab66ff261d2572379	1089949
waveform/c/881/0/0/0	61d61799b2103effe1cd8f58186614cde702f176bed444b19734eefe317ddfd4	1081680
waveform/c/882/0/0/0	1e612853e54a0277fd317335de36936f55cd181d8b3ec9d2d58cbf7274b3c4ee	1333495
waveform/c/883/0/0/0	645527e563eeaa94226eff45ba204245f80718f5ecf3c8ed8eb30dab766f1d70	1476966
waveform/c/884/0/0/0	5ab7dd8d71f924972190b9c0f89ca5836c8e5621c89fa289f78b50129404d99a	1082433
waveform/c/885/0/0/0	a6f85761ac36b83e9c78913a08bfeff5c7029637ca5b954bc710bd031c2ea36b	541042
waveform/c/886/0/0/0	6f40968e791940c2098c5465a10245634471c5b79b0708ae076650cb6469209b	672503
waveform/c/887/0/0/0	52e9013218b7c57fa4fa31f6a990728492ab4dfb97b29093eb9ebe74bd28cd0a	1204669
waveform/c/888/0/0/0	b96ac878af32aae9c77c5e87cebf1debfd3253454b171a981059ced121ba7d21	1089280
waveform/c/889/0/0/0	64b9807ffa4657fc194b4a087407e20d9cd3eec3301430d541515ee38489fb84	673881
waveform/c/89/0/0/0	2c6d0069cd3c65ae1a06dc57d45a0cc63e896ed4dd1eaa62a60bad8c24ef8e4d	401012
waveform/c/890/0/0/0	366d125fac6afc0c109dc9bba038c365012cefe649bcd4fb8c31f1baaf9ff2ee	1223329
waveform/c/891/0/0/0	8a32db1f9457857bdd928124409496a63012880720f29407ab6c6d73bbe6e9a0	953934
waveform/c/892/0/0/0	7ee6f040a8a3d6e3eae255523daaa08f95800a9bba97feafbda998f038519782	1080943
waveform/c/893/0/0/0	c59b463c78a7f05766a17c8fab2f4e551fb8aa008bb6dc47d8091fe42f6b69f6	1349055
waveform/c/894/0/0/0	c113224e9cd6998ad026983786ee265bd9b1d0dcdd73dd189284d0ef8689851b	1492843
waveform/c/895/0/0/0	11a72096222bc278a55b7171941921c76fdbac77e8a113101618ff7cf0bf87c8	1079793
waveform/c/896/0/0/0	6c21da0627ae047a894bb4fd60efcf3f4732d0571eaff47e343df4d7568eaf71	952465
waveform/c/897/0/0/0	0df2eb3c90decec1909ca7894054a9887fddca01cca36118de32ac2b08f96e0e	1087082
waveform/c/898/0/0/0	4cb055e621e886a73fff41d3173c32ee54e8f44bea2b1c5d3f19893195621217	1476754
waveform/c/899/0/0/0	c113224e9cd6998ad026983786ee265bd9b1d0dcdd73dd189284d0ef8689851b	1492843
waveform/c/9/0/0/0	18eff2e8dc40f5a72e7e29560551d7a0176222668e00314e475a0ca99985f40e	1074530
waveform/c/90/0/0/0	5acb641482a66f03e9427e3e96c7edb44a878bae3dbe289994c76209dbd93ac2	802044
waveform/c/900/0/0/0	11a72096222bc278a55b7171941921c76fdbac77e8a113101618ff7cf0bf87c8	1079793
waveform/c/901/0/0/0	6c21da0627ae047a894bb4fd60efcf3f4732d0571eaff47e343df4d7568eaf71	952465
waveform/c/902/0/0/0	0df2eb3c90decec1909ca7894054a9887fddca01cca36118de32ac2b08f96e0e	1087082
waveform/c/903/0/0/0	e2dcb91fa89427f26c7ae62bb87b89fed5f966a3610867a35396de03f84bcc13	1482640
waveform/c/904/0/0/0	70997a7ca63562ea3de2868736f13dbeccda91d6f6fa0c27a0bf27f5558caac3	859957
waveform/c/905/0/0/0	d2181ffcaffd5f85387b19864cbde72266e7a410c2ff3a54c418b90b8f43c038	675400
waveform/c/906/0/0/0	fd60769d19df965fdad715fdc13186624eaed7b856fc7ce3679ffe8ad9450146	1122801
waveform/c/907/0/0/0	d3d21b6feb43cb96d964d8f2efc134188c4f545f84d77b9e9a4e5d629ff2dbef	991048
waveform/c/908/0/0/0	0ca778ba0589b8f4650361ccc6eaeaf8d85badf8751db7f81d25479e7d968dbb	993780
waveform/c/909/0/0/0	f558fd861dc2e8bea922824c37287cedd986657db9a52206168dd9c08f107a3e	580620
waveform/c/91/0/0/0	3fa57477d03f0cdfc7bcf14e3007675ead270d37ce44f756d789f1458f3b3f70	808420
waveform/c/910/0/0/0	7f45ce154c2436dcb7324a5c06c4b72d80e3577025ffc367aa54b78e4865401c	676913
waveform/c/911/0/0/0	dda48d8d9a671490bb0122b596b3db481abc69d542e8cab651f353d14a8e27aa	538348
waveform/c/912/0/0/0	dbc6b629bb403c980944819b1e9b7ce785402699d62c96183ccb46b4dc6e3344	1261541
waveform/c/913/0/0/0	3d7ca253f88b46baa45e6b917f0a9b0d9a61ddc0ea92d36973437763c4ed39a0	401196
waveform/c/914/0/0/0	52a8f7135cd5d19d644698a4fc91f8e54186d8d3f8d83211cef3b1b02ef48737	314733
waveform/c/915/0/0/0	012311b98988e792c031e64df17110a12c09b1aa932e731716681c50c123fcd2	1072665
waveform/c/916/0/0/0	7f45ce154c2436dcb7324a5c06c4b72d80e3577025ffc367aa54b78e4865401c	676913
waveform/c/917/0/0/0	dda48d8d9a671490bb0122b596b3db481abc69d542e8cab651f353d14a8e27aa	538348
waveform/c/918/0/0/0	dbc6b629bb403c980944819b1e9b7ce785402699d62c96183ccb46b4dc6e3344	1261541
waveform/c/919/0/0/0	3d7ca253f88b46baa45e6b917f0a9b0d9a61ddc0ea92d36973437763c4ed39a0	401196
waveform/c/92/0/0/0	0d3b75664d068122fb8ea008ed6de516aebf232aa5b3849b4c874b11deb2e513	1080893
waveform/c/920/0/0/0	5cda3b81958dcd12d24db50d30931b95be38c45236371765624b5b7b8a1a8205	813077
waveform/c/921/0/0/0	71092c5babf57a382fdefc194813255c3ee0ffff213e88bd55476268b38ecd80	803347
waveform/c/922/0/0/0	f0de56ada173bdb952113037ac72f3a4e504274b3f9e598cc6e6494878974f6f	1217336
waveform/c/923/0/0/0	a8c6c5c280203b8418d43cc0b7b573ee92957510c0ced6e32e66bf5b2b88de63	1349692
waveform/c/924/0/0/0	80a96ba5749b1d87ea766146e892d1c1d55b57580b121496328d55842e9a3619	1325430
waveform/c/925/0/0/0	f08c0d46d30665d0b34464fcad30b641d48116abb1c9d9675434f96a2d894b9d	950251
waveform/c/926/0/0/0	2a0beb2982b4fc1d155cb5d610550a54e43f3bcc2c6c6bc1c3fecd1f9b0ecbfd	1363325
waveform/c/927/0/0/0	f7526c2ac34034069f94d09b7391a6673b7a7ebea980088e5def5fde4ec577fa	1343618
waveform/c/928/0/0/0	214f7282f61dc0ac1d488774ba40f9f81483e80fa38427e37a17d4e996618a94	1485392
waveform/c/929/0/0/0	c0b8c5f4a45e162ce26d218fb361df2da94e4ead33e78604d12a3bc05157db41	1353348
waveform/c/93/0/0/0	8b5c671646ee250f928e44e4ac18ffd0f0825a53734658c01d8ce29cb94d83fe	1077112
waveform/c/930/0/0/0	2cc18b792a412dea24d6a056f7cc86ac70e450752a180135d8a62266f4d91f1a	1357080
waveform/c/931/0/0/0	29f745d04361dbb9cc372832f3524b0fcd7f5dc906e20264958e03b405b0db63	1477152
waveform/c/932/0/0/0	11c2ed921959e98ab589f4726afe0f205c044f5a3df534a972cd95576dee7508	1482346
waveform/c/933/0/0/0	016d1dc85b2097b78aedc1821f6417807b3292d5ffad75355b63cd43b0f65ca8	1470060
waveform/c/934/0/0/0	dcd0a2519857e84d1e4b5e1f4393ba6410abcfd50d54cc697f6f2e67e1d9923b	679724
waveform/c/935/0/0/0	7a0ae4a2b6161d67797e0e154e163daa779262421ce2665acba24463ae7448a2	673707
waveform/c/936/0/0/0	df7570609cb885b243408d5b74dbf3529f6287f56ac1cad9cae37373788931d4	406842
waveform/c/937/0/0/0	dc4be36910497590a897a23a0d8fbc6f0081d0aade7de4694b29f08b650fa8c0	810636
waveform/c/938/0/0/0	fd2446105f9d8bd3a564e3a37fc7719e9dd9e2bcd74f0dfe02b84259c791a251	671862
waveform/c/939/0/0/0	51b4f64596533de6f258b3f67f0e3816333793b6f2a3b338310f03e5f5bad6b0	668488
waveform/c/94/0/0/0	f6ef95f2bd0b6373005938d6432c63f7f5356b85c710ab7d7bd668f60e936c3f	1117232
waveform/c/940/0/0/0	4dd46beb8da5c69e46bcf5e7a2d0388e3fda24867f86ac5832d37907d5cb0c27	808553
waveform/c/941/0/0/0	0a68393c8c75be6b45035036ea8e51b4df42d03cd1391e4c74b8c0f4493154f7	1223386
waveform/c/942/0/0/0	e633b7ea8185c2cc3f881b5680db79692122828b3dc8dff4a8ad3b28ea1bedcc	942969
waveform/c/943/0/0/0	e6a8281987008ce365767bd24e35bd3e0d5532cbc962e767be9fffb388a0ffeb	1209218
waveform/c/944/0/0/0	eb58b193690dbcf0377f58a3564a43b3dff373a00805efe7428ad3791deef5b9	944718
waveform/c/945/0/0/0	5b997c75823a603abe620b7bfbdcc1e29a11342cd52b8c13579b456b7001032b	1204669
waveform/c/946/0/0/0	4dd46beb8da5c69e46bcf5e7a2d0388e3fda24867f86ac5832d37907d5cb0c27	808553
waveform/c/947/0/0/0	0a68393c8c75be6b45035036ea8e51b4df42d03cd1391e4c74b8c0f4493154f7	1223386
waveform/c/948/0/0/0	e633b7ea8185c2cc3f881b5680db79692122828b3dc8dff4a8ad3b28ea1bedcc	942969
waveform/c/949/0/0/0	e6a8281987008ce365767bd24e35bd3e0d5532cbc962e767be9fffb388a0ffeb	1209218
waveform/c/95/0/0/0	d27f0d87a0fb09f8649d6e0a2efbf6226882f56aaa7ebcc2a29eb92c1529e77a	1208544
waveform/c/950/0/0/0	eb58b193690dbcf0377f58a3564a43b3dff373a00805efe7428ad3791deef5b9	944718
waveform/c/951/0/0/0	6d83a0ff2110b8b0d330cafc60b9609dc2ae9bf6ce40d55d85ea2e9df2e9f001	1204636
waveform/c/952/0/0/0	4dd46beb8da5c69e46bcf5e7a2d0388e3fda24867f86ac5832d37907d5cb0c27	808553
waveform/c/953/0/0/0	0a68393c8c75be6b45035036ea8e51b4df42d03cd1391e4c74b8c0f4493154f7	1223386
waveform/c/954/0/0/0	e633b7ea8185c2cc3f881b5680db79692122828b3dc8dff4a8ad3b28ea1bedcc	942969
waveform/c/955/0/0/0	e6a8281987008ce365767bd24e35bd3e0d5532cbc962e767be9fffb388a0ffeb	1209218
waveform/c/956/0/0/0	eb58b193690dbcf0377f58a3564a43b3dff373a00805efe7428ad3791deef5b9	944718
waveform/c/957/0/0/0	d3b698aec1b63c61809e08a1ada8f6c6011e4686a2c5d3337486ed34b9d207ec	1207318
waveform/c/958/0/0/0	f5be168196f21a56b598769b391bdf144c0708228d3c4eb43280142abb168e3a	1625543
waveform/c/959/0/0/0	730ac8c27537411f75258712b71c5911930d62a36380727660f155236142cb45	945237
waveform/c/96/0/0/0	4cf038029f8250345ef20a754d516db6ebf745f8009b7a6460f0cc4a06ca2d2e	804087
waveform/c/960/0/0/0	0801d20353d718b88bb63d2e093d6585c1fca1bf72fe3820782b6f4a162b82aa	1627010
waveform/c/961/0/0/0	687d16324438abb9eee245f0e44cf69c90f2b017b74fe2c933dcbecdeeb606be	1220165
waveform/c/962/0/0/0	064b80b19867d3359b927397cf83fc6225f4338778ae254b985fcbd77cec8b64	1615660
waveform/c/963/0/0/0	a28621d6f939c5a61119db1f07e621f1ce478c6eeae5d89cfa07f45e7ee67d84	1475128
waveform/c/964/0/0/0	f5be168196f21a56b598769b391bdf144c0708228d3c4eb43280142abb168e3a	1625543
waveform/c/965/0/0/0	730ac8c27537411f75258712b71c5911930d62a36380727660f155236142cb45	945237
waveform/c/966/0/0/0	0801d20353d718b88bb63d2e093d6585c1fca1bf72fe3820782b6f4a162b82aa	1627010
waveform/c/967/0/0/0	687d16324438abb9eee245f0e44cf69c90f2b017b74fe2c933dcbecdeeb606be	1220165
waveform/c/968/0/0/0	064b80b19867d3359b927397cf83fc6225f4338778ae254b985fcbd77cec8b64	1615660
waveform/c/969/0/0/0	e148ec983b4de8cd395d42032f578ff1b2fa51313b681595b3cc352dee2a1191	1474834
waveform/c/97/0/0/0	b2f1d0acc117a5cd769e66094f437c01006f2b26170a405f2f0d6f5e8bde4525	1339891
waveform/c/970/0/0/0	c944bfa54df3cdf446c1a669c0b65904081f1d7f9b684244717eec9122f643d3	543447
waveform/c/971/0/0/0	6404f1680a1b686ed15d90bc2740b4ae1fb98beb439fc266464c8d5f8ac0b024	669363
waveform/c/972/0/0/0	0cc3cff01c3c93ca7ae7ed341122c7a1d439ff0c1c8877aefa293333a9ad6043	534984
waveform/c/973/0/0/0	c944bfa54df3cdf446c1a669c0b65904081f1d7f9b684244717eec9122f643d3	543447
waveform/c/974/0/0/0	6404f1680a1b686ed15d90bc2740b4ae1fb98beb439fc266464c8d5f8ac0b024	669363
waveform/c/975/0/0/0	ce471cc8010f109cbc7e58a2717b38490f99d191d9c6b972fe48620d54003076	534651
waveform/c/976/0/0/0	80d2661f519f5d95852ef65217cba35cf91ec9227946f7290887ac8bec0b91ff	671255
waveform/c/977/0/0/0	22c6e3f31590deb5af3b8a3e7f06c6042a0a3e8e2dbe20a563a873f0cc05b806	668254
waveform/c/978/0/0/0	0151d1c7c100181a00616e6bc4e9e07735a323a85836c955e4d4109b94769439	403425
waveform/c/979/0/0/0	5b38e740b5fa2b418fbcae0d2abb20d6d3e5144b5f7cbff4d91c184ed1f12a5d	408460
waveform/c/98/0/0/0	677f08ff2836d077b58458de6b59dc76bc8739b81721961397b3606666c556ce	1604603
waveform/c/980/0/0/0	9fe3552644a954fcc17281ef2d1f23fb747d34d0987be8ca06e790b77fea87f1	403038
waveform/c/981/0/0/0	9eecb5e23f3524452ae61793c50426b303614f98851c1cd6648a4aeb011e0e22	681160
waveform/c/982/0/0/0	2386e855722591d03975401d94069788c754d9b7d1b828e223928c2c45b791fc	534339
waveform/c/983/0/0/0	5ab7dd8d71f924972190b9c0f89ca5836c8e5621c89fa289f78b50129404d99a	1082433
waveform/c/984/0/0/0	6f40968e791940c2098c5465a10245634471c5b79b0708ae076650cb6469209b	672503
waveform/c/985/0/0/0	00be020d6f4c4987acabec7c50703fef0212fd979730ea768f2c4fbe38c4a56e	541964
waveform/c/986/0/0/0	2d24dd59f89c5b7eed162583cbf561efdd249c7e5b1811b1728a12698e855ed0	949231
waveform/c/987/0/0/0	d8aecf45e87a6a060c15adf9b3843a92f96a10b0dcd743907d21227a7f432b9b	1074557
waveform/c/988/0/0/0	f28c4b4554283ceb51ccbec31707ae41bdeea7ad8e84764b8975d91cc3864650	1074790
waveform/c/989/0/0/0	792d21a064bc67929d24f3b758aece6c93b74e71e28a8689addabb569b4b72c7	813628
waveform/c/99/0/0/0	cc010bd95a1aede47b8a91ba84c390ef4c768957f4f3d891fa01e12245549661	493855
waveform/c/990/0/0/0	df490ac7180fa3f7ac47c064361c07fae07a3263dbd1c29be667d8da689d45b2	674020
waveform/c/991/0/0/0	1b8b8ce0e86f9be3d32f0bc37109325ebb53103f9807eddf70ae665133a694cd	1082058
waveform/c/992/0/0/0	6606d55fe15e85c964622622ac0a068d8095c5a4efd4b0e0d073a8c0feb54395	951143
waveform/c/993/0/0/0	6e4d267ed3b7e2d0035e3ff984e5a1b857433084d9b0c8de3644ba8fc753bf0c	1531207
waveform/c/994/0/0/0	361bf04380f4889192b6d9556affdf2a915db048c8dbcade55be2c858d6f958c	848802
waveform/c/995/0/0/0	c94b052fa452094fb26a1bd73c3bc18bb643c48b653ca97e096fd079c6b2efea	1488258
waveform/c/996/0/0/0	2478123f78a2e4701b2d20b3c8ebad3c8c56d6ebd3e1f92955edaec38b5bd3be	536700
waveform/c/997/0/0/0	bdf935f06dfdf54afe315ab60a3a5f0067452f2d73ec0fefdd39e881988f11ee	1345216
waveform/c/998/0/0/0	44706ff95b33be0ee78e17ebafda2db88436a9a7183508eabdfa477bf89e035f	400773
waveform/c/999/0/0/0	86ff2dcd4fce4e0d847a9452eaa5bc0ad75507d8c19fac8ffc993d2a69e00a0b	677345
waveform/zarr.json	e0a9aeeee81bd88650746484bb9b18fe0aa53da721e41b17bba2f5b7df04a642	684
zarr.json	36615682d5be9646729635067a75185212eb0c48d708ef06ad34c1f58dd587d2	66
