tree
version=v4
num_class=3
num_tree_per_iteration=3
label_index=0
max_feature_idx=78
objective=multiclass num_class:3
feature_names=vert_log_lp_sp_ratio_med vert_log_lp_sp_ratio_mad vert_log_lp_sp_ratio_p90 vert_log_vlp_sp_ratio_med vert_log_vlp_sp_ratio_mad vert_log_vlp_sp_ratio_p90 vert_log_lp_mid_ratio_med vert_log_lp_mid_ratio_mad vert_log_lp_mid_ratio_p90 vert_energy_fraction_lp_med vert_energy_fraction_lp_mad vert_energy_fraction_lp_p90 vert_energy_fraction_sp_med vert_energy_fraction_sp_mad vert_energy_fraction_sp_p90 vert_spectral_centroid_hz_med vert_spectral_centroid_hz_mad vert_spectral_centroid_hz_p90 vert_centroid_drift_hz_per_s_med vert_centroid_drift_hz_per_s_mad vert_centroid_drift_hz_per_s_p90 vert_spectral_spread_hz_med vert_spectral_spread_hz_mad vert_spectral_spread_hz_p90 vert_envelope_duration_50pc_s_med vert_envelope_duration_50pc_s_mad vert_envelope_duration_50pc_s_p90 vert_envelope_duration_20pc_s_med vert_envelope_duration_20pc_s_mad vert_envelope_duration_20pc_s_p90 vert_envelope_rise_10_50_s_med vert_envelope_rise_10_50_s_mad vert_envelope_rise_10_50_s_p90 vert_envelope_peak_over_mean_med vert_envelope_peak_over_mean_mad vert_envelope_peak_over_mean_p90 horiz_log_lp_sp_ratio_med horiz_log_lp_sp_ratio_mad horiz_log_lp_sp_ratio_p90 horiz_log_vlp_sp_ratio_med horiz_log_vlp_sp_ratio_mad horiz_log_vlp_sp_ratio_p90 horiz_log_lp_mid_ratio_med horiz_log_lp_mid_ratio_mad horiz_log_lp_mid_ratio_p90 horiz_energy_fraction_lp_med horiz_energy_fraction_lp_mad horiz_energy_fraction_lp_p90 horiz_energy_fraction_sp_med horiz_energy_fraction_sp_mad horiz_energy_fraction_sp_p90 horiz_spectral_centroid_hz_med horiz_spectral_centroid_hz_mad horiz_spectral_centroid_hz_p90 horiz_centroid_drift_hz_per_s_med horiz_centroid_drift_hz_per_s_mad horiz_centroid_drift_hz_per_s_p90 horiz_spectral_spread_hz_med horiz_spectral_spread_hz_mad horiz_spectral_spread_hz_p90 horiz_envelope_duration_50pc_s_med horiz_envelope_duration_50pc_s_mad horiz_envelope_duration_50pc_s_p90 horiz_envelope_duration_20pc_s_med horiz_envelope_duration_20pc_s_mad horiz_envelope_duration_20pc_s_p90 horiz_envelope_rise_10_50_s_med horiz_envelope_rise_10_50_s_mad horiz_envelope_rise_10_50_s_p90 horiz_envelope_peak_over_mean_med horiz_envelope_peak_over_mean_mad horiz_envelope_peak_over_mean_p90 log_hv_energy_ratio_med log_hv_energy_ratio_mad log_hv_energy_ratio_p90 lp_rectilinearity_med lp_rectilinearity_mad lp_rectilinearity_p90 lp_envelope_coherence
feature_infos=[-5.3826625420604142:3.0547406941439186] [0.0066688598788688935:3.2706815928259907] [-4.4803935376298938:4.0217867387791255] [-6.3718725288570965:3.0716817292723899] [0.005807911855145953:3.2402981314092014] [-5.9254803954890667:4.5533174294428518] [-5.6543145066048952:1.6977747024800021] [0.0005221468834148979:3.1016351687258492] [-5.342908329670486:2.5373778912799003] [1.5208103911950033e-06:0.36705855542578186] [7.8404523267406988e-08:0.22399674251012097] [4.7340273218905529e-06:0.7041519472438531] [1.2677898727997597e-05:0.92729447205305182] [5.4204368660349964e-06:0.38268307640947347] [3.8616040374141677e-05:0.97317024258753426] [0.069306844512545263:1.4358353718131358] [4.8828742753997956e-05:0.73389823007487309] [0.10859589934246772:2.7737612419994515] [-0.0032657841601809235:0.00092578460841803321] [7.751533242989464e-07:0.001466874704520785] [-0.0023576734353271647:0.0023203650225453853] [0.023792178695632972:2.0385607375773649] [0.00019851497873851764:0.9676271215296508] [0.025575586568876516:2.5547107805551854] [6.2000000000000002:319.04999999999995] [0.050000000000000711:152.89999999999995] [9.8399999999999999:507.82499999999999] [18.100000000000001:576] [0:236.30000000000007] [28.860000000000003:592.22000000000003] [0.29999999999999999:474.30000000000001] [0:181.97499999999999] [1.6400000000000001:476.26000000000005] [1.9571529577811906:32.145435149668458] [0.001134147657638529:17.612320426209379] [2.1875305777287695:53.291925326064444] [-0.79244395781601651:3.4046711722095866] [0.00034872698627053111:1.7069339513370574] [-0.38985234574102434:4.9257243169996636] [-1.6280068507003358:2.9778873368543115] [1.3536182118627227e-06:1.8952547578312591] [-0.74367116143174261:4.3360197043110613] [-1.1827528677212331:1.6668042540843024] [0.00025504399370399056:1.3998801560416521] [-1.0384824536351318:2.5898624907102676] [0.017564515331950348:0.61969527091747267] [4.9539190194347604e-05:0.30435261163960059] [0.047492727695169976:0.75459276798980668] [0.00018170759994994029:0.29927275962638539] [5.2788473165229881e-06:0.19320703811539244] [0.00073979954693302933:0.57110640946433133] [0.053820124361505101:2.3680095667548162] [0.0005709820827412837:1.1021892039146932] [0.15056797345596579:3.5255386031061491] [-0.0025498421164579454:0.00053723974525508443] [6.4595062530641012e-07:0.0016798474349453228] [-0.0019652525394842448:0.0027561774765391994] [0.068368001858212291:2.1475481114981947] [0.0014442828903324656:0.99814857542442681] [0.12458744095757145:2.9708120516766598] [6.0999999999999996:399.02499999999998] [0.10000000000000142:199.90000000000001] [9.5700000000000003:560] [17.149999999999999:593.17499999999995] [0.10000000000000142:253.79999999999998] [28.75:600] [0.55000000000000004:322.55000000000001] [0:184.15000000000001] [2.02:474.85000000000002] [1.7716507513030735:35.547370159424219] [0.0080178119920479851:17.835197623272563] [1.9934274689721345:63.153984786537436] [-0.021399712701144904:2.1557607343723135] [0.00027478918482218284:1.5832930523705393] [0.029856056033184059:7.4803355935805413] [0.46771242080174535:0.99540084946997287] [4.3798572977316041e-06:0.29112934576260541] [0.55494986999890827:0.99998602964584227] [-0.13744674606770271:0.87521710336074054]
tree_sizes=1268 756 1059 1614 785 1413 1609 779 1304 1189 791 1291 1087 889 1188 1413 679 1194 1309 789 1501 1201 786 1094 1301 887 1097 1197 896 1091 1202 789 1093 1407 883 1082 1196 790 1195 1409 781 1193 1301 1001 1299 1101 892 1192 1606 891 1204 1525 785 1400 1419 781 1092 1399 785 1100 1421 1000 1305 1204 1091 1195 1310 880 1092 1404 891 988 1512 1199 1093 1507 778 890 1202 1189 1205 1307 888 1204 1089 891 1298 1310 893 1199 1294 995 971 1091 981 1196 1511 785 1087 1299 1100 1409 1506 987 1299 1198 1199 1200 1208 993 1093 983 1087 1072 1200 1204 1198 1089 888 1294 1625 994 1302 895 1096 994 1307 885 1411 1100 1202 1193 1180 1312 1597 1515 993 1098 1728 1311 1307 1299 1105 1298 988 996 1404 893 1090 894 1630 1196 1408 1422 1091 1397 1409 1299 1515 1412 990 1003 1318 1208 1301 789 1315 1402 1408 1196 1410 984 1412 1090 1204 1205 1410 895 1303 1097 1204 1308 1298 1725 1194 1194 1732 1310 1311

Tree=0
num_leaves=11
num_cat=0
split_feature=18 78 46 72 17 57 55 66 58 53
split_gain=154.965 20.931 10.9818 23.0692 15.945 11.3313 8.20693 7.88958 3.08717 0.463212
threshold=-0.00062596201010288791 0.2577192714033556 0.029144760418149621 0.31690625093265351 0.29845904530524064 0.67506555838030458 7.1782675111605818e-05 18.325000000000006 0.091084804225005908 0.53549457004833834
decision_type=2 2 2 2 2 2 2 2 2 2
left_child=9 2 3 -2 7 -6 -3 -4 -5 -1
right_child=1 6 4 8 5 -7 -8 -9 -10 -11
leaf_value=-1.1243188630414991 -1.0681465845663707 -1.0750180666572231 -1.1294015763014729 -1.1457203082640652 -1.0651753233044061 -1.1015699247872177 -1.0242509455079705 -1.0863318163361457 -1.1138327761807225 -1.1481623210959135
leaf_weight=5.525161236524581 25.245366275310516 14.424922868609427 18.549278050661087 16.289189726114273 128.35913257300854 25.437951117753983 21.217217400670052 22.454233765602112 16.038553893566132 110.11908841133118
leaf_count=31 41 30 27 27 190 49 41 34 47 688
internal_value=-1.09861 -1.07898 -1.08417 -1.10329 -1.07852 -1.07118 -1.04359 -1.10608 -1.13083 -1.14725
internal_weight=403.66 288.016 252.374 57.5731 194.801 153.797 35.6421 41.0035 32.3277 115.644
internal_count=1205 486 415 115 300 239 71 61 74 719
is_linear=0
shrinkage=1


Tree=1
num_leaves=6
num_cat=0
split_feature=18 3 27 60 48
split_gain=663.764 27.3447 14.1584 5.47138 4.31765
threshold=-0.00045972125430269274 -2.7396890869521955 501.62500000000006 88.325000000000003 0.073701508150967612
decision_type=2 2 2 2 2
left_child=4 2 -2 -3 -1
right_child=1 3 -4 -5 -6
leaf_value=-1.0519930682582972 -1.0461174579437353 -1.1169938374186632 -1.1333918848627651 -1.1475336454385763 -1.0003877537045944
leaf_weight=6.9720748364925376 10.262929052114488 17.286394268274307 7.0172351747751227 245.6769282668829 116.44453372061253
leaf_count=33 50 41 12 345 724
internal_value=-1.09907 -1.14161 -1.08152 -1.1456 -1.0029
internal_weight=403.66 280.243 17.2802 262.963 123.417
internal_count=1205 448 62 386 757
is_linear=0
shrinkage=1


Tree=2
num_leaves=9
num_cat=0
split_feature=18 24 77 1 32 1 55 32
split_gain=235.648 28.8487 12.665 13.1738 13.0549 14.1183 7.77017 3.23668
threshold=-9.5054062025664202e-05 75.225000000000009 0.96704388785256035 0.26263308583637052 25.995000000000008 0.62629377182441148 6.6183089196321674e-05 185.00000000000003
decision_type=2 2 2 2 2 2 2 2
left_child=7 -2 4 -4 -3 -6 -5 -1
right_child=1 2 3 6 5 -7 -8 -9
leaf_value=-1.1482755769117252 -1.1375561644612013 -1.0371760267432095 -1.0867800874913269 -1.0218314840249096 -1.0979894532328169 -1.063317613666654 -1.055758476723667 -1.1075520042912828
leaf_weight=147.49555569887161 13.425651684403418 19.099701270461082 21.058107793331146 31.348712563514709 60.548702746629715 56.068489715456963 49.064231306314468 5.5509425401687613
leaf_count=830 24 27 29 43 85 81 69 17
internal_value=-1.09816 -1.06834 -1.06428 -1.05089 -1.07457 -1.08116 -1.04175 -1.14687
internal_weight=403.66 250.614 237.188 101.471 135.717 116.617 80.4129 153.046
internal_count=1205 358 334 141 193 166 112 847
is_linear=0
shrinkage=1


Tree=3
num_leaves=14
num_cat=0
split_feature=0 54 71 27 48 76 5 43 28 48 17 56 53
split_gain=141.071 25.2651 38.9529 17.2625 22.6724 16.8855 11.8353 14.6783 7.94379 6.28736 3.12478 1.8478 1.27394
threshold=-2.0117508704571523 -5.627093411573891e-05 10.814200965016747 508.50000000000006 0.014313343912346279 0.060929933262145082 1.2552377797681484 0.14930292263643061 30.025000000000009 0.0041540253555615685 1.5067353198269846 -4.321369214854154e-05 0.56456641462992974
decision_type=2 2 2 2 2 2 2 2 2 2 2 2 2
left_child=10 2 5 4 9 -2 7 -5 -7 -3 12 -4 -1
right_child=1 3 11 6 -6 8 -8 -9 -10 -11 -12 -13 -14
leaf_value=-0.025087469115224966 0.017474578917204813 0.028152013425877018 -0.04417820577669937 -0.015341801417480453 0.069445124671358383 0.09041007488511324 -0.029578544499070655 0.023791760418972997 0.044756274238591201 -0.0062384240257472683 -0.0051821324794874054 -0.0055180551509221507 -0.048452537417143782
leaf_weight=9.8049162328243238 18.923056095838547 24.493902802467346 8.8045462220907194 40.920972585678101 22.90808130800724 30.075730204582214 27.381440103054047 55.11096203327179 18.840317979454994 27.150526404380798 5.0076826065778723 4.9784469306468955 102.84914435446262
leaf_count=51 36 35 56 56 32 44 38 75 42 37 21 24 633
internal_value=0.00075414 0.0200803 0.0433243 0.0103271 0.0291504 0.0587702 -0.00118674 0.00712998 0.0740751 0.0102972 -0.0449509 -0.031532 -0.0466576
internal_weight=397.25 279.588 81.6221 197.966 74.5525 67.8391 123.413 96.0319 48.916 51.6444 117.662 13.783 112.654
internal_count=1180 475 202 273 104 122 169 131 86 72 705 80 684
is_linear=0
shrinkage=0.05


Tree=4
num_leaves=6
num_cat=0
split_feature=18 18 52 14 62
split_gain=562.866 28.9541 14.5898 6.71593 0.696735
threshold=-0.00045972125430269274 -0.0001042995878363205 0.093578173820212399 0.18971989129985753 194.34500000000006
decision_type=2 2 2 2 2
left_child=3 2 -2 -1 -3
right_child=1 4 -4 -5 -6
leaf_value=0.03525764212497378 0.044256236850544133 -0.028826382883598473 -0.025864034677461276 0.089279925892437675 -0.047690759959270489
leaf_weight=7.8993365615606299 12.734247609972956 10.625038653612135 15.171164259314535 117.6404854953289 232.37408241629601
leaf_count=34 58 21 32 700 335
internal_value=-0.00092928 -0.0414679 0.00655845 0.0861862 -0.0469874
internal_weight=396.444 270.905 27.9054 125.54 242.999
internal_count=1180 446 90 734 356
is_linear=0
shrinkage=0.05


Tree=5
num_leaves=12
num_cat=0
split_feature=18 60 55 57 10 71 1 71 20 42 48
split_gain=211.92 19.7278 17.457 14.5579 12.6188 22.4275 13.4042 10.4466 6.44091 5.69497 0.624636
threshold=-5.2826055304904786e-05 300.12500000000006 6.1783123100930302e-05 0.20539056108269202 0.0005593652830558827 2.7584587802233025 0.85806731900220157 2.6877349867860043 0.00049474554549407157 -0.55237033266342783 0.0076425546835516773
decision_type=2 2 2 2 2 2 2 2 2 2 2
left_child=3 2 7 -1 5 -4 -6 9 10 -2 -5
right_child=1 -3 4 8 6 -7 -8 -9 -10 -11 -12
leaf_value=0.061806173333730077 0.04341458334584352 0.066321024259184333 -0.0035829679556736251 -0.022595087787861193 -0.017137906273677974 0.060441349360821212 0.028671032403188447 0.063255885137541865 0.0042678318398188262 0.0084266437529646656 -0.048550063839175546
leaf_weight=2.3737808614969245 22.822450637817383 32.089641556143761 25.686658799648285 4.9240314513444892 46.525219544768333 28.00269316136837 23.053611770272255 33.919203102588654 5.9994868338108054 23.898022040724754 147.61924803256989
leaf_count=4 31 44 35 10 66 41 32 48 20 34 815
internal_value=0.000173407 0.0302954 0.0243299 -0.0439173 0.0123322 0.0303047 -0.00176881 0.0422943 -0.0458777 0.0260695 -0.0478649
internal_weight=396.914 235.998 203.908 160.917 123.268 53.6894 69.5788 80.6397 158.543 46.7205 152.543
internal_count=1180 331 287 849 174 76 98 113 845 65 825
is_linear=0
shrinkage=0.05


Tree=6
num_leaves=14
num_cat=0
split_feature=71 10 27 2 71 75 75 31 39 77 74 69 53
split_gain=121.307 20.7732 20.3471 23.4614 20.0151 16.3129 14.7128 9.61396 6.77839 5.10483 1.75357 0.561199 0.339043
threshold=8.9425377716395715 0.0006081756497289709 504.25000000000006 0.8575373883548929 3.5887419974030927 0.89658950635884727 0.84546004596167645 7.9625000000000004 0.28316185556262091 0.97960061396391052 2.3804882176759254 2.2812447326041765 0.54855981137876542
decision_type=2 2 2 2 2 2 2 2 2 2 2 2 2
left_child=1 4 7 -4 5 6 -1 -3 10 -6 12 -9 -2
right_child=8 2 3 -5 9 -7 -8 11 -10 -11 -12 -13 -14
leaf_value=0.022806427254065564 -0.025664686358287444 0.019658986271769732 0.04201871912133312 -0.01112285201389668 -0.042498583632166527 0.046342271510911158 -0.018596764039716007 0.08122062219087689 0.013777122027305581 -0.00056711086806635243 -0.018087116889146129 0.057312115437709171 -0.047240802123676068
leaf_weight=46.797109916806221 5.8276646584272376 14.93414421379566 42.533467814326286 39.079447939991951 20.792022883892063 30.742105349898338 37.970398426055908 15.697785794734953 4.8094073235988608 10.924401417374609 7.6800947189331046 26.213131472468376 94.154463961720467
leaf_count=65 34 27 58 55 81 44 54 21 19 22 39 45 617
internal_value=0.00192562 0.0192406 0.0330746 0.0167458 0.0060952 0.0157614 0.00425986 0.0558232 -0.0418375 -0.0285145 -0.0444258 0.0679512 -0.0462498
internal_weight=398.156 285.684 138.458 81.6129 147.226 115.51 84.7675 56.8451 112.472 31.7164 107.662 41.9109 99.9821
internal_count=1181 472 206 113 266 163 119 93 709 103 690 66 651
is_linear=0
shrinkage=0.05


Tree=7
num_leaves=6
num_cat=0
split_feature=71 0 54 59 0
split_gain=501.84 25.8468 13.3531 1.50587 1.005
threshold=6.6071885805495612 -0.50034037630060924 -0.00036638626487509767 0.89958329021113159 -1.9671294604549321
decision_type=2 2 2 2 2
left_child=2 3 -1 -2 -4
right_child=1 -3 4 -5 -6
leaf_value=0.011760264324489228 0.046884695117338684 -0.008160513305521094 -0.024466487762932313 0.080964862810851357 -0.046349519056833592
leaf_weight=10.185291811823843 8.2366965115070325 8.8441150337457639 8.9857240766286832 124.75179319083691 234.86797767877579
leaf_count=35 39 24 19 714 350
internal_value=-0.00128741 0.0737521 -0.0433077 0.0792198 -0.0456464
internal_weight=395.872 141.833 254.039 132.988 243.854
internal_count=1181 777 404 753 369
is_linear=0
shrinkage=0.05


Tree=8
num_leaves=11
num_cat=0
split_feature=18 27 75 55 52 15 41 78 19 6
split_gain=186.749 19.5855 15.4528 14.5016 12.1703 10.8931 9.45843 7.96297 5.39892 0.631454
threshold=-9.5054062025664202e-05 503.02500000000003 0.87763826595531669 7.361635090731706e-05 0.20010795678727231 0.2103848987797888 0.98225513014332266 0.024704315892141098 2.4934096401617224e-05 -0.84692686266971184
decision_type=2 2 2 2 2 2 2 2 2 2
left_child=9 2 5 6 7 -2 -3 -5 -8 -1
right_child=1 3 -4 4 -6 -7 8 -9 -10 -11
leaf_value=-0.047372639302529732 0.011401297008828623 0.019970005622736653 0.033877511349833855 0.027208588339107914 0.052019783966385597 -0.03311406682519482 0.080374057707346541 -0.0052568785032482057 0.045761471346108563 -0.021859340896043439
leaf_weight=136.24948352575302 26.1607785820961 21.029733955860138 27.827112168073654 35.885494261980057 22.699020564556122 27.084812834858894 22.438151255249977 38.155009001493454 35.37548440694809 4.9931301176547995
leaf_count=800 37 28 42 49 31 41 31 53 47 22
internal_value=-0.000645988 0.0247431 0.00434074 0.0340856 0.0207755 -0.0114357 0.0499522 0.0106312 0.0603332 -0.0466307
internal_weight=397.898 256.656 81.0727 175.583 96.7395 53.2456 78.8434 74.0405 57.8136 141.243
internal_count=1181 359 120 239 133 78 106 102 78 822
is_linear=0
shrinkage=0.05


Tree=9
num_leaves=10
num_cat=0
split_feature=0 78 45 51 71 44 68 63 53
split_gain=123.277 13.3584 15.328 11.8991 12.9112 5.95304 7.4944 3.23841 1.42288
threshold=-2.0117508704571523 0.32345498135009859 0.1433235826079203 0.22974738020874078 3.6227487580701085 -0.6549951965855535 42.267499999999991 572.07500000000016 0.55804514243068526
decision_type=2 2 2 2 2 2 2 2 2
left_child=7 2 5 -4 -5 -2 -7 8 -1
right_child=1 -3 3 4 -6 6 -8 -9 -10
leaf_value=-0.021452509616331578 0.025825494461279304 0.05286161916688701 -0.011469311725710637 0.034293074665206501 0.001119255623284678 -0.031896673982177957 0.0062980396406943102 -0.00096220623025441542 -0.046389240704093053
leaf_weight=8.7649833858013135 10.924532532691954 26.056005463004112 22.159580215811729 133.15916681289673 37.624771371483803 25.504376426339149 24.380511596798897 4.485141232609748 97.244785144925117
leaf_count=46 21 42 33 182 92 42 54 7 644
internal_value=0.00168335 0.0193404 0.0157044 0.0225753 0.0270337 -0.00610905 -0.0134726 -0.0428025 -0.0445472
internal_weight=390.304 279.809 253.753 192.944 170.784 60.8094 49.8849 110.495 106.01
internal_count=1163 466 424 307 274 117 96 697 690
is_linear=0
shrinkage=0.05


Tree=10
num_leaves=6
num_cat=0
split_feature=18 18 8 54 27
split_gain=453.478 25.2752 18.5003 2.60736 0.595817
threshold=-0.00019654923294621838 -0.00062596201010288791 -1.8168032492920785 -0.00027372271286940766 385.03750000000008
decision_type=2 2 2 2 2
left_child=1 -1 -3 -2 -5
right_child=3 2 -4 4 -6
leaf_value=0.076370771376303256 -0.008645303831620604 0.070009636619785695 -0.013368967435571519 -0.028034056662671669 -0.045632315494653491
leaf_weight=122.80014249682426 5.6058962643146506 10.258699014782907 15.634346753358839 10.906160160899161 220.71871107816696
leaf_count=693 15 57 40 22 336
internal_value=-0.00126092 0.0669406 0.0210401 -0.0441103 -0.0449278
internal_weight=385.924 148.693 25.893 237.231 231.625
internal_count=1163 790 97 373 358
is_linear=0
shrinkage=0.05


Tree=11
num_leaves=11
num_cat=0
split_feature=54 27 48 2 37 29 59 7 31 1
split_gain=195.529 20.0648 15.5348 13.4815 16.7386 12.6128 7.20967 6.39148 8.55659 4.4661
threshold=-5.627093411573891e-05 508.50000000000006 0.014313343912346279 -0.071386477720238414 0.4120423011871826 556.51750000000004 0.27529847850756556 0.30434285434274572 7.7874999999999996 0.38617311826938533
decision_type=2 2 2 2 2 2 2 2 2 2
left_child=5 2 9 4 -3 6 -1 -5 -9 -2
right_child=1 3 -4 7 -6 -7 -8 8 -10 -11
leaf_value=0.03323065171714816 0.0089926041458356538 0.049729386106785012 -0.021971393473347662 0.07732672370188387 -0.00735517747028799 -0.0090019021277802543 -0.046758012984905138 0.026317113088045158 0.064612398551709652 0.03852267500136039
leaf_weight=2.2053632736206046 23.311715811491013 25.133962333202362 23.758592888712883 24.622946590185165 24.806298658251762 29.180156916379929 144.25743824243546 32.866349697113037 29.146166682243347 29.667906165122986
leaf_count=3 32 33 38 33 34 51 817 44 38 40
internal_value=-0.000438053 0.0316652 0.011012 0.0431052 0.0217866 -0.0393852 -0.0453364 0.0550053 0.0450558 0.0259364
internal_weight=388.957 213.314 76.7382 136.576 49.9403 175.643 146.463 86.6355 62.0125 52.9796
internal_count=1163 292 110 182 67 871 820 115 82 72
is_linear=0
shrinkage=0.05


Tree=12
num_leaves=9
num_cat=0
split_feature=18 60 1 75 9 35 4 51
split_gain=114.535 16.336 16.444 17.4478 17.0167 12.6003 11.4274 7.18884
threshold=-0.00062596201010288791 300.12500000000006 0.38617311826938533 0.84618181472649989 0.00035962738051265177 2.7766825421188135 1.0756677704195394 0.3626423874209817
decision_type=2 2 2 2 2 2 2 2
left_child=-1 2 4 7 -2 -6 -5 -4
right_child=1 -3 3 6 5 -7 -8 -9
leaf_value=-0.045417764930387988 0.008940858011653308 -0.017211619975895969 0.040345943659876503 -0.015458811369632383 0.015309504210989547 0.069188216403428801 0.023290456380908289 0.0092067314053172963
leaf_weight=103.00894699990749 33.726734176278114 32.613179683685303 45.935734391212463 64.658596575260162 15.815168797969816 39.088977053761482 25.813559010624886 31.853149473667145
leaf_count=721 56 45 69 115 21 58 41 67
internal_value=-0.00039428 0.0157267 0.0199589 0.0106677 0.0372818 0.0542199 -0.0042691 0.0278737
internal_weight=392.514 289.505 256.892 168.261 88.6309 54.9041 90.4722 77.7889
internal_count=1193 472 427 292 135 79 156 136
is_linear=0
shrinkage=0.05


Tree=13
num_leaves=7
num_cat=0
split_feature=18 18 52 3 44 60
split_gain=444.833 11.6879 13.9739 5.264 2.41535 0.406126
threshold=-0.00019654923294621838 -0.00062596201010288791 0.12095693303449756 -2.7571252132375763 -0.041174165102166781 105.62500000000001
decision_type=2 2 2 2 2 2
left_child=1 -1 4 -2 -3 -5
right_child=3 2 -4 5 -6 -7
leaf_value=0.072273252708129981 0.0021303094812798224 0.075597618270334441 -0.019495790840812599 -0.02966625555858976 0.027387100298517649 -0.045164763941661634
leaf_weight=128.86612091958523 6.1332470774650565 8.7586631178855878 8.1770210713148099 12.179433315992354 5.8368222862482098 215.72581046819687
leaf_count=721 19 51 19 24 24 335
internal_value=-8.3409e-05 0.0663784 0.0313833 -0.0432447 0.0593103 -0.0444697
internal_weight=385.677 151.639 22.7725 234.038 14.5955 227.905
internal_count=1193 815 94 378 75 359
is_linear=0
shrinkage=0.05


Tree=14
num_leaves=10
num_cat=0
split_feature=18 60 77 67 1 6 1 67 77
split_gain=171.091 17.5782 13.6071 12.6194 14.9392 12.4068 7.42287 13.4681 9.44908
threshold=-9.5054062025664202e-05 300.12500000000006 0.96704388785256035 9.7250000000000014 0.62214829135772998 -3.0746919589791513 0.44851928843536581 7.2750000000000004 0.98395390898777935
decision_type=2 2 2 2 2 2 2 2 2
left_child=-1 2 3 5 -5 -2 7 -4 -8
right_child=1 -3 6 4 -6 -7 8 -9 -10
leaf_value=-0.045535412360212975 0.012776652029921171 0.057983661458941065 0.041662361368377879 -0.0075353869091571435 0.046880102673356794 -0.029487710404211304 0.061380891654379245 -0.011535426688281874 0.020825415492491506
leaf_weight=132.4381355047226 36.718816712498665 32.648750260472298 23.805397510528564 20.294492810964584 31.293619647622108 31.264591008424759 32.640679910778999 22.205412745475769 27.707746580243111
leaf_count=839 51 43 32 30 45 43 43 30 37
internal_value=0.000478058 0.0241297 0.0190036 0.00733156 0.0257371 -0.00680582 0.031935 0.0162892 0.0434037
internal_weight=391.018 258.58 225.931 119.572 51.5881 67.9834 106.359 46.0108 60.3484
internal_count=1193 354 311 169 75 94 142 62 80
is_linear=0
shrinkage=0.05


Tree=15
num_leaves=12
num_cat=0
split_feature=0 55 56 1 71 11 45 5 26 50 51
split_gain=90.9006 22.4419 15.8068 13.609 14.1708 13.8592 9.90896 8.03899 4.52509 1.72313 0.881104
threshold=-2.0117508704571523 6.1783123100930302e-05 -0.00013418478600082004 0.3960219676851327 2.7584587802233025 0.0053907342907099651 0.20868888360990709 -0.36289519608596804 238.84750000000005 0.15300454972031002 0.44997966007751949
decision_type=2 2 2 2 2 2 2 2 2 2 2
left_child=8 6 9 5 -5 -4 7 -2 10 -3 -1
right_child=1 2 3 4 -6 -7 -8 -9 -10 -11 -12
leaf_value=-0.0245771688848717 0.0054270794788484067 -0.042677336796501833 0.014676098149294598 0.041308271147435516 0.0047133830674482317 0.064890641682382358 0.013508231511869348 -0.033687524098275683 -9.2856400146719247e-05 -0.0042273520058809114 -0.044584618344870285
leaf_weight=10.290123119950293 20.381843701004982 7.5078636556863767 22.294341534376144 39.766717582941055 76.219434216618538 38.112613946199417 37.774626463651657 34.733655393123627 6.627175658941268 4.7969504445791245 88.660945937037468
leaf_count=43 30 46 31 54 126 52 52 50 14 24 637
internal_value=-0.000771231 0.0140711 0.0239343 0.0277794 0.0175061 0.0468988 -0.0060066 -0.0193839 -0.0401178 -0.0291322 -0.0427707
internal_weight=387.166 281.588 188.698 176.393 115.986 60.407 92.8901 55.1155 105.578 12.3048 98.9511
internal_count=1159 465 333 263 180 83 132 80 694 70 680
is_linear=0
shrinkage=0.05


Tree=16
num_leaves=5
num_cat=0
split_feature=71 54 20 0
split_gain=366.666 22.2728 11.5519 2.60708
threshold=6.6071885805495612 -0.00030429114072600668 -8.31928990082102e-05 -2.3120657552482347
decision_type=2 2 2 2
left_child=2 -2 -1 -4
right_child=1 -3 3 -5
leaf_value=0.01844551049239199 0.067070023679919738 0.0010589046194738319 -0.0071232980278484199 -0.043563185522639963
leaf_weight=7.4693931043148032 129.96365362405777 14.1960531771183 5.4608304947614661 218.48091171681881
leaf_count=28 717 44 15 355
internal_value=-0.00172945 0.0606217 -0.0406654 -0.0427102
internal_weight=375.571 144.16 231.411 223.942
internal_count=1159 761 398 370
is_linear=0
shrinkage=0.05


Tree=17
num_leaves=10
num_cat=0
split_feature=18 55 39 33 33 36 61 24 32
split_gain=156.67 17.6786 16.4562 12.7765 9.73204 8.92034 8.64607 4.80236 3.38768
threshold=-9.5054062025664202e-05 6.1783123100930302e-05 -0.27616435411900536 2.6874167609645219 2.7870465103413919 1.1774291185145411 78.600000000000009 144.32500000000002 193.44000000000003
decision_type=2 2 2 2 2 2 2 2 2
left_child=8 4 -3 6 7 -5 -4 -2 -1
right_child=1 2 3 5 -6 -7 -8 -9 -10
leaf_value=-0.044662751628081497 0.066866614023920967 0.042381998672540007 0.0055393960674461444 -0.041590356792760519 0.012659743037731298 0.0040006000173063976 0.039963027745840068 0.038443378395353403 -0.0014950442711910775
leaf_weight=121.36225658655167 28.978983819484711 39.092796385288239 56.251528739929199 18.611766472458839 23.131619036197662 23.339152678847313 26.283011555671692 43.893463149666786 4.793474167585372
leaf_count=787 37 52 76 30 36 32 34 57 18
internal_value=0.00245807 0.0246537 0.0145121 0.00549196 0.041606 -0.0167235 0.0168487 0.0504985 -0.0430472
internal_weight=385.738 259.582 163.578 124.485 96.0041 41.9509 82.5345 72.8724 126.156
internal_count=1159 354 224 172 130 62 110 94 805
is_linear=0
shrinkage=0.05


Tree=18
num_leaves=11
num_cat=0
split_feature=18 54 55 39 74 19 48 74 74 53
split_gain=92.5225 22.8136 15.6019 18.8056 14.1495 12.1998 11.302 9.99572 3.46071 0.602888
threshold=-0.00062596201010288791 -5.627093411573891e-05 5.2518818912784556e-05 -0.37446037362713108 1.2321516669971015 0.00010613988377561357 0.016560313978560833 1.0206295569280643 0.94122414217227413 0.53549457004833834
decision_type=2 2 2 2 2 2 2 2 2 2
left_child=9 4 7 -4 5 -2 -5 -3 -7 -1
right_child=1 2 3 6 -6 8 -8 -9 -10 -11
leaf_value=-0.018913956561499756 0.037600591585082964 0.00092652483808360617 -0.02407501035194555 0.0069648855235806065 0.063081855541055928 0.0036563546036331844 0.036814737824506442 -0.039447867613711926 -0.04172584866281618 -0.043619613136210211
leaf_weight=4.7555499374866477 29.803350865840912 39.527418226003647 25.303955405950546 61.946710541844368 31.207336410880089 9.6567380428314191 65.224795266985893 23.996166825294495 6.242642030119895 88.47260470688343
leaf_count=30 54 59 36 83 43 42 86 33 34 666
internal_value=0.000541831 0.0143629 0.00596639 0.014616 0.0375649 0.0191634 0.0224423 -0.0147 -0.0155769 -0.0425735
internal_weight=386.137 292.909 215.999 152.475 76.9101 45.7027 127.172 63.5236 15.8994 93.2282
internal_count=1166 470 297 205 173 130 169 92 76 696
is_linear=0
shrinkage=0.05


Tree=19
num_leaves=6
num_cat=0
split_feature=18 18 10 3 60
split_gain=344.858 12.1294 12.5415 9.80512 1.36051
threshold=-0.00024660847503168911 -0.00062596201010288791 0.00079749355618336838 -3.1072138120524513 76.125000000000014
decision_type=2 2 2 2 2
left_child=1 -1 -3 -2 -5
right_child=3 2 -4 4 -6
leaf_value=0.063546167532994344 0.032200188819143993 0.057493954394030766 -0.018250099101798322 -0.021248653235007461 -0.042938412002940796
leaf_weight=125.80185835063457 3.8534979820251456 10.043580636382105 10.095337107777594 10.561866760253904 210.82278414070606
leaf_count=696 17 53 24 24 352
internal_value=-0.00186605 0.0577799 0.0204574 -0.0405976 -0.0420038
internal_weight=371.179 145.941 20.1389 225.238 221.385
internal_count=1166 773 77 393 376
is_linear=0
shrinkage=0.05


Tree=20
num_leaves=13
num_cat=0
split_feature=54 77 1 42 51 5 0 67 67 67 18 13
split_gain=164.012 12.5493 15.479 14.3858 10.6138 9.4716 6.99443 8.99673 4.32874 8.0427 3.97001 1.02895
threshold=-9.541748736641266e-05 0.96704388785256035 0.26090029193138548 -0.55237033266342783 0.25990253648042821 0.65085702452754635 -1.1599116766858901 5.4625000000000012 7.4750000000000005 11.125000000000004 9.9441511012916059e-07 0.00095109600226459424
decision_type=2 2 2 2 2 2 2 2 2 2 2 2
left_child=10 3 -3 6 -5 -6 -2 -8 -4 -10 11 -1
right_child=1 2 8 4 5 -7 7 -9 9 -11 -12 -13
leaf_value=-0.010702962513516039 0.008581273875893379 0.0010790195926637604 0.061350115620414793 0.030025356262528044 -0.042264066340635863 0.0034984985151639962 0.01790359781812104 0.0624434926419302 0.012496171197998309 0.053730847075181304 -0.0043435760168700956 -0.044379783124956246
leaf_weight=3.0610259920358649 24.127664133906364 22.096034869551659 37.308116257190704 18.014033898711205 17.398020088672638 28.978943154215813 22.384630918502808 24.549052059650421 21.006619423627853 28.520913645625114 6.979352578520774 129.71995002031326
leaf_count=9 32 30 47 26 34 40 29 33 28 38 11 809
internal_value=0.0012586 0.0259356 0.0385358 0.0155943 -0.00155665 -0.0141988 0.0309413 0.0420172 0.0479462 0.036835 -0.0417692 -0.0436892
internal_weight=384.144 244.384 108.932 135.452 64.391 46.377 71.0613 46.9337 86.8356 49.5275 139.76 132.781
internal_count=1166 337 143 194 100 74 94 62 113 66 829 818
is_linear=0
shrinkage=0.05


Tree=21
num_leaves=10
num_cat=0
split_feature=18 55 39 11 1 28 42 0 37
split_gain=80.4919 16.7693 18.9813 13.978 17.605 12.5612 10.9923 5.88546 0.726763
threshold=-0.00062596201010288791 5.6565579663320359e-05 -0.37446037362713108 0.0053907342907099651 0.52738478822960089 20.599999999999998 -0.53527373540574785 -0.38229605300126107 0.029128575156623513
decision_type=2 2 2 2 2 2 2 2 2
left_child=8 6 -3 5 -5 -4 -2 -8 -1
right_child=1 2 3 4 -6 -7 7 -9 -10
leaf_value=-0.017483471384041563 -0.026707618443023131 -0.013788161417130507 0.029963148265766584 0.058653776053196896 0.018905328290473318 -0.018739975836802539 0.026974768587510713 -0.0083421324822626 -0.042939054926451219
leaf_weight=4.8335561007261267 37.821562394499779 34.868997678160667 24.304050043225288 48.664490550756454 66.82740230858326 26.804292425513268 22.540979981422424 22.924039632081985 87.488290891051292
leaf_count=34 53 52 35 71 111 73 35 35 682
internal_value=-0.0014947 0.011676 0.0194493 0.0264465 0.0360137 0.00455085 -0.00713514 0.00937124 -0.0418079
internal_weight=377.078 284.756 201.469 166.6 115.492 51.1083 83.2866 45.465 92.3218
internal_count=1181 465 342 290 182 108 123 70 716
is_linear=0
shrinkage=0.05


Tree=22
num_leaves=6
num_cat=0
split_feature=71 39 3 14 20
split_gain=318.645 16.2593 11.4937 0.876313 0.280681
threshold=6.5033560834953743 0.37941130028278597 -2.7396890869521955 0.24614209976347209 8.1303785267360517e-06
decision_type=2 2 2 2 2
left_child=2 3 -1 -2 -4
right_child=1 -3 4 -5 -6
leaf_value=0.017048108751688135 0.035653377836012509 -0.0055909879835185552 -0.031862093771879263 0.061064490451762793 -0.043000555963591827
leaf_weight=8.0791696012020093 8.5272578895091993 10.024449512362478 21.215346872806549 131.53561379015446 181.27361279726028
leaf_count=30 39 29 42 733 308
internal_value=-5.43346e-05 0.0554068 -0.0396606 0.0597811 -0.0419959
internal_weight=360.655 150.087 210.568 140.063 202.489
internal_count=1181 801 380 772 350
is_linear=0
shrinkage=0.05


Tree=23
num_leaves=9
num_cat=0
split_feature=54 55 39 44 44 75 66 18
split_gain=155.3 17.3707 21.1316 14.296 12.8411 8.49252 5.34573 5.08841
threshold=-9.541748736641266e-05 6.960774649272431e-05 -0.37446037362713108 0.65932025565007135 0.22592819127773375 0.82657240572065349 20.287500000000005 -7.727201920292326e-06
decision_type=2 2 2 2 2 2 2 2
left_child=7 5 -3 4 -4 -2 -7 -1
right_child=1 2 3 -5 -6 6 -8 -9
leaf_value=-0.043524261428066618 0.022113582486060747 0.052246154232041334 0.0051743185484389347 0.028068795206587047 -0.039894287854837451 0.064084153654463585 0.031897657625567934 -0.0048605331365550739
leaf_weight=126.69028755277395 39.254242986440659 27.50878532230854 48.110090747475624 38.225206598639488 22.400726765394211 39.376359522342682 24.214288085699081 9.4050069302320463
leaf_count=838 53 37 71 53 32 49 33 15
internal_value=0.00155445 0.0257944 0.0139243 0.00384158 -0.00950128 0.0412339 0.0525117 -0.0409073
internal_weight=375.185 239.09 136.245 108.736 70.5108 102.845 63.5906 136.095
internal_count=1181 328 193 156 103 135 82 853
is_linear=0
shrinkage=0.05


Tree=24
num_leaves=11
num_cat=0
split_feature=18 9 48 54 71 1 77 66 77 70
split_gain=90.8355 14.3992 19.3725 14.359 14.1779 11.037 10.1531 12.3889 7.44876 5.02924
threshold=-0.00062596201010288791 0.011670368085935473 0.013756015023820293 -3.2279335644877913e-05 3.5443572538457473 0.37710070843776206 0.96871527729290363 18.562500000000004 0.98025696430450715 0.15758066258394024
decision_type=2 2 2 2 2 2 2 2 2 2
left_child=-1 3 -3 4 9 -6 7 -5 -8 -2
right_child=1 2 -4 6 5 -7 8 -9 -10 -11
leaf_value=-0.04222227865499744 0.022447514183521859 -0.00024408688904346568 0.057948424034372663 -0.0052064493302934507 0.03234926979588662 -0.027719118630699507 -0.035824046391734719 0.034606884674469318 -0.0012791373342435628 0.056347705640966431
leaf_weight=87.559952564537525 20.619029089808464 22.294159084558487 38.852476060390472 43.34580360352993 12.795401811599733 16.159793674945831 23.55169340968132 34.247323587536812 43.035184636712074 28.69563814997673
leaf_count=711 29 34 59 60 32 69 33 51 59 38
internal_value=0.00200652 0.0157625 0.0370688 0.00976612 0.02686 -0.000980904 0.000365394 0.0125827 -0.0138469 0.0429015
internal_weight=371.156 283.597 61.1466 222.45 78.2699 28.9552 144.18 77.5931 66.5869 49.3147
internal_count=1175 464 93 371 168 101 203 111 92 67
is_linear=0
shrinkage=0.05


Tree=25
num_leaves=7
num_cat=0
split_feature=18 41 60 39 35 18
split_gain=291.192 15.9339 4.42546 2.64392 1.53238 0.420868
threshold=-0.00019654923294621838 1.3346857341348795 42.26250000000001 0.21911307077024084 6.6195182058499542 -8.4471685031421777e-05
decision_type=2 2 2 2 2 2
left_child=1 3 -2 4 -1 -4
right_child=2 -3 5 -5 -6 -7
leaf_value=0.028061511020555919 0.011726612299414865 -0.012064052702825331 -0.027340330240610323 0.024556736782634713 0.059060165140296189 -0.041634797459564568
leaf_weight=6.8800727874040595 3.689177766442298 8.8265803158283216 13.293457627296446 8.4649513214826566 127.6843601167202 181.77614963054657
leaf_count=30 13 24 28 35 722 323
internal_value=-2.99231e-05 0.0519124 -0.0397762 0.0559169 0.0576939 -0.0408051
internal_weight=350.615 151.856 198.759 143.029 134.564 195.07
internal_count=1175 811 364 787 752 351
is_linear=0
shrinkage=0.05


Tree=26
num_leaves=9
num_cat=0
split_feature=54 27 48 19 76 2 18 66
split_gain=117.634 11.98 16.4676 10.5225 10.3107 8.82238 8.36977 6.65509
threshold=-9.541748736641266e-05 509.27500000000003 0.014313343912346279 1.9782477802123185e-05 0.10974674340536501 1.0000000180025095e-35 -7.727201920292326e-06 17.325000000000006
decision_type=2 2 2 2 2 2 2 2
left_child=6 2 7 -3 5 -5 -1 -2
right_child=1 3 -4 4 -6 -7 -8 -9
leaf_value=-0.042857155481978319 0.041321045977894315 0.056542262466909979 -0.025000106233107097 -0.003523852585551462 0.048106084348700701 0.027026458580973602 0.0054782332051682946 0.0064423400900995775
leaf_weight=123.44634067267179 21.701013565063477 25.821431010961533 29.946743234992027 42.489013060927391 27.135076463222504 51.669900432229042 9.4214735031127912 35.555885285139084
leaf_count=837 29 33 53 56 34 68 15 50
internal_value=-0.00199957 0.0192934 0.00453341 0.0279528 0.021454 0.0133485 -0.0394144 0.0201441
internal_weight=367.187 234.319 87.2036 147.115 121.294 94.1589 132.868 57.2569
internal_count=1175 323 132 191 158 124 852 79
is_linear=0
shrinkage=0.05


Tree=27
num_leaves=10
num_cat=0
split_feature=0 78 65 54 70 30 60 56 53
split_gain=72.3409 10.4105 14.4084 17.7582 14.3167 9.04778 6.42507 3.94632 1.34284
threshold=-2.0117508704571523 0.33827343739877908 574.74250000000018 -7.4440331616557347e-05 0.36032642917684493 26.775000000000002 266.42500000000001 0.0001429253985766172 0.55804514243068526
decision_type=2 2 2 2 2 2 2 2 2
left_child=6 2 5 -4 -5 7 8 -2 -1
right_child=1 -3 3 4 -6 -7 -8 -9 -10
leaf_value=-0.017937799787289665 -0.041985408786656714 0.042049462113222011 0.053897433972649955 0.016546480357038561 -0.021435044902612208 0.013834358226220009 0.017704215691717373 -0.0068881553309047315 -0.042161204378213329
leaf_weight=8.3886483758687955 20.1828638240695 26.966525509953499 25.779218234121799 142.22740425169468 29.110071733593941 19.11257566511631 4.5246054977178565 13.614248529076574 82.30102351307869
leaf_count=50 73 41 36 192 41 58 7 21 658
internal_value=0.000132208 0.0130651 0.00978398 0.0159897 0.0100065 -0.0132034 -0.0372364 -0.0284517 -0.0401407
internal_weight=372.207 276.993 250.026 197.117 171.337 52.9097 95.2143 33.7971 90.6897
internal_count=1177 462 421 269 233 152 715 94 708
is_linear=0
shrinkage=0.05


Tree=28
num_leaves=7
num_cat=0
split_feature=18 18 44 3 51 18
split_gain=266.927 10.7944 7.26539 4.35941 1.8517 0.608868
threshold=-0.00019654923294621838 -0.00045972125430269274 -0.041174165102166781 -2.7571252132375763 0.44997966007751949 -8.4471685031421777e-05
decision_type=2 2 2 2 2 2
left_child=1 4 -3 -2 -1 -5
right_child=3 2 -4 5 -6 -7
leaf_value=0.027122289767025205 0.00012254217526296105 0.04122292815573908 -0.018792085732107559 -0.025372920190059125 0.056222758706553848 -0.041289728055016128
leaf_weight=8.6529719680547696 6.8713555037975302 9.4929510504007357 8.8696302175521833 12.341936796903608 121.72879485785961 177.81089916080236
leaf_count=39 21 45 21 27 699 325
internal_value=-0.0008985 0.0494779 0.0127607 -0.0389882 0.0545126 -0.0403948
internal_weight=345.769 148.744 18.3626 197.024 130.382 190.153
internal_count=1177 804 66 373 738 352
is_linear=0
shrinkage=0.05


Tree=29
num_leaves=9
num_cat=0
split_feature=54 27 9 64 30 48 39 18
split_gain=125.964 14.5977 9.87035 10.5303 8.63552 7.77423 7.3415 2.57889
threshold=-0.00010460736410723659 508.50000000000006 0.00016517452028021984 23.600000000000012 26.962500000000002 0.0092552432931004586 0.022662065352511754 3.1137701432890262e-06
decision_type=2 2 2 2 2 2 2 2
left_child=7 2 -2 -4 5 -3 -7 -1
right_child=1 4 3 -5 -6 6 -8 -9
leaf_value=-0.042281630726754206 0.027461232741139048 0.058081251003735151 -0.025412110824234918 0.016450755730315764 0.002629519113426319 0.03955628999902433 0.012387632021036543 -0.003269058348179458
leaf_weight=116.64899284392595 30.805330649018288 29.080099806189537 33.022264927625656 25.98655004799366 24.14109268784523 60.507372573018074 43.872319892048836 4.5757689028978339
leaf_count=827 44 37 54 40 32 79 57 7
internal_value=0.000709422 0.0211535 0.00498584 -0.00700944 0.0302777 0.0352221 0.0283628 -0.0408479
internal_weight=368.64 247.415 89.8141 59.0088 157.601 133.46 104.38 121.225
internal_count=1177 343 138 94 205 173 136 834
is_linear=0
shrinkage=0.05


Tree=30
num_leaves=10
num_cat=0
split_feature=18 10 68 25 44 76 28 34 51
split_gain=71.9604 10.6309 13.6288 14.0428 10.0895 12.5774 7.39118 6.63735 3.44972
threshold=-0.0004355649342055006 0.0005730972327337516 20.172500000000003 42.625000000000007 1.2120963535466254 0.035949481407925289 18.312499999999982 0.18386963288516281 0.44997966007751949
decision_type=2 2 2 2 2 2 2 2 2
left_child=8 2 -2 6 5 -3 -4 -7 -1
right_child=1 4 3 -5 -6 7 -8 -9 -10
leaf_value=-0.0051725347266978732 -0.046035548507038955 -0.0098187921206380271 0.03302032293818908 -0.018945006396412511 -0.0024068024970065618 0.017673063660729096 0.0052388607368435399 0.045017056724319146 -0.041085829262443703
leaf_weight=7.6186542883515349 11.818419098854063 17.481982365250587 42.712976366281509 34.713375747203827 32.575528040528297 36.184576645493507 53.941650480031967 65.650694340467453 81.041051872074604
leaf_count=44 21 31 60 51 46 48 98 95 712
internal_value=0.00115547 0.0130366 0.00322191 0.00796762 0.0222071 0.0288912 0.0177283 0.0355674 -0.0380919
internal_weight=383.739 295.079 143.186 131.368 151.893 119.317 96.6546 101.835 88.6597
internal_count=1206 450 230 209 220 174 158 143 756
is_linear=0
shrinkage=0.05


Tree=31
num_leaves=6
num_cat=0
split_feature=18 41 60 18 35
split_gain=258.567 13.0836 2.56626 1.22923 0.265894
threshold=-0.00019654923294621838 1.0256861137287883 67.437500000000014 -0.00029772037212956226 4.2086602099187056
decision_type=2 2 2 2 2
left_child=1 3 -2 -1 -4
right_child=2 -3 4 -5 -6
leaf_value=0.053448491532597467 -0.011357198588593465 0.00026407180082178871 -0.041178990789362206 0.023534140758843886 -0.029701768722412147
leaf_weight=129.72074241936207 8.9945301413536054 13.236984238028525 173.12679758667946 5.8113773614168158 18.184095844626427
leaf_count=751 24 44 324 24 39
internal_value=-0.00200755 0.0477461 -0.0390137 0.0523476 -0.0402482
internal_weight=349.075 148.769 200.305 135.532 191.311
internal_count=1206 819 387 775 363
is_linear=0
shrinkage=0.05


Tree=32
num_leaves=9
num_cat=0
split_feature=54 29 19 7 74 76 78 15
split_gain=112.516 11.7937 9.14858 12.2826 11.9956 8.77876 4.77979 3.19963
threshold=-5.627093411573891e-05 556.77250000000015 2.2267135640132371e-05 1.0881746296139712 0.57169299305475563 0.052458228777381134 0.024704315892141098 0.19485562029962269
decision_type=2 2 2 2 2 2 2 2
left_child=1 7 6 4 -4 -6 -2 -1
right_child=2 -3 3 -5 5 -7 -8 -9
leaf_value=0.0023669807907435469 0.057280642536572939 -0.0037089373280416896 -0.01534814042259413 -0.017101684436760356 0.0038843797051854321 0.033894696536279849 0.026536643085146441 -0.041865597735127137
leaf_weight=4.1301478743553153 22.68068228662014 27.193725578486919 18.707741498947144 23.028852462768555 32.330315560102463 101.57664108276367 34.842803165316582 114.84186891466379
leaf_count=9 29 48 24 30 44 134 46 842
internal_value=0.00067898 -0.0335826 0.0222083 0.0163768 0.021507 0.0267315 0.0394302 -0.0403231
internal_weight=379.333 146.166 233.167 175.644 152.615 133.907 57.5235 118.972
internal_count=1206 899 307 232 202 178 75 851
is_linear=0
shrinkage=0.05


Tree=33
num_leaves=12
num_cat=0
split_feature=18 54 61 42 51 76 28 63 77 36 37
split_gain=62.1436 18.2526 13.4794 14.0362 10.6343 9.99403 11.9465 8.77435 5.95177 5.69216 0.73542
threshold=-0.00062596201010288791 -5.627093411573891e-05 78.600000000000009 -0.74800636300605161 0.22974738020874078 0.060929933262145082 30.025000000000009 572.31250000000011 0.947647186023306 0.79757255796313165 0.034154168549785702
decision_type=2 2 2 2 2 2 2 2 2 2 2
left_child=10 5 3 -3 -5 9 -7 -4 -8 -2 -1
right_child=1 2 7 4 -6 6 8 -9 -10 -11 -12
leaf_value=-0.015438053950890589 -0.021734444684967064 -0.026870173157785157 -0.033625982477443223 -0.016468537823129046 0.023448937933872163 0.060089454456425974 -0.013763454174059178 0.0033858495908629625 0.033954468728364842 0.025636588937287527 -0.040381981800892114
leaf_weight=4.805968575179576 11.10766361653805 19.474770605564117 31.72272489964962 18.80418099462986 113.30915035307407 35.464753106236458 10.357646822929384 31.032636880874634 14.898529410362242 12.335291072726248 70.358865901827812
leaf_count=40 49 27 44 27 155 56 39 42 26 18 648
internal_value=0.00131948 0.0115711 0.00377186 0.0118235 0.0176863 0.0311561 0.0417144 -0.0155575 0.0146063 0.00322048 -0.0390107
internal_weight=373.672 298.507 214.343 151.588 132.113 84.1639 60.7209 62.7554 25.2562 23.443 75.1648
internal_count=1171 483 295 209 182 188 121 86 65 67 688
is_linear=0
shrinkage=0.05


Tree=34
num_leaves=7
num_cat=0
split_feature=71 39 20 74 2 51
split_gain=216.172 12.3492 8.88702 2.27686 1.45075 0.493811
threshold=6.6071885805495612 0.21911307077024084 -8.31928990082102e-05 2.0814219469045914 -0.92077225843984156 0.44997966007751949
decision_type=2 2 2 2 2 2
left_child=2 3 -1 5 -4 -2
right_child=1 -3 4 -5 -6 -7
leaf_value=0.014181240477684388 0.030630899113553375 -0.0010292091259828337 -0.014887793813539718 0.021686412789574006 -0.039897463831021829 0.052586700365790134
leaf_weight=7.7274121493101111 7.6299829035997382 13.349565029144285 7.6035576909780493 8.9706317037343961 180.21732714772224 108.30222062766552
leaf_count=29 37 43 20 42 351 649
internal_value=-0.00304894 0.0446215 -0.0368074 0.04947 -0.0389692 0.051416
internal_weight=333.801 138.252 195.548 124.903 187.821 115.932
internal_count=1171 771 400 728 371 686
is_linear=0
shrinkage=0.05


Tree=35
num_leaves=9
num_cat=0
split_feature=27 44 4 66 26 77 57 66
split_gain=97.1976 8.15199 8.58435 11.4892 9.6884 6.57102 4.34965 0.84526
threshold=450.10000000000008 1.2120963535466254 1.0756677704195394 18.125000000000004 179.69250000000002 0.95771050586320061 0.1959899195781579 121.15000000000002
decision_type=2 2 2 2 2 2 2 2
left_child=6 2 3 5 -5 -2 -1 -8
right_child=1 -3 -4 4 -6 -7 7 -9
leaf_value=0.0046173254152116648 0.016393701249633699 0.040133092672358539 -0.0060493316682765745 0.034559361012854721 -0.0027761348255125715 0.043899791579483274 -0.041134912105091091 -0.013431985013964918
leaf_weight=5.507422909140586 41.573673129081726 35.469279214739799 41.208410710096359 22.095646090805531 69.652597635984421 49.115622371435165 99.734378397464752 4.0816917493939391
leaf_count=8 55 46 57 39 97 63 787 19
internal_value=0.00142491 0.0181009 0.0144436 0.0190803 0.00649101 0.0316068 -0.0379059 -0.0401843
internal_weight=368.439 259.115 223.646 182.438 91.7482 90.6893 109.323 103.816
internal_count=1171 357 311 254 136 118 814 806
is_linear=0
shrinkage=0.05


Tree=36
num_leaves=10
num_cat=0
split_feature=18 54 28 28 11 25 55 77 76
split_gain=67.7896 12.7936 10.0596 9.77355 12.8357 10.8208 9.43407 7.82101 5.41217
threshold=-0.00053009419520309658 -5.627093411573891e-05 34.400000000000013 36.612500000000004 0.1194466195689735 35.900000000000006 6.960774649272431e-05 0.947647186023306 0.061686721668298895
decision_type=2 2 2 2 2 2 2 2 2
left_child=-1 2 8 4 6 -5 -3 -4 -2
right_child=1 3 7 5 -6 -7 -8 -9 -10
leaf_value=-0.040122377827925479 0.017145102715379605 -0.0081076653700671488 -0.028198645046275679 0.047448031182115963 -0.0321084646542905 0.0016006402853788887 0.017987411059797065 0.026694364747231098 0.054351933879854111
leaf_weight=74.409854859113693 15.173662617802618 60.344266459345818 9.9345936849713343 26.229797661304474 24.12189394235611 24.540712714195251 78.896653607487679 15.000439777970312 34.570769160985947
leaf_count=710 31 84 47 36 33 34 106 31 50
internal_value=0.00211362 0.0130962 0.0307801 0.00681453 0.000810096 0.025746 0.00670115 0.00457994 0.0435642
internal_weight=363.223 288.813 74.6795 214.133 163.363 50.7705 139.241 24.935 49.7444
internal_count=1162 452 159 293 223 70 190 78 81
is_linear=0
shrinkage=0.05


Tree=37
num_leaves=6
num_cat=0
split_feature=18 18 6 3 18
split_gain=216.174 12.1164 11.2498 1.0071 0.00554672
threshold=-0.00019654923294621838 -0.00053009419520309658 -2.8769640113538211 -2.6769226438390485 -8.4471685031421777e-05
decision_type=2 2 2 2 2
left_child=1 -1 -3 -2 -5
right_child=3 2 -4 4 -6
leaf_value=0.050813134068407831 -0.018390442932085551 0.049632486319517576 -0.018170604044455776 -0.028465105010238329 -0.040008404337183383
leaf_weight=115.693125680089 8.5476632267236692 9.5860983878374117 13.628735080361364 11.600307315587996 159.97250223904848
leaf_count=710 21 52 33 25 321
internal_value=-0.00245404 0.0442373 0.0107208 -0.0385076 -0.0393974
internal_weight=319.028 138.908 23.2148 180.12 171.573
internal_count=1162 795 85 367 346
is_linear=0
shrinkage=0.05


Tree=38
num_leaves=10
num_cat=0
split_feature=18 26 41 39 46 46 68 4 10
split_gain=85.3634 9.36131 10.7156 10.8737 13.7256 9.01754 14.3864 2.96326 0.770762
threshold=-9.5054062025664202e-05 137.54250000000008 0.95588070002161551 -0.37446037362713108 0.034075669160066616 0.040892905211147919 73.977500000000006 0.54220010725500556 0.042387374813357824
decision_type=2 2 2 2 2 2 2 2 2
left_child=8 -2 3 -3 -5 7 -7 -4 -1
right_child=1 2 5 4 -6 6 -8 -9 -10
leaf_value=-0.040410436426911667 -0.023937932872067372 0.027086168758461718 0.055578149818007676 0.012228458607901747 -0.038814113745377458 0.0016019583558211669 0.03641852289653514 0.028350901682003854 -0.01310332022781357
leaf_weight=94.130363471806049 13.696433261036871 27.100933209061623 23.620580524206161 27.709956139326096 23.503792434930801 67.758686304092407 51.917111933231354 24.003860890865326 3.8916015624999991
leaf_count=801 23 35 30 38 32 89 66 31 17
internal_value=4.3351e-05 0.0150738 0.0173375 0.00203156 -0.0114915 0.0244477 0.0168825 0.0427203 -0.0394696
internal_weight=357.333 259.311 245.615 78.3147 51.2137 167.3 119.676 47.6244 98.022
internal_count=1162 344 321 105 70 216 155 61 818
is_linear=0
shrinkage=0.05


Tree=39
num_leaves=12
num_cat=0
split_feature=18 75 32 12 46 62 34 54 56 26 26
split_gain=62.3538 10.0379 12.2744 8.62173 12.7979 8.43879 8.42621 7.87589 6.81785 4.58741 0.902244
threshold=-0.00053009419520309658 0.85203618445424933 25.117500000000003 0.011820286528029052 0.034184905171280103 383.25750000000005 0.24711359314458994 -1.2415164651521733e-05 0.00013606218808491689 179.06500000000003 197.17500000000004
decision_type=2 2 2 2 2 2 2 2 2 2 2
left_child=10 2 -2 4 -4 6 8 -8 -3 -5 -1
right_child=1 5 3 9 -6 -7 7 -9 -10 -11 -12
leaf_value=-0.039574624189705296 -0.016849277873610968 0.001551758432723818 -0.0067881590164940277 0.022348761310893563 0.032922759505766112 -0.021702760761521153 0.011846867032987249 -0.03249040666345146 0.032623225660282494 0.054607392260717959 -0.0083095956779844389
leaf_weight=69.800334610044956 17.397640332579613 30.920026212930679 33.98199662566185 19.829243913292885 48.299895077943802 26.357223317027092 20.195980034768581 18.149040654301643 40.478058412671089 31.916402772068977 3.0118884146213523
leaf_count=699 28 46 50 53 67 38 47 30 53 42 23
internal_value=0.00260501 0.013089 0.0219034 0.0270212 0.0166378 0.003194 0.00931549 -0.00943078 0.0193745 0.0429038 -0.0384114
internal_weight=360.338 287.526 151.425 134.028 82.2819 136.1 109.743 38.345 71.3981 51.7456 72.8122
internal_count=1176 454 240 212 117 214 176 77 99 95 722
is_linear=0
shrinkage=0.05


Tree=40
num_leaves=6
num_cat=0
split_feature=18 0 69 0 62
split_gain=200.116 8.89737 6.11803 3.25111 0.599983
threshold=-0.00019654923294621838 -1.7487946865537458 7.5053065900410392 -1.9671294604549321 196.69000000000003
decision_type=2 2 2 2 2
left_child=1 -1 -3 -2 -5
right_child=3 2 -4 4 -6
leaf_value=0.048962239140567902 -0.0064682291075979746 -0.003680303692211475 0.049595040022184622 -0.023018415302307811 -0.039752141365606612
leaf_weight=113.32475689053535 8.595262870192526 15.901574820280077 7.0567189604043952 10.496614657342432 156.02176403254271
leaf_count=711 25 50 43 25 322
internal_value=-0.00202846 0.0432316 0.0140816 -0.0372978 -0.038841
internal_weight=311.397 136.283 22.9583 175.114 166.518
internal_count=1176 804 93 372 347
is_linear=0
shrinkage=0.05


Tree=41
num_leaves=10
num_cat=0
split_feature=18 1 66 5 4 1 66 4 25
split_gain=76.2927 10.7127 13.2865 12.8396 14.0137 8.18354 7.74822 3.39152 0.862762
threshold=-9.5054062025664202e-05 0.3960219676851327 19.962500000000006 -0.066242347821206887 1.0756677704195394 0.21095874091869965 17.325000000000006 0.71408198921833399 49.45000000000001
decision_type=2 2 2 2 2 2 2 2 2
left_child=8 2 5 6 7 -2 -3 -5 -1
right_child=1 3 -4 4 -6 -7 -8 -9 -10
leaf_value=-0.039953031100474989 0.034699650167089764 0.021607165138573737 -0.026927237652993957 0.029550423031258124 0.0065271939346808559 -0.0013867803167634364 -0.020121733688404919 0.052503127288453438 -0.011042312871465985
leaf_weight=91.241570353507996 24.662531137466431 18.481639698147774 30.303313031792641 35.806690379977226 43.474468752741814 40.324033737182617 24.946826264262199 40.167879685759544 3.5982665717601767
leaf_count=815 32 26 43 46 57 52 38 51 16
internal_value=-0.000868929 0.0132289 -0.000101135 0.0209805 0.029385 0.0126264 -0.00227674 0.04221 -0.0389828
internal_weight=353.007 258.167 95.2899 162.878 119.449 64.9866 43.4285 75.9746 94.8398
internal_count=1176 345 127 218 154 84 64 97 831
is_linear=0
shrinkage=0.05


Tree=42
num_leaves=11
num_cat=0
split_feature=18 78 71 2 4 78 55 44 44 51
split_gain=54.5786 11.0449 9.55815 8.89602 8.67582 11.5993 7.2294 6.71055 3.07502 1.86943
threshold=-0.00045972125430269274 0.16692753796849183 3.6227487580701085 1.3341387503294315 0.25807109502211961 0.024704315892141098 6.4813414729203458e-05 1.1449823725788344 -0.14395170532254178 0.44997966007751949
decision_type=2 2 2 2 2 2 2 2 2 2
left_child=9 2 4 7 -2 -6 -3 -4 -8 -1
right_child=1 6 3 -5 5 -7 8 -9 -10 -11
leaf_value=-0.0083558448363678321 -0.022650372339284103 0.0026044018063865922 -0.043471595705027358 0.01789811703908005 0.0032764653424178728 0.029945186062217889 0.021416473515890624 0.0036148695866116266 0.054118233169704433 -0.039005626601882268
leaf_weight=6.057447873055934 15.049760863184927 14.680457189679144 20.706780150532722 15.545566394925116 85.812987267971039 77.162564724683762 12.635137751698492 11.394311532378195 25.073998123407364 65.242672018706799
leaf_count=42 21 25 64 23 115 107 24 17 37 688
internal_value=0.002169 0.0121935 0.0073181 -0.0123891 0.0126323 0.0160087 0.0326643 -0.0271539 0.0439972 -0.0365533
internal_weight=349.362 278.062 225.672 47.6467 178.025 162.976 52.3896 32.1011 37.7091 71.3001
internal_count=1163 433 347 104 243 222 86 81 61 730
is_linear=0
shrinkage=0.05


Tree=43
num_leaves=8
num_cat=0
split_feature=18 9 3 35 54 37 18
split_gain=180.32 6.87495 5.1904 1.50373 0.722912 0.517628 0.0684026
threshold=-0.00019654923294621838 0.016216970036709789 -2.8743497842057839 6.8786463817153161 -0.00020144461966417802 0.029128575156623513 -6.9869518837067647e-05
decision_type=2 2 2 2 2 2 2
left_child=1 3 -2 -1 -4 -5 -6
right_child=2 -3 4 5 6 -7 -8
leaf_value=0.021494487092929743 0.0093890948090361651 0.0061228395437352831 -0.018822992902499627 0.024264972554376374 -0.027246843295889257 0.048584289753532565 -0.039120491381136879
leaf_weight=8.2946309596300107 5.7344190329313269 12.262148469686506 7.8548668175935736 5.3501501977443686 11.633495382964609 104.4008509516716 141.64830836653709
leaf_count=37 20 47 20 31 27 678 303
internal_value=-0.00158376 0.042312 -0.0359093 0.0459882 -0.0375694 0.0476286 -0.0384018
internal_weight=297.179 130.308 166.871 118.046 161.137 109.751 153.282
internal_count=1163 793 370 746 350 709 330
is_linear=0
shrinkage=0.05


Tree=44
num_leaves=11
num_cat=0
split_feature=69 78 42 55 72 59 10 28 41 72
split_gain=66.7849 10.4626 11.6916 11.3961 10.2596 10.0726 9.90377 5.53224 4.80133 3.95514
threshold=2.8578056549468847 0.024704315892141098 -0.55237033266342783 6.8122510582162185e-05 0.29677549087000094 1.406363298144317 0.0021149398687988416 16.487500000000001 0.99371496772866919 1.2421878656145198
decision_type=2 2 2 2 2 2 2 2 2 2
left_child=1 2 8 4 -3 7 -4 -5 -1 -2
right_child=9 3 6 5 -6 -7 -8 -9 -10 -11
leaf_value=0.023546590039552895 -0.039723348850511798 -0.004442748755190803 -0.010258271034119091 -0.0011608309715289327 0.037850259048968354 0.01809012525053761 0.030165488566522475 -0.032445758300207815 0.055110308683443771 0.0056386594539959371
leaf_weight=25.363518834114075 86.267809629440308 24.402084439992905 32.35676571726799 23.733491346240044 33.126363411545753 23.949200361967087 26.902029871940613 34.2063357681036 27.425176203250885 4.8396239131689063
leaf_count=32 804 34 46 34 43 37 35 57 34 7
internal_value=-0.000837355 0.0124609 0.0237669 0.00326999 0.0201413 -0.00868237 0.00828917 -0.0198679 0.0406645 -0.0372787
internal_weight=342.572 251.465 112.047 139.417 57.5284 81.889 59.2588 57.9398 52.7887 91.1074
internal_count=1163 352 147 205 77 128 81 91 66 811
is_linear=0
shrinkage=0.05


Tree=45
num_leaves=9
num_cat=0
split_feature=18 55 58 32 75 17 42 37
split_gain=46.8771 8.33737 9.73589 8.97557 9.70127 11.9415 6.56913 1.12446
threshold=-0.00062596201010288791 4.5267311168547843e-05 0.030803380306858284 25.117500000000003 0.86885696674867507 0.38660939300631064 -0.69703651730257787 0.029128575156623513
decision_type=2 2 2 2 2 2 2 2
left_child=7 2 -2 -3 6 -6 -5 -1
right_child=1 3 -4 4 5 -7 -8 -9
leaf_value=-0.0072538298433642429 0.01643174832988652 -0.01525703069583925 -0.026145786344760454 0.0048617942403680614 0.028717347614079253 -0.0083301116183400834 0.031705950690906197 -0.038487016302402144
leaf_weight=3.5728339850902548 22.721547529101372 23.173918843269348 30.114316768944263 29.850270882248878 32.369464471936226 61.598507687449455 101.22071544826031 60.047343075275421
leaf_count=34 31 37 49 48 44 108 169 667
internal_value=0.00178461 0.010049 -0.00787062 0.0138797 0.0169343 0.00459976 0.0256755 -0.0368724
internal_weight=364.669 301.049 52.8359 248.213 225.039 93.968 131.071 63.6202
internal_count=1187 486 80 406 369 152 217 701
is_linear=0
shrinkage=0.05


Tree=46
num_leaves=7
num_cat=0
split_feature=18 18 11 60 35 37
split_gain=170.741 7.47088 10.2369 2.68713 0.457494 0.40058
threshold=-0.00019654923294621838 -0.00062596201010288791 0.011051810701012684 67.437500000000014 4.2086602099187056 0.029128575156623513
decision_type=2 2 2 2 2 2
left_child=1 5 -3 -2 -5 -1
right_child=3 2 -4 4 -6 -7
leaf_value=0.024388337291211256 -0.0068451269906951457 0.052396446843906375 -0.011577612230723212 -0.038664240433690836 -0.025390281544775774 0.046488241435685806
leaf_weight=5.6739407479763022 7.9385907948017111 9.3742183148860949 15.040313541889189 148.58087401837111 15.019124910235403 98.518950745463371
leaf_count=34 23 55 42 329 37 667
internal_value=-0.00366685 0.0397129 0.0140811 -0.0362316 -0.0376073 0.0455281
internal_weight=300.146 128.607 24.4145 171.539 163.6 104.193
internal_count=1187 798 97 389 366 701
is_linear=0
shrinkage=0.05


Tree=47
num_leaves=10
num_cat=0
split_feature=18 25 41 69 61 58 3 72 13
split_gain=71.7707 9.95636 9.60254 10.9344 9.49157 8.04811 7.55332 7.23297 1.97431
threshold=-9.5054062025664202e-05 27.262499999999999 2.1207624792326603 2.2000182686951257 57.475000000000001 0.072216078155001931 -1.0939112477108466 0.59541277933964276 0.00061950352472337161
decision_type=2 2 2 2 2 2 2 2 2
left_child=8 5 3 7 -5 6 -2 -3 -1
right_child=1 2 -4 4 -6 -7 -8 -9 -10
leaf_value=0.0098323709012844811 -0.0027898507190552008 0.036109673248579423 0.04166409078896359 -0.026076320733979193 0.017128147356260958 -0.016130160001946624 0.031580946911247076 0.00330522426274587 -0.03917114767223813
leaf_weight=1.7372165992856015 35.730395197868347 52.680399239063263 42.601271092891693 24.091668218374252 24.805178433656693 38.747148528695107 27.709846019744873 24.774775624275208 84.935604996979237
leaf_count=5 48 70 53 33 35 58 35 32 818
internal_value=0.00125881 0.0139302 0.0213463 0.0142225 -0.00425485 0.00158046 0.01248 0.0257927 -0.038088
internal_weight=357.814 271.141 168.953 126.352 48.8968 102.187 63.4402 77.4552 86.6728
internal_count=1187 364 223 170 68 141 83 102 823
is_linear=0
shrinkage=0.05


Tree=48
num_leaves=14
num_cat=0
split_feature=0 1 4 75 30 25 69 47 14 30 69 69 53
split_gain=45.9531 13.2989 13.3374 13.089 10.1319 8.07625 8.44247 6.77243 6.44126 5.85463 5.24115 3.64985 1.58918
threshold=-2.0117508704571523 0.3960219676851327 0.12537358344375252 0.85675485058189271 15.862500000000002 26.437500000000004 2.2047048383529031 0.24021978617798678 0.019635031024910838 20.950000000000003 2.1100453022891901 2.0541716721507899 0.55804514243068526
decision_type=2 2 2 2 2 2 2 2 2 2 2 2 2
left_child=11 2 -2 7 -4 6 -5 -3 -9 -7 -6 -1 -13
right_child=1 3 4 5 10 9 -8 8 -10 -11 -12 12 -14
leaf_value=0.014779010141828669 -0.029489284115156469 -0.01095304402437214 -0.00089350296417426442 0.032761489974948287 0.014234872166460327 -0.010370941771106151 -0.019711640673307287 -0.006830171241944346 0.029300810436633719 -0.044732972711110063 0.044875068955704873 -0.01236737627877537 -0.039499092216465859
leaf_weight=3.0829386562108985 9.9787841886281949 20.165682576596737 22.089572861790657 14.893272101879122 19.85330331325531 30.049652680754662 13.883429892361162 15.38410799205303 55.133348099887371 21.131334379315376 58.262115091085434 7.1604706868529311 61.644510753452778
leaf_count=5 16 44 39 20 26 49 45 24 87 32 85 49 646
internal_value=0.000885405 0.0100352 0.0234913 0.00126027 0.0290065 -0.0133984 0.00763384 0.0141904 0.0214332 -0.0251435 0.0373661 -0.0345048 -0.0368931
internal_weight=352.713 280.825 110.184 170.641 100.205 79.9577 28.7767 90.6831 70.5175 51.181 78.1154 71.8879 68.805
internal_count=1167 467 166 301 150 146 65 155 111 81 111 700 695
is_linear=0
shrinkage=0.05


Tree=49
num_leaves=7
num_cat=0
split_feature=18 18 8 60 37 3
split_gain=150.396 9.33987 9.87894 3.65599 0.493203 0.406498
threshold=-0.00019654923294621838 -0.00062596201010288791 -2.2318474856731627 69.975000000000009 0.032645505739384996 -2.6026625481065833
decision_type=2 2 2 2 2 2
left_child=1 4 -3 -2 -1 -5
right_child=3 2 -4 5 -6 -7
leaf_value=0.021866284933812995 -0.00031948108127487435 0.04990649244687223 -0.011977506590741717 -0.020703854931308909 0.045380244249422517 -0.037818250336397345
leaf_weight=5.1318069100379935 7.079899698495864 9.0499894917011279 17.212302029132843 7.6181920170783988 93.54009622335434 145.94850877672434
leaf_count=31 22 54 48 19 657 336
internal_value=-0.00359617 0.0373827 0.0103961 -0.0354993 0.044389 -0.0371087
internal_weight=285.581 124.934 26.2623 160.647 98.6719 153.567
internal_count=1167 790 102 377 688 355
is_linear=0
shrinkage=0.05


Tree=50
num_leaves=10
num_cat=0
split_feature=54 39 75 25 32 18 32 55 18
split_gain=75.9838 12.7495 10.3784 8.09194 7.88675 7.77762 7.75648 6.43471 3.65366
threshold=-0.00010460736410723659 -0.29513202123073962 0.85976712754175588 26.437500000000004 44.820000000000014 -1.0125046570010755e-05 28.562500000000004 5.0859621370336636e-05 9.9441511012916059e-07
decision_type=2 2 2 2 2 2 2 2 2
left_child=8 -2 6 4 -4 -5 -3 -8 -1
right_child=1 2 3 5 -6 -7 7 -9 -10
leaf_value=-0.039280305819619027 0.040395290042807772 0.033922295677728594 -0.01984703447706512 0.01011332297983172 0.022507963187216498 0.046260285170707287 0.012189284660125187 -0.015776271087791848 0.00083555753490204129
leaf_weight=85.708504222333431 44.036137543618679 13.105352610349653 17.999041236937046 24.534389421343803 25.145388826727867 39.720742225646973 30.85082434117794 57.435335464775562 6.0294133871793738
leaf_count=811 59 19 25 33 36 49 41 85 9
internal_value=0.00207606 0.0162216 0.0109548 0.0217104 0.00478894 0.0328249 -0.000538785 -0.00597688 -0.0366631
internal_weight=344.565 252.827 208.791 107.4 43.1444 64.2551 101.392 88.2862 91.7379
internal_count=1167 347 288 143 61 82 145 126 820
is_linear=0
shrinkage=0.05


Tree=51
num_leaves=13
num_cat=0
split_feature=18 54 76 33 51 72 71 73 0 56 24 37
split_gain=36.324 12.8279 12.5966 8.23039 9.12472 7.90982 7.49692 7.17489 6.67248 3.96649 1.52154 0.921686
threshold=-0.00062596201010288791 -5.1115322519351389e-05 0.060929933262145082 2.6032934403473189 0.28715126490853388 0.63198135798267496 2.6877349867860043 0.16577159981470047 -1.2928048346075329 3.6956043737285627e-05 94.850000000000009 0.034154168549785702
decision_type=2 2 2 2 2 2 2 2 2 2 2 2
left_child=11 2 9 5 -5 7 -6 -3 -4 -2 -10 -1
right_child=1 3 8 4 6 -7 -8 -9 10 -11 -12 -13
leaf_value=-0.0099310571643714193 -0.024345935926131386 -0.0050969742155465266 0.0090803478324383118 -0.0070751792944629549 0.047307515899261528 0.0070992225746952997 0.0094600128468959079 -0.039840927037970694 0.031186262540619365 0.013049819271467892 0.055911408157717772 -0.037721578925946797
leaf_weight=4.0561165586113921 12.505820982158186 32.007613658905029 16.312467806041241 43.268844187259674 19.719499349594116 39.773555517196655 37.345973238348961 27.296009123325348 14.937861412763594 14.000787630677221 24.706167578697205 54.379035137593746
leaf_count=42 45 45 53 59 25 53 55 39 31 26 31 666
internal_value=-0.000460356 0.0070069 0.023465 0.000117827 0.0101617 -0.0100534 0.0231281 -0.0214843 0.0367212 -0.00483718 0.0475915 -0.0359921
internal_weight=340.31 281.875 82.4631 199.411 100.334 99.0772 57.0655 59.3036 55.9565 26.5066 39.644 58.4352
internal_count=1170 462 186 276 139 137 80 84 115 71 62 708
is_linear=0
shrinkage=0.05


Tree=52
num_leaves=6
num_cat=0
split_feature=18 18 44 35 37
split_gain=141.992 8.08473 9.82618 2.51696 0.52016
threshold=-0.00019654923294621838 -0.00062596201010288791 -0.1007655094278276 4.2086602099187056 0.029128575156623513
decision_type=2 2 2 2 2
left_child=1 4 -3 -2 -1
right_child=3 2 -4 -5 -6
leaf_value=0.020748703765979138 -0.037830274101193294 0.047667757001997074 -0.014119617586866704 -0.017753586928979045 0.04443245735602401
leaf_weight=5.0110703259706488 129.75470267236233 9.7839064151048678 15.144749239087103 20.771778449416161 92.773670122027397
leaf_count=31 307 55 43 57 677
internal_value=-0.00275529 0.0370001 0.0110336 -0.0351953 0.0434411
internal_weight=273.24 122.713 24.9287 150.526 97.7847
internal_count=1170 806 98 364 708
is_linear=0
shrinkage=0.05


Tree=53
num_leaves=12
num_cat=0
split_feature=27 53 55 33 6 75 75 38 65 16 62
split_gain=60.9014 7.12934 13.7154 6.78145 6.47494 5.38288 5.42804 5.13848 3.3016 2.11662 1.27044
threshold=450.10000000000008 1.3671494836735716 7.4800051640690437e-05 2.673520777125276 -0.43244211579427638 0.80210097474214381 0.89744206168247742 2.0988205226521415 587.76750000000004 0.0095342723567592592 314.9525000000001
decision_type=2 2 2 2 2 2 2 2 2 2 2
left_child=4 2 5 7 9 -2 -7 -4 -3 -1 -11
right_child=1 8 3 -5 -6 6 -8 -9 -10 10 -12
leaf_value=-0.0028663593229290504 0.0068236605078528219 0.046950748276144059 0.016855445074111849 -0.023139161822910124 0.026967232830008538 0.042411808845522078 0.012845330417581397 -0.01026248179363352 0.01890565420259608 -0.038918576355047113 -0.0048116949493310192
leaf_weight=4.8117215782403937 31.71435709297657 22.129442393779755 42.684274077415466 26.481129139661789 3.6329837739467612 43.936548203229904 25.501860916614532 28.246254950761795 23.387256041169167 75.888437665998936 3.1450992599129668
leaf_count=26 42 30 58 51 9 56 34 39 31 768 26
internal_value=0.00274457 0.0155736 0.0113737 -0.00202935 -0.0328222 0.0241745 0.0318898 0.00606389 0.0332569 -0.0357002 -0.0376384
internal_weight=331.559 244.081 198.564 97.4117 87.4782 101.153 69.4384 70.9305 45.5167 83.8453 79.0335
internal_count=1170 341 280 148 829 132 90 97 61 820 794
is_linear=0
shrinkage=0.05


Tree=54
num_leaves=12
num_cat=0
split_feature=18 1 69 43 9 52 56 76 69 76 37
split_gain=37.1476 16.4796 11.454 11.7937 10.0949 9.44363 9.41914 8.8346 6.54133 4.94132 0.963598
threshold=-0.00062596201010288791 0.3960219676851327 2.2239115456615415 0.14856130903920714 0.047781078464123349 0.12818454906852011 6.5717882678767081e-05 0.066854919336079524 2.1506554905573738 0.076337920189064837 0.032645505739384996
decision_type=2 2 2 2 2 2 2 2 2 2 2
left_child=10 6 3 -3 7 -5 9 -4 -8 -2 -1
right_child=1 2 4 5 -6 -7 8 -9 -10 -11 -12
leaf_value=-0.0086961826304429481 -0.019310744711142303 -0.011840632062108889 -0.04742359617669429 0.038374221477430442 0.019740301423304601 0.00021319920841204873 0.013432905452123554 -0.0077065962716467255 0.045501472657441283 0.020342195274069212 -0.037319763576391489
leaf_weight=3.8577778637409201 14.674135863780977 39.337270572781563 24.883117362856865 37.884759187698364 14.691001847386358 27.823817312717438 25.933479011058807 31.531541794538498 45.251335471868515 14.753114014863966 53.193993955850601
leaf_count=40 26 56 67 51 22 37 34 72 59 34 690
internal_value=0.000811155 0.00841125 -0.000833942 0.00962507 -0.0162045 0.0224606 0.0244466 -0.0257457 0.0341664 0.000584137 -0.0355674
internal_weight=333.815 276.764 176.152 105.046 71.1057 65.7086 100.612 56.4147 71.1848 29.4272 57.0518
internal_count=1188 458 305 144 161 88 153 139 93 60 730
is_linear=0
shrinkage=0.05


Tree=55
num_leaves=6
num_cat=0
split_feature=18 41 71 54 37
split_gain=142.519 11.518 1.6834 0.427696 0.409323
threshold=-9.5054062025664202e-05 1.2914669179146594 6.6071885805495612 -9.541748736641266e-05 0.032645505739384996
decision_type=2 2 2 2 2
left_child=1 2 -1 -2 -4
right_child=3 -3 4 -5 -6
leaf_value=0.018814940668010094 -0.024367834997110888 -0.01125508836498082 0.02297439983511684 -0.037941577129484386 0.044160720509794582
leaf_weight=9.936300650238989 13.62820044159889 11.054132252931593 5.8382076770067206 123.7806356921792 98.910760909318924
leaf_count=41 37 35 38 301 736
internal_value=-0.00170927 0.0366053 0.0412758 -0.0367811 0.0432083
internal_weight=263.148 125.739 114.685 137.409 104.749
internal_count=1188 850 815 338 774
is_linear=0
shrinkage=0.05


Tree=56
num_leaves=9
num_cat=0
split_feature=54 52 5 71 77 67 18 54
split_gain=58.3 12.5901 9.86317 10.5818 10.3574 9.59162 5.82969 4.68079
threshold=-0.00010460736410723659 0.19187318235374948 -0.45130169887056043 2.3409776034318104 0.96649740871924139 9.7250000000000014 9.9441511012916059e-07 5.8514206690635579e-06
decision_type=2 2 2 2 2 2 2 2
left_child=6 2 3 -2 5 -4 -1 -6
right_child=1 -3 4 -5 7 -7 -8 -9
leaf_value=-0.038519388229995184 0.022254329542531828 0.036919326869341705 -0.011880351916635971 -0.026774551809156322 0.039481401444844216 0.023713840257839403 0.0085944915079663575 0.013101814002333326
leaf_weight=78.692404195666313 15.122278511524199 44.163485564291477 49.468994602560997 34.224255733191967 38.233443275094032 29.287792444229126 6.7975447922945014 31.963123500347137
leaf_count=848 19 58 68 57 49 39 10 40
internal_value=0.000546929 0.0130722 0.00760259 -0.011606 0.0140011 0.00148765 -0.0347172 0.0278225
internal_weight=327.953 242.463 198.3 49.3465 148.953 78.7568 85.4899 70.1966
internal_count=1188 330 272 76 196 107 858 89
is_linear=0
shrinkage=0.05


Tree=57
num_leaves=12
num_cat=0
split_feature=0 1 32 55 30 54 32 71 0 60 74
split_gain=47.5516 8.90366 11.656 11.8744 10.1391 7.97996 7.34007 11.1004 4.58127 3.78301 2.81995
threshold=-2.0117508704571523 0.38617311826938533 27.360000000000003 5.6565579663320359e-05 16.175000000000001 -1.3748213963121187e-05 86.912500000000023 3.6227487580701085 -0.94008343123180305 272.46250000000003 1.0651809013790452
decision_type=2 2 2 2 2 2 2 2 2 2 2
left_child=9 2 -2 -4 5 -3 7 -6 -5 -1 -8
right_child=1 4 3 8 6 -7 10 -9 -10 -11 -12
leaf_value=-0.038762495610301581 -0.01908589926433021 0.004176460286321816 0.0051512851849935173 0.023696594721276252 0.0012305465204938569 0.050099151051860719 0.0011140369739050019 -0.03786408277889948 0.054346795897968106 0.01489445901727951 0.028839609098931421
leaf_weight=58.399061031639576 13.009631425142286 18.450699247419834 31.005697473883629 21.74927294999361 74.672079548239708 18.85109680891037 15.567527905106543 22.965387053787708 36.599914446473122 2.9765737652778617 21.614324659109116
leaf_count=704 21 41 45 41 103 25 33 70 49 4 40
internal_value=0.00346987 0.0123857 0.0239928 0.0304066 0.00538406 0.0280864 -0.00105776 -0.00825558 0.0435139 -0.0359632 0.0175645
internal_weight=335.861 274.486 102.365 89.3549 172.121 37.3018 134.819 97.6375 58.3492 61.3756 37.1819
internal_count=1176 468 156 135 312 66 246 173 90 708 73
is_linear=0
shrinkage=0.05


Tree=58
num_leaves=6
num_cat=0
split_feature=18 10 18 35 38
split_gain=128.532 5.78417 8.89925 5.3119 3.3612
threshold=-0.00024660847503168911 0.0011219936227497098 -0.00062596201010288791 4.2086602099187056 1.7509534328861129
decision_type=2 2 2 2 2
left_child=1 -1 -3 -2 -5
right_child=3 2 -4 4 -6
leaf_value=0.043585809190592351 -0.037628924745042001 0.040844396588832085 -0.021103943958122498 0.0060419128611753671 -0.030182236405559389
leaf_weight=87.067199379205704 123.86564033478498 12.158439725637438 9.5186974257230741 12.855560682713987 11.23966224491596
leaf_count=677 312 92 22 46 27
internal_value=-0.00322199 0.0378511 0.013911 -0.0334602 -0.0113849
internal_weight=256.705 108.744 21.6771 147.961 24.0952
internal_count=1176 791 114 385 73
is_linear=0
shrinkage=0.05


Tree=59
num_leaves=9
num_cat=0
split_feature=54 19 19 52 55 44 15 8
split_gain=54.2116 8.26882 11.2288 8.14201 7.3609 3.31923 1.16487 0.725123
threshold=-0.00010460736410723659 1.0696676686670774e-05 2.1649606727929659e-05 0.20010795678727231 5.1753136221508368e-05 1.5988646055176057 0.78539970864301845 -2.6916174963058297
decision_type=2 2 2 2 2 2 2 2
left_child=5 -2 7 4 -4 6 -1 -3
right_child=1 2 3 -5 -6 -7 -8 -9
leaf_value=-0.038908815517686483 -0.022619621058224251 0.025988035882179752 0.021945098247699704 0.02863636131686852 -0.0040322461321689812 0.009274363819077194 -0.0056759584936895251 0.042125187543387253
leaf_weight=76.58589231967926 16.208375975489616 20.58342444896698 35.212310552597046 36.208449229598045 109.56546832621098 3.5740286186337462 3.1149916946887961 24.522346287965775
leaf_count=796 22 26 46 49 157 13 33 34
internal_value=-0.00103665 0.0109378 0.0134325 0.00777185 0.00239306 -0.0355943 -0.0376964 0.0354846
internal_weight=325.575 242.3 226.092 180.986 144.778 83.2749 79.7009 45.1058
internal_count=1176 334 312 252 203 842 829 60
is_linear=0
shrinkage=0.05


Tree=60
num_leaves=12
num_cat=0
split_feature=2 78 71 13 12 14 16 56 45 26 47
split_gain=32.2021 8.72816 10.8109 8.20254 8.72592 7.80331 7.46388 7.1416 0.684067 0.102668 1.32936
threshold=-1.2790177720930338 0.32345498135009859 3.6227487580701085 0.00095109600226459424 0.00073258474883269701 0.26911173022702289 0.057800660199382951 0.00026014275249532575 0.23281205841694549 25.882500000000004 0.28130459248839085
decision_type=2 2 2 2 2 2 2 2 2 2 2
left_child=9 2 3 4 -2 6 -4 -5 -7 10 -1
right_child=1 -3 5 7 -6 8 -8 -9 -10 -11 -12
leaf_value=-0.033909486071126128 0.016143659054980095 0.032397422518051285 -0.014786519114197046 0.027535514156974739 -0.018319278669766043 -0.04067553651775685 0.027741538960488327 0.0022739975620960653 -0.012473425145671957 -0.038226680516130068 0.0063019244437802829
leaf_weight=7.7329289838671667 33.138093844056129 32.043264120817184 29.022911839187145 79.752280652523041 38.78197780251503 17.562300615012649 14.718479707837103 43.105067729949951 3.7097284570336333 37.064549051225185 2.3223874047398567
leaf_count=107 45 55 65 111 54 151 25 57 33 472 29
internal_value=0.00195548 0.00817885 0.0050789 0.0109624 -0.00243641 -0.0124468 -0.000176113 0.0187623 -0.0365381 -0.0359576 -0.0248922
internal_weight=338.954 291.834 259.791 194.777 71.9201 65.0134 43.7414 122.857 21.272 47.1199 10.0553
internal_count=1204 596 541 267 99 274 90 168 184 608 136
is_linear=0
shrinkage=0.05


Tree=61
num_leaves=8
num_cat=0
split_feature=18 18 44 71 37 20 3
split_gain=115.051 10.0953 11.4127 2.57543 0.626564 0.301257 0.641824
threshold=-0.00019654923294621838 -0.00062596201010288791 -0.1007655094278276 5.0812291410361867 0.029128575156623513 2.6608672912572723e-05 -1.3581003940938345
decision_type=2 2 2 2 2 2 2
left_child=1 4 -3 5 -1 6 -2
right_child=3 2 -4 -5 -6 -7 -8
leaf_value=0.017466157867768211 -0.016517764359577004 0.044846479122886571 -0.020514002086463888 -0.011070222544348264 0.041971766061122795 -0.038127254190625834 -0.035097355749286602
leaf_weight=4.7199769616127005 10.824952319264414 10.000746577978136 16.041224330663681 12.113771013915537 84.447211571037769 101.39959493279457 15.534599848091601
leaf_count=32 33 58 43 36 700 262 40
internal_value=-0.00388544 0.0329581 0.00531622 -0.0342509 0.0408827 -0.0363458 -0.02835
internal_weight=255.082 115.209 26.042 139.873 89.1672 127.759 26.3596
internal_count=1204 833 101 371 732 335 73
is_linear=0
shrinkage=0.05


Tree=62
num_leaves=11
num_cat=0
split_feature=54 5 42 71 55 20 51 52 78 16
split_gain=62.3015 8.0952 5.048 13.7058 9.73042 7.26833 7.21488 4.58171 3.40087 1.73679
threshold=-9.541748736641266e-05 -1.153494313126936 -0.55923494231509296 2.7390727470354652 9.1197890078984409e-05 7.0791835559953333e-05 0.39558254428826739 0.033440876346301641 -0.027625375868362809 0.013424474230509841
decision_type=2 2 2 2 2 2 2 2 2 2
left_child=8 -2 4 -4 7 -5 -6 -3 -1 -10
right_child=1 2 3 5 6 -7 -8 -9 9 -11
leaf_value=0.01197396207722733 -0.016147042413100623 0.021795725545330231 -0.011993144931888857 0.044805737610129549 -0.010297792498929065 0.011589638506641325 0.027668038316709154 0.052836210348333135 -0.0088522569990619037 -0.038689011936133832
leaf_weight=3.2950509786605826 19.371719188988209 23.242543309926987 44.360727310180664 24.231812566518784 24.403174743056297 50.499813467264175 23.860790282487869 29.480928540229797 5.9297786504030219 78.594469364732504
leaf_count=15 35 30 58 34 33 67 31 38 39 824
internal_value=0.00100594 0.0142214 0.0169555 0.00985389 0.0251515 0.0228094 0.00865242 0.0398128 -0.0347824 -0.0367238
internal_weight=327.271 239.452 220.08 119.092 100.987 74.7316 48.264 52.7235 87.8193 84.5242
internal_count=1204 326 291 159 132 101 64 68 878 863
is_linear=0
shrinkage=0.05


Tree=63
num_leaves=10
num_cat=0
split_feature=18 49 10 39 67 19 19 56 37
split_gain=24.7559 8.56354 15.6674 9.74617 8.55951 5.8648 11.1337 7.16704 1.1408
threshold=-0.00062596201010288791 0.013170910975428538 0.0078213759862989316 -0.29513202123073962 15.7125 1.1474207335681668e-05 2.2267135640132371e-05 7.0444057733040955e-05 0.032645505739384996
decision_type=2 2 2 2 2 2 2 2 2
left_child=8 5 3 -3 -5 -2 -7 -8 -1
right_child=1 2 -4 4 -6 6 7 -9 -10
leaf_value=-0.004571903369469171 0.0197184278304901 -0.015992654984210316 0.04948704832821102 0.025895516543685795 -0.014680065813419799 -0.036286930931686084 -0.022880916988161006 0.0085670581819120555 -0.036366920519709987
leaf_weight=3.3421421349048606 21.168505847454071 34.609728440642357 24.066765248775482 52.551879338920116 16.436744749546051 26.339747369289398 23.760623410344124 66.526423573493958 43.751310542225838
leaf_count=38 30 54 36 85 52 42 56 96 664
internal_value=-0.00123916 0.00472407 0.0140035 0.00536612 0.0161566 -0.00391217 -0.00833244 0.000130983 -0.0342525
internal_weight=312.554 265.46 127.665 103.598 68.9886 137.795 116.627 90.287 47.0935
internal_count=1153 451 227 191 137 224 194 152 702
is_linear=0
shrinkage=0.05


Tree=64
num_leaves=9
num_cat=0
split_feature=54 63 68 0 4 67 27 20
split_gain=103.093 9.16116 3.00894 2.27505 1.60102 2.50726 0.850998 0.150279
threshold=-0.00036638626487509767 145.20000000000002 203.67000000000002 -1.9439485926317002 0.21483780934080413 14.425000000000002 439.45000000000005 1.6892920704119993e-05
decision_type=2 2 2 2 2 2 2 2
left_child=2 -2 4 -3 5 -1 -5 -6
right_child=1 3 -4 6 7 -7 -8 -9
leaf_value=0.036333207761590929 0.022105511227900894 -0.0070614788095873307 -0.0054758591549118971 -0.019335097336106152 0.04262512109527359 -0.010858918608401512 -0.036437230121141799 0.024590879181833739
leaf_weight=5.94780585169792 7.2777693048119536 8.3957563415169698 3.6887734159827223 11.738549612462519 75.266528964042664 4.111868180334568 108.87161676585674 6.0032663270831099
leaf_count=50 37 28 14 33 635 21 296 39
internal_value=-0.00231915 -0.0301061 0.0374339 -0.033199 0.0392076 0.0178058 -0.0349454 0.0416081
internal_weight=231.302 136.284 95.0182 129.006 91.3295 10.0597 120.61 81.2698
internal_count=1153 394 759 357 745 71 329 674
is_linear=0
shrinkage=0.05


Tree=65
num_leaves=10
num_cat=0
split_feature=54 55 39 77 1 41 68 40 41
split_gain=56.5818 9.77781 10.8544 9.56248 12.4466 5.26978 3.85751 2.82064 1.02468
threshold=-9.541748736641266e-05 5.2518818912784556e-05 -0.27616435411900536 0.96871527729290363 0.38617311826938533 0.83640708382865236 269.9575000000001 0.43875888156641235 2.2194388577300903
decision_type=2 2 2 2 2 2 2 2 2
left_child=6 7 -3 5 -5 -4 8 -2 -1
right_child=1 2 3 4 -6 -7 -8 -9 -10
leaf_value=-0.038115038181357142 0.022322315536015998 0.031634162101514061 0.013291624033622863 -0.016063314695415689 0.031763200355826408 -0.018617189144959984 0.017304916367835325 0.044988925043749642 -0.0047223249438258872
leaf_weight=68.717064492404461 38.286791622638702 38.824018612504005 16.298389382660389 19.505731657147408 40.426207028329372 52.224610641598701 2.8768355026841155 25.065301582217216 2.6898728981614104
leaf_count=821 53 51 25 28 53 75 6 33 8
internal_value=0.00303119 0.0152609 0.00882623 0.00174169 0.0161892 -0.0109456 -0.034637 0.0318501 -0.0369397
internal_weight=304.915 230.631 167.279 128.455 59.9319 68.523 74.2838 63.3521 71.4069
internal_count=1153 318 232 181 81 100 835 86 829
is_linear=0
shrinkage=0.05


Tree=66
num_leaves=11
num_cat=0
split_feature=18 5 60 47 53 78 59 77 42 37
split_gain=27.3875 7.71879 13.3336 9.11917 8.84757 11.068 8.26278 7.38175 7.44509 1.33623
threshold=-0.00062596201010288791 -0.43219966868659887 273.8875000000001 0.31643247264197633 0.61284273645657261 0.0060648606457957303 1.3682508792176089 0.90263830635483233 -0.66422775783889587 0.029128575156623513
decision_type=2 2 2 2 2 2 2 2 2 2
left_child=9 3 4 7 5 -3 -6 -2 -9 -1
right_child=1 2 -4 -5 6 -7 -8 8 -10 -11
leaf_value=-0.00093162270344498857 0.035037287465104712 -0.038114113525013441 -0.024255084908171853 0.044754578962426544 0.034591488860552848 0.0071681280599210891 0.0010168392053203207 0.021801737512481323 -0.018331953813186645 -0.036098582729152916
leaf_weight=2.9398701339960089 18.768734164535999 16.714536920189857 37.449008911848068 25.189093559980392 43.47304593026638 55.757471151649952 31.27310049533844 18.906992755830288 26.552739411592484 41.934325240552425
leaf_count=34 35 27 54 36 60 88 47 37 76 670
internal_value=0.00190771 0.00786641 0.00199439 0.0198373 0.00879026 -0.00365213 0.020743 0.00952888 -0.00153011 -0.0338652
internal_weight=318.959 274.085 184.667 89.4176 147.218 72.472 74.7461 64.2285 45.4597 44.8742
internal_count=1164 460 276 184 222 115 107 148 113 704
is_linear=0
shrinkage=0.05


Tree=67
num_leaves=7
num_cat=0
split_feature=69 3 0 67 67 20
split_gain=100.133 6.08178 5.2351 0.945625 3.0085 0.863036
threshold=3.5077950061579979 -2.7571252132375763 -1.0567652929839784 33.487500000000004 39.137500000000003 8.1303785267360517e-06
decision_type=2 2 2 2 2 2
left_child=1 -1 3 -2 -5 -3
right_child=2 5 -4 4 -6 -7
leaf_value=0.0091044429369564715 0.040812738798006967 -0.021058078921051545 0.002685547341421761 -0.0093208083904523942 0.042322569205200111 -0.036585958244293719
leaf_weight=7.9947388470172873 75.45114541053772 14.995041288435457 11.5708766952157 4.4002903103828412 5.5938618406653404 108.41327440738678
leaf_count=38 664 43 48 23 45 303
internal_value=-0.00381506 -0.0321588 0.0345114 0.0387403 0.0208051 -0.0348836
internal_weight=228.419 131.403 97.0162 85.4453 9.99415 123.408
internal_count=1164 384 780 732 68 346
is_linear=0
shrinkage=0.05


Tree=68
num_leaves=9
num_cat=0
split_feature=54 5 60 61 54 24 45 18
split_gain=45.4257 9.24445 7.97763 8.78078 8.01484 6.73794 5.8815 5.02465
threshold=-0.00010460736410723659 -1.153494313126936 273.8875000000001 75.650000000000006 -1.1453735994812964e-05 173.15000000000001 0.19429426821191517 3.1137701432890262e-06
decision_type=2 2 2 2 2 2 2 2
left_child=7 -2 3 5 -4 -3 -5 -1
right_child=1 2 4 6 -6 -7 -8 -9
leaf_value=-0.037620710318520344 -0.023038054381088399 -0.0063553085033691325 0.05127208442592586 0.010029446853456974 0.012148123288203808 0.022310390032132379 0.042463556458844295 0.012983649801314954
leaf_weight=66.002565909177065 17.296689614653587 85.906971476972103 24.448857516050339 32.889089077711105 28.66439288854599 25.827804148197174 24.439579904079437 4.8163601756095877
leaf_count=825 33 122 32 43 37 33 31 8
internal_value=0.000850834 0.0112695 0.0140317 0.00862244 0.0307722 0.000409973 0.0243473 -0.0340463
internal_weight=310.292 239.473 222.177 169.063 53.1133 111.735 57.3287 70.8189
internal_count=1164 331 298 229 69 155 74 833
is_linear=0
shrinkage=0.05


Tree=69
num_leaves=12
num_cat=0
split_feature=2 5 71 7 71 0 7 49 2 43 25
split_gain=25.9077 8.60985 9.38638 10.0618 8.42525 7.72097 6.53919 6.33331 6.00137 5.33296 4.9478
threshold=-1.2790177720930338 -0.43219966868659887 2.7584587802233025 0.26433193457030763 2.2743458317730894 -0.7327551147799346 0.29882321153935792 0.013170910975428538 -0.78333824266141139 0.15473072090253817 16.525000000000002
decision_type=2 2 2 2 2 2 2 2 2 2 2
left_child=-1 4 3 -3 -2 6 -4 -7 -6 -5 -10
right_child=1 2 5 9 8 7 -8 -9 10 -11 -12
leaf_value=-0.036870990576811528 -0.013808873917966586 -0.0089386282248538861 0.006813314621128358 0.0090717417599309527 -0.0014652722704229385 -0.0085110816538756118 -0.032871103193029716 0.024122304898291966 0.012137061781565593 0.041766678410214739 0.044295292903670069
leaf_weight=38.149959433823824 14.965398788452147 30.485172227025032 13.680408194661139 23.629422932863235 14.928525391966103 40.019775964319706 38.418144915252924 22.346298366785049 18.714796539396048 27.181036159396172 37.701651237905025
leaf_count=591 20 43 26 33 57 63 145 42 53 36 64
internal_value=0.00125662 0.00652541 0.00069818 0.0135976 0.0195827 -0.00850175 -0.0225184 0.00337789 0.0266811 0.0270305 0.0340248
internal_weight=320.221 282.071 195.76 81.2956 86.3104 114.465 52.0986 62.3661 71.345 50.8105 56.4164
internal_count=1173 582 388 112 194 276 171 105 174 69 117
is_linear=0
shrinkage=0.05


Tree=70
num_leaves=7
num_cat=0
split_feature=18 18 52 73 69 73
split_gain=97.4033 6.71447 5.21914 6.18967 2.6095 0.00961256
threshold=-0.00019654923294621838 -0.00058808487666645872 0.12095693303449756 0.23616644577906121 2.8090602787895684 0.056878497426874425
decision_type=2 2 2 2 2 2
left_child=1 -1 3 -3 5 -2
right_child=4 2 -4 -5 -6 -7
leaf_value=0.04030826297372616 -0.023564815783084819 0.052226258275101217 -0.021907678722643726 -0.011750280863979896 -0.010275769832491092 -0.035980666288325379
leaf_weight=75.531078889966011 7.8649753853678694 8.1366972774267214 8.0394345223903638 5.9238007664680472 12.535140842199324 105.6591667085886
leaf_count=712 24 52 21 20 39 305
internal_value=-0.00401901 0.0332818 0.00856218 0.0262819 -0.0329425 -0.0353338
internal_weight=223.69 97.631 22.0999 14.0605 126.059 113.524
internal_count=1173 805 93 72 368 329
is_linear=0
shrinkage=0.05


Tree=71
num_leaves=8
num_cat=0
split_feature=54 18 63 70 67 28 13
split_gain=43.7808 6.59567 6.07413 7.4008 6.13366 13.13 1.29532
threshold=-9.541748736641266e-05 9.9441511012916059e-07 449.52500000000003 0.3546307441214766 12.137500000000003 33.375000000000007 0.00095109600226459424
decision_type=2 2 2 2 2 2 2
left_child=1 6 -2 4 5 -4 -1
right_child=2 -3 3 -5 -6 -7 -8
leaf_value=0.0017676049331304289 -0.023637598120914833 0.016529403607156101 0.013407505331441595 0.036008491964614468 0.028133990995995884 -0.020988628899147682 -0.037512608942134221
leaf_weight=2.0765930935740462 10.458532273769377 5.900787688791751 122.28777003288269 31.473373278975487 37.028659522533417 34.847287997603416 65.353248845785856
leaf_count=10 28 9 160 42 48 49 827
internal_value=0.00160869 -0.0318789 0.0121004 0.0138539 0.0100966 0.00569511 -0.0362948
internal_weight=309.426 73.3306 236.096 225.637 194.164 157.135 67.4298
internal_count=1173 846 327 299 257 209 837
is_linear=0
shrinkage=0.05


Tree=72
num_leaves=13
num_cat=0
split_feature=0 69 55 71 19 43 7 48 60 37 59 9
split_gain=27.3286 9.31199 7.11049 7.33772 7.27178 7.08349 6.72668 5.46942 3.09295 1.92648 1.75945 1.17923
threshold=-1.9292868270610002 1.9734829003549814 5.2518818912784556e-05 2.7390727470354652 1.4134118052479234e-05 0.2065610753695955 0.30434285434274572 0.0072509597362671692 273.8875000000001 0.02421193039624377 0.61421047016057939 0.003391269921054946
decision_type=2 2 2 2 2 2 2 2 2 2 2 2
left_child=8 -2 4 5 -3 -4 -5 -6 9 -1 -11 -12
right_child=1 2 3 6 7 -7 -8 -9 -10 10 11 -13
leaf_value=0.010521777384342523 -0.022146072922130378 0.021829218183073609 0.0152850274657801 0.024521254271529486 -0.035058602486250909 0.051154484430759997 0.00054466001318394838 0.00032614502992497798 0.014654848625299602 0.010816965174705919 -0.038291671216044702 0.00018766335090357342
leaf_weight=2.0137155577540389 22.248956024646759 18.679454416036606 34.227332934737206 44.348214205354452 17.937101379036903 23.575476825237274 82.549897201359272 25.754607677459717 3.0841109603643408 1.612756311893462 46.345632538199425 2.0683032162487498
leaf_count=23 33 25 45 82 27 31 171 39 5 4 678 22
internal_value=0.00159807 0.00818519 0.0109948 0.0159024 -0.00355991 0.0305359 0.00905018 -0.01466 -0.0301569 -0.0330389 -0.0349642 -0.0366773
internal_weight=324.446 269.321 247.072 184.701 62.3712 57.8028 126.898 43.6917 55.1245 52.0404 50.0267 48.4139
internal_count=1185 453 420 329 91 76 253 66 732 727 704 700
is_linear=0
shrinkage=0.05


Tree=73
num_leaves=10
num_cat=0
split_feature=54 63 29 0 33 41 20 53 0
split_gain=86.1601 9.17564 5.0782 2.09655 0.742813 0.728738 0.70589 0.540251 0.0232248
threshold=-0.00040497655011750416 132.37500000000003 564.86250000000007 -1.8548572178571916 2.8034281503985636 1.2914669179146594 2.6608672912572723e-05 0.50053033576349804 -1.1392545789713271
decision_type=2 2 2 2 2 2 2 2 2
left_child=2 -2 5 -3 -5 7 -6 -1 -9
right_child=1 3 -4 4 6 -7 -8 8 -10
leaf_value=0.018981788843279095 0.026103620375711609 -0.0089173085768175595 -0.02142630957556738 -0.03666563459826163 -0.013305123253757873 0.01094914297927636 -0.031391577032581122 0.040352678238803306 0.020511752339687314
leaf_weight=6.1667377576231948 6.3660419285297385 9.7472219467163068 3.2414224073290816 91.196580491960049 11.042134411633016 3.5116851776838294 17.180756136775017 67.490827910602093 3.3591315522789946
leaf_count=35 38 34 11 274 34 20 49 665 25
internal_value=-0.00484419 -0.0294065 0.0347737 -0.0323218 -0.0341422 0.0372709 -0.0250127 0.0383154 0.0397106
internal_weight=219.303 135.533 83.7698 129.167 119.419 80.5284 28.2229 77.0167 70.85
internal_count=1185 429 756 391 357 745 83 725 690
is_linear=0
shrinkage=0.05


Tree=74
num_leaves=9
num_cat=0
split_feature=54 60 52 48 21 66 68 16
split_gain=40.6277 7.95754 9.66628 14.5049 6.27909 6.19902 3.3437 2.60579
threshold=-0.00010460736410723659 300.12500000000006 0.19187318235374948 0.016560313978560833 0.1551213555845822 19.962500000000006 269.9575000000001 0.013424474230509841
decision_type=2 2 2 2 2 2 2 2
left_child=6 2 3 4 -2 -5 7 -1
right_child=1 -3 -4 5 -6 -7 -8 -9
leaf_value=0.0020262042449529219 0.0057351503478747295 0.035944721968564596 0.031877712639828797 -0.00086680542483042909 0.030454803333876415 -0.032660910229399938 0.015643324435461053 -0.037443845904122509
leaf_weight=4.3820112422108641 88.056495681405067 27.734482765197754 34.225257098674774 30.987619318068027 35.651999071240425 29.452109575271606 2.9173383936285964 60.038049899041653
leaf_count=39 117 37 46 49 50 46 6 795
internal_value=0.00173989 0.0111709 0.00787498 0.00326582 0.0130463 -0.0166394 -0.032388 -0.0347691
internal_weight=313.445 246.108 218.373 184.148 123.708 60.4397 67.3374 64.4201
internal_count=1185 345 308 262 167 95 840 834
is_linear=0
shrinkage=0.05


Tree=75
num_leaves=13
num_cat=0
split_feature=0 3 78 71 33 36 56 68 60 27 11 73
split_gain=25.9992 6.77861 9.23505 9.32437 6.35791 6.32566 6.96586 6.38854 6.24008 3.24378 2.25778 1.84134
threshold=-2.0117508704571523 -1.0534898145436842 0.1188541945148464 3.5887419974030927 2.5161452592590536 0.79757255796313165 8.0503304546626739e-05 78.597500000000025 272.46250000000003 530.67500000000007 0.012190143152504563 0.19503034678734918
decision_type=2 2 2 2 2 2 2 2 2 2 2 2
left_child=8 2 3 4 -2 11 -7 -8 -1 -5 -4 -3
right_child=1 5 10 9 -6 6 7 -9 -10 -11 -12 -13
leaf_value=-0.03740684510573495 -0.0033712829997918623 -0.039796959066372962 0.019952940861784327 -0.042788742668451597 0.024215096134689237 -0.018286914160289307 0.024305025262513224 -0.006278189224478245 0.023899252949844366 -0.0013116923633638275 0.042492511826259544 -0.010121270114221396
leaf_weight=44.313863474875689 35.527908533811569 10.329501152038576 25.439650736749172 10.415384206920864 48.936169892549515 24.786373108625412 41.571602821350098 27.94437912106514 3.8963404297828665 8.1403757333755475 24.763148996978998 11.424188397824762
leaf_count=699 49 35 50 51 66 38 56 39 6 12 48 26
internal_value=0.00136485 0.00744682 0.0143164 0.00562993 0.0127078 -0.00166754 0.00400234 0.0120963 -0.0320671 -0.0255904 0.0316836 -0.0253422
internal_weight=317.489 269.279 153.223 103.02 84.4641 116.056 94.3024 69.516 48.2102 18.5558 50.2028 21.7537
internal_count=1175 470 276 178 115 194 133 95 705 63 98 61
is_linear=0
shrinkage=0.05


Tree=76
num_leaves=6
num_cat=0
split_feature=71 18 3 6 45
split_gain=88.627 7.4845 3.78667 1.51211 4.94464
threshold=6.6071885805495612 -6.9869518837067647e-05 -2.5373742178330194 -2.2476032293883716 0.14254333985803094
decision_type=2 2 2 2 2
left_child=2 3 -1 -2 -5
right_child=1 -3 -4 4 -6
leaf_value=-0.0051984804269898568 0.040071854803367314 -0.023846568024148342 -0.035271213935032984 -0.012999932626434819 0.044237775087212487
leaf_weight=11.956136696040629 67.654874712228775 4.7441402077674857 111.81455154716969 6.1142257302999479 7.5422328040003777
leaf_count=44 689 12 342 23 65
internal_value=-0.00544004 0.033307 -0.0324312 0.0368908 0.019473
internal_weight=209.826 86.0555 123.771 81.3113 13.6565
internal_count=1175 789 386 777 88
is_linear=0
shrinkage=0.05


Tree=77
num_leaves=7
num_cat=0
split_feature=54 29 52 56 12 23
split_gain=40.6391 10.4186 7.90435 5.94039 8.64852 7.55448
threshold=-5.627093411573891e-05 556.51750000000004 0.19187318235374948 6.5717882678767081e-05 0.00073258474883269701 0.63412403278016438
decision_type=2 2 2 2 2 2
left_child=1 -1 3 -2 -5 -6
right_child=2 -3 -4 4 5 -7
leaf_value=-0.037872251955147894 0.029158405491592529 0.00018335949767398109 0.033396172380156804 -0.01926233236969993 0.020322996254937595 -0.005064728156398822
leaf_weight=60.375125151127577 29.635891333222389 25.426343340426683 40.28545643389225 28.803119078278542 76.487743064761162 46.582314483821392
leaf_count=827 40 48 55 38 101 66
internal_value=0.00230792 -0.0267227 0.013608 0.00905713 0.00496957 0.0107503
internal_weight=307.596 85.8015 221.795 181.509 151.873 123.07
internal_count=1175 875 300 245 205 167
is_linear=0
shrinkage=0.05


Tree=78
num_leaves=10
num_cat=0
split_feature=0 76 69 69 45 55 51 46 53
split_gain=21.5685 8.38326 7.86967 7.2171 6.86948 6.07878 7.80848 6.02522 2.37014
threshold=-2.0117508704571523 0.035949481407925289 1.9734829003549814 2.0392307494100614 0.17350317558793366 5.4659446844498319e-05 0.55067195548183756 0.047189935725352183 0.55804514243068526
decision_type=2 2 2 2 2 2 2 2 2
left_child=3 4 -3 -1 -2 7 -7 -4 -5
right_child=1 2 5 8 -6 6 -8 -9 -10
leaf_value=0.036687341514658522 -0.040117111302277339 -0.020485877538419565 0.013810902201846553 -0.0017361720042206681 0.0048997667662783861 0.022268295362346462 -0.0098201365032780669 -0.018561357887960764 -0.037456827425663856
leaf_weight=3.1715533882379523 14.695068664848803 17.765614867210388 30.647538170218468 5.3419648446142665 18.004345949739218 144.33179610595107 21.223264433443546 25.336595177650452 40.468353819102049
leaf_count=5 33 27 42 48 28 240 68 39 660
internal_value=0.00196934 0.00749197 0.0107441 -0.028235 -0.0159209 0.0133293 0.0181205 -0.000908357 -0.0334175
internal_weight=320.986 272.004 239.305 48.9819 32.6994 221.539 165.555 55.9841 45.8103
internal_count=1190 477 416 713 61 389 308 81 708
is_linear=0
shrinkage=0.05


Tree=79
num_leaves=10
num_cat=0
split_feature=60 0 74 39 15 78 33 0 44
split_gain=75.7304 8.35888 3.42927 2.88589 1.28619 2.7895 1.09698 1.17054 0.43306
threshold=105.62500000000001 -1.1239377660700911 1.058463721728121 0.36051098191818021 0.38318280655522402 0.17194235806085137 2.8034281503985636 -0.84422518358743337 1.1216027507405488
decision_type=2 2 2 2 2 2 2 2 2
left_child=1 3 -3 4 5 -1 -2 -8 -6
right_child=6 2 -4 -5 8 -7 7 -9 -10
leaf_value=0.038076381648938368 -0.036138408531241444 0.015462195159492069 -0.026561691307581681 -0.0091952394319540828 0.039881812304364612 -0.0081202667231518571 -0.004880076282957016 -0.029959621457839692 0.013490569762988262
leaf_weight=6.4791888296604139 90.410652384161949 9.5881579741835612 7.994898982346057 3.340075120329856 59.568970993161201 5.2797908931970596 7.6727959811687496 12.892138592898844 2.9302286505699149
leaf_count=51 287 48 22 13 644 31 29 41 24
internal_value=-0.00567042 0.0269002 -0.00404689 0.0338748 0.0359085 0.0183233 -0.0335963 -0.0212626 0.0388764
internal_weight=206.157 95.1813 17.5831 77.5983 74.2582 11.759 110.976 20.5649 62.4992
internal_count=1190 833 70 763 750 82 357 70 668
is_linear=0
shrinkage=0.05


Tree=80
num_leaves=10
num_cat=0
split_feature=54 7 71 77 54 16 54 27 18
split_gain=37.8419 9.59523 10.0494 8.81014 8.09172 6.14592 5.94149 5.60037 3.83687
threshold=-0.00010460736410723659 0.26433193457030763 2.7390727470354652 0.93907541381245341 1.3113472979224479e-05 0.030847135656400754 -3.4944061663212069e-05 509.27500000000003 9.9441511012916059e-07
decision_type=2 2 2 2 2 2 2 2 2
left_child=8 6 4 -4 -3 -5 -2 -8 -1
right_child=1 2 3 5 -6 -7 7 -9 -10
leaf_value=-0.036763622506533415 -0.0031673043431227018 0.0027462736443409695 -0.016770586657011109 -0.0016298021379774681 -0.032853995735327539 0.030035181016985563 0.013636509103181278 0.041571175314681102 0.0069512552279712182
leaf_weight=56.41461943462491 17.203523926436901 37.757101222872734 18.581744238734245 21.286883406341076 26.474191188812256 52.8084626942873 33.967746742069721 40.710405707359314 5.1825427040457717
leaf_count=833 28 51 31 30 35 73 49 52 8
internal_value=0.00173599 0.0104422 0.00288286 0.0133589 -0.0122058 0.0210376 0.0231815 0.029213 -0.0330333
internal_weight=310.387 248.79 156.908 92.6771 64.2313 74.0953 91.8817 74.6782 61.5972
internal_count=1190 349 220 134 86 103 129 101 841
is_linear=0
shrinkage=0.05


Tree=81
num_leaves=11
num_cat=0
split_feature=71 9 35 54 75 39 58 41 9 37
split_gain=20.9976 6.45464 8.31519 7.03372 7.86127 6.15082 4.1228 2.69385 2.01738 2.51539
threshold=10.541577468389399 0.012822559809871554 4.5672586557969979 -5.627093411573891e-05 0.77567631192957975 0.44481628238687204 0.10747691813309861 0.83640708382865236 1.1084770924784592e-05 0.02421193039624377
decision_type=2 2 2 2 2 2 2 2 2 2
left_child=1 2 3 7 -5 -3 -4 -1 -2 -10
right_child=8 5 6 4 -6 -7 -8 -9 9 -11
leaf_value=0.0082869835964137061 0.014703962891249277 0.038804079160696593 -7.4462875292522279e-05 -0.023360269861876108 0.0072528767941511425 0.0055903292860001756 -0.043320208058962757 0.037286933575219665 0.018912043829064737 -0.036781970958217836
leaf_weight=13.241553530097006 1.7250937074422825 28.422708824276924 9.630707975476982 23.546668007969856 143.35709252953529 27.233192801475525 11.895010370761154 22.403631642460823 1.5609057210385788 34.526302557438612
leaf_count=30 24 40 35 33 199 38 84 34 18 656
internal_value=0.00309591 0.00785238 0.00402022 0.00719363 0.00282059 0.0229377 -0.0248341 0.0270341 -0.0313876 -0.033928
internal_weight=317.543 279.731 224.075 202.549 166.904 55.6559 21.5257 35.6452 37.8123 36.0872
internal_count=1191 493 415 296 232 78 119 64 698 674
is_linear=0
shrinkage=0.05


Tree=82
num_leaves=7
num_cat=0
split_feature=18 18 44 35 37 37
split_gain=73.3724 5.28955 8.77451 3.28671 2.061 0.71611
threshold=-0.00019654923294621838 -0.00058808487666645872 -0.1007655094278276 4.2086602099187056 0.40114332203254438 0.034154168549785702
decision_type=2 2 2 2 2 2
left_child=1 5 -3 -2 -5 -1
right_child=3 2 -4 4 -6 -7
leaf_value=0.013437999159679418 -0.035242433743695088 0.046345331150679923 -0.018138971305820428 0.0051671314716781975 -0.026577068830136226 0.038364308892236014
leaf_weight=4.494533382356166 96.313595570623875 7.6215529739856747 12.669895634055136 9.2119728326797503 9.7718078270554525 58.554072849452496
leaf_count=41 320 53 39 34 29 675
internal_value=-0.0057749 0.0297628 0.00712074 -0.0314976 -0.0116853 0.0368249
internal_weight=198.637 83.3401 20.2914 115.297 18.9838 63.0486
internal_count=1191 808 92 383 63 716
is_linear=0
shrinkage=0.05


Tree=83
num_leaves=10
num_cat=0
split_feature=18 78 20 26 22 34 42 51 32
split_gain=29.4913 6.08034 10.5743 10.7353 9.12063 7.03737 6.89689 6.31261 5.09565
threshold=-9.5054062025664202e-05 0.010619104733284557 0.00012395500292685668 226.81500000000003 0.070105689663509899 0.13187754090990214 -0.55237033266342783 0.30358473812488751 234.82000000000002
decision_type=2 2 2 2 2 2 2 2 2
left_child=8 6 3 5 -4 -3 -2 -8 -1
right_child=1 2 4 -5 -6 -7 7 -9 -10
leaf_value=-0.036749794422672198 0.035805893581076678 0.022162870421062006 -0.043254683692905312 0.032454387688105914 -0.0014143734698448408 -0.010506776284645108 0.023482977556261202 -0.011430584951067331 0.030834237971174801
leaf_weight=49.911393541842699 33.467922508716583 23.266531974077225 18.174441494047642 37.844801217317581 40.83429504185915 50.397973597049713 25.586059063673019 24.36803825199604 2.2194451987743369
leaf_count=829 44 31 26 52 59 75 34 35 6
internal_value=0.000542899 0.00760344 0.00215674 0.0111855 -0.0148071 -2.96125e-05 0.0185793 0.00656176 -0.0333462
internal_weight=306.071 253.94 170.518 111.509 59.0087 73.6645 83.422 49.9541 52.1308
internal_count=1191 356 243 158 85 106 113 69 835
is_linear=0
shrinkage=0.05


Tree=84
num_leaves=9
num_cat=0
split_feature=2 72 42 78 42 32 70 32
split_gain=21.5187 6.66963 6.00316 8.39692 9.06795 8.52275 7.00785 2.87265
threshold=-1.2507553512636285 1.1001107280780391 -0.20172899603889372 0.015321777527612391 -0.54512431417153084 25.117500000000003 0.22188124880533158 127.19000000000004
decision_type=2 2 2 2 2 2 2 2
left_child=-1 2 3 4 -2 -5 -4 -8
right_child=1 -3 6 5 -6 -7 7 -9
leaf_value=-0.03650679824882111 -0.02221874212827624 0.036716448605942149 0.021193511784611124 -0.016919944708687722 0.011938555611933722 0.019242846837668925 -0.033394495443220949 0.0058145184193712065
leaf_weight=30.67638823017478 38.485833670943975 16.677755765616894 10.062474384903906 17.78036442399025 37.353199202567339 132.27944594249129 22.582030314952139 5.4905373975634566
leaf_count=590 61 29 14 32 53 236 146 23
internal_value=0.00257632 0.00696179 0.00495088 0.00805412 -0.00545873 0.0148743 -0.0131677 -0.0257896
internal_weight=311.388 280.712 264.034 225.899 75.839 150.06 38.135 28.0726
internal_count=1184 594 565 382 114 268 183 169
is_linear=0
shrinkage=0.05


Tree=85
num_leaves=7
num_cat=0
split_feature=18 71 39 71 30 20
split_gain=72.6807 7.22127 2.48585 0.902213 0.219366 0.0398067
threshold=-0.0001042995878363205 6.6071885805495612 0.28316185556262091 5.3088478436753954 89.925000000000011 3.1792610642664008e-05
decision_type=2 2 2 2 2 2
left_child=1 -1 4 5 -3 -2
right_child=3 2 -4 -5 -6 -7
leaf_value=-0.0021463571773083887 -0.027587870110774782 0.038956122623825279 0.0023947679725447894 -0.014232036501441109 0.014462076098234964 -0.036075845863739624
leaf_weight=15.353054523468016 22.054821312427521 61.830609433352947 5.3729044049978247 7.9143701940774909 2.4993400350213042 74.924030512571335
leaf_count=57 77 724 23 25 24 254
internal_value=-0.00536017 0.0288 0.0355503 -0.0330704 0.0382404 -0.0344468
internal_weight=189.949 85.0559 69.7029 104.893 64.3299 96.9789
internal_count=1184 828 771 356 748 331
is_linear=0
shrinkage=0.05


Tree=86
num_leaves=11
num_cat=0
split_feature=54 45 61 56 62 31 63 41 73 67
split_gain=30.8085 6.56648 6.76514 7.95997 6.71885 8.77149 4.6905 3.39408 3.19899 1.53288
threshold=-0.00010460736410723659 0.16910937842723059 81.100000000000009 7.0444057733040955e-05 314.9525000000001 7.2874999999999988 571.67500000000018 2.2194388577300903 0.18936514210727731 0.61250000000000016
decision_type=2 2 2 2 2 2 2 2 2 2
left_child=7 4 3 -3 -2 8 -5 9 -6 -1
right_child=1 2 -4 6 5 -7 -8 -9 -10 -11
leaf_value=0.0059761666831092443 -0.0100713730751172 0.023183409586503709 0.024518477592049812 -0.0033097987332795543 -0.0044886055785861127 0.03971025691262442 -0.028306980061218373 0.015112460366041259 0.021071955236178341 -0.037022396241350626
leaf_weight=1.8906123973429192 17.647515904158354 20.909189730882645 24.397067457437515 67.78475908190012 24.164218708872795 41.557216092944145 25.125770345330238 3.0092827677726737 23.22189873456955 50.919427659362555
leaf_count=11 38 30 32 93 33 56 35 7 30 819
internal_value=0.000725093 0.00839284 0.00117387 -0.00399997 0.0176558 0.023208 -0.0102992 -0.0324593 0.00821414 -0.0354006
internal_weight=300.627 244.808 138.217 113.82 106.591 88.9433 92.9105 55.8193 47.3861 52.81
internal_count=1184 347 190 158 157 119 128 837 63 830
is_linear=0
shrinkage=0.05


Tree=87
num_leaves=11
num_cat=0
split_feature=18 54 9 71 42 66 76 23 53 52
split_gain=15.3628 7.74686 6.42903 5.98276 9.06978 12.4678 5.90555 4.56663 2.09271 1.5041
threshold=-0.00058808487666645872 -9.541748736641266e-05 0.00050621624809843641 2.7390727470354652 -0.72042688257903986 17.325000000000006 0.10386111752229622 0.86731653689301924 0.50285919790908939 0.093578173820212399
decision_type=2 2 2 2 2 2 2 2 2 2
left_child=8 2 -2 4 -3 -6 7 -5 -1 -4
right_child=1 3 9 6 5 -7 -8 -9 -10 -11
leaf_value=0.014433138334885834 -0.013630732229671828 -0.015018856291686462 0.019316340725809889 -0.020976600143286131 -0.006042127466464417 0.034253640818052093 0.011947608590953557 0.0034803191366948893 -0.03481154146940936 0.04066966392359822
leaf_weight=1.7917165681719804 9.2832651585340482 27.224927872419357 18.629966780543327 60.315737217664719 31.744794651865959 46.567938461899757 30.16856537759304 27.343379765748978 29.499589264392853 20.881126545369625
leaf_count=22 59 39 49 93 44 61 43 42 678 36
internal_value=0.000985128 0.00483734 0.0226714 0.000857792 0.00945788 0.0180491 -0.00686003 -0.0133946 -0.0316322 0.0313267
internal_weight=303.451 272.16 48.7944 223.365 105.538 78.3127 117.828 87.6591 31.2913 39.5111
internal_count=1166 466 144 322 144 105 178 135 700 85
is_linear=0
shrinkage=0.05


Tree=88
num_leaves=7
num_cat=0
split_feature=18 18 73 35 67 20
split_gain=60.9486 6.60015 5.3751 2.23423 1.00624 0.278251
threshold=-0.00019654923294621838 -0.00058808487666645872 0.16767575234341928 4.2086602099187056 33.487500000000004 1.3213598819851697e-05
decision_type=2 2 2 2 2 2
left_child=1 4 -3 5 -1 -2
right_child=3 2 -4 -5 -6 -7
leaf_value=0.037706410099689266 -0.022064289255309563 0.033272176696227368 -0.015362283363631869 -0.011417675765054138 0.0081595990584287844 -0.035614269421473041
leaf_weight=51.92418161034584 10.57959772646427 8.2385680601000804 13.787301875650881 13.574142068624495 3.7194097563624373 79.210870109498501
leaf_count=661 38 50 49 47 39 282
internal_value=-0.00639573 0.0268759 0.00348393 -0.0314144 0.0359103 -0.0342783
internal_weight=181.034 77.6695 22.0259 103.365 55.6436 89.7905
internal_count=1166 799 99 367 700 320
is_linear=0
shrinkage=0.05


Tree=89
num_leaves=10
num_cat=0
split_feature=54 78 55 1 7 72 77 29 44
split_gain=35.6628 6.85055 8.18107 7.66118 10.8818 6.90896 5.83837 5.11925 4.03043
threshold=-0.00010460736410723659 0.015321777527612391 7.1782675111605818e-05 0.3960219676851327 0.26433193457030763 0.30744656662589837 0.94554673714937865 566.15000000000009 1.5988646055176057
decision_type=2 2 2 2 2 2 2 2 2
left_child=8 6 5 -4 -5 -3 -2 -8 -1
right_child=1 2 3 4 -6 -7 7 -9 -10
leaf_value=-0.036761496176746671 0.0019273282142488102 -0.0034561422766980344 -0.029680278459389038 0.039436869763803471 -0.0091947290958245519 0.029664769856174229 0.040840379410485905 0.011446927125645217 0.020603272735111883
leaf_weight=50.714308228343725 26.149515926837921 24.724819704890251 23.308754362165928 14.673683561384676 42.310550726950169 41.449495270848274 39.989553190767765 24.802294597029686 2.6379064321517935
leaf_count=818 35 35 37 22 65 57 53 33 11
internal_value=0.00296242 0.0112851 0.00453489 -0.00617025 0.00379228 0.0174225 0.0219891 0.0299336 -0.0335983
internal_weight=290.761 237.409 146.467 80.293 56.9842 66.1743 90.9414 64.7918 53.3522
internal_count=1166 337 216 124 87 92 121 86 829
is_linear=0
shrinkage=0.05


Tree=90
num_leaves=11
num_cat=0
split_feature=2 1 4 71 7 41 26 55 0 37
split_gain=17.7294 9.80481 10.9954 8.84415 12.6519 6.69961 10.0728 5.23633 7.46249 2.3107
threshold=-1.2790177720930338 0.37837625287179139 0.15979697800884932 2.6877349867860043 0.28375372649913327 2.5772912283736873 281.38500000000005 4.5267311168547843e-05 -1.2341814509795557 0.026231240688507313
decision_type=2 2 2 2 2 2 2 2 2 2
left_child=9 2 -2 4 -3 6 -5 -4 -9 -1
right_child=1 3 7 5 -6 -7 -8 8 -10 -11
leaf_value=0.015881828017430981 -0.020736649297008376 -0.013726476351443837 0.0048144625154583759 -0.0066801004741739878 0.033520624524057595 -0.030588531374614959 0.044949925168667762 0.0016505416809510281 0.043042732520827624 -0.036335449715845
leaf_weight=1.7451425269246126 13.082045927643774 21.52193021774292 20.196936994791031 83.880758199840784 38.092143088579178 22.959182932972908 9.6303445398807508 13.931949362158774 50.231344975531101 26.765829794108868
leaf_count=25 21 30 29 294 53 35 18 40 72 571
internal_value=0.00413719 0.00808305 0.020721 0.0010119 0.0165184 -0.00699798 -0.00094358 0.0273176 0.0342184 -0.0327094
internal_weight=302.038 273.527 97.4423 176.084 59.6141 116.47 93.5111 84.3602 64.1633 28.511
internal_count=1188 592 162 430 83 347 312 141 112 596
is_linear=0
shrinkage=0.05


Tree=91
num_leaves=8
num_cat=0
split_feature=71 3 41 23 20 37 19
split_gain=59.1256 8.03047 5.62962 1.37176 1.18817 0.968742 0.301386
threshold=6.6071885805495612 -2.7571252132375763 1.2914669179146594 0.61488494701581131 8.1303785267360517e-06 0.034154168549785702 8.8092127908661306e-05
decision_type=2 2 2 2 2 2 2
left_child=1 -1 3 -2 -3 -5 -7
right_child=2 4 -4 5 -6 6 -8
leaf_value=0.016667930498683297 0.0075023819696212399 -0.017025764478162991 -0.013653607077095753 0.0088784996011471405 -0.035600019498425346 0.016965706094472548 0.038810876322868421
leaf_weight=8.1076392978429777 5.2474947273731223 12.663948409259318 6.4224305301904669 3.8677244558930388 86.292472895234823 3.9122405871748915 50.660959661006927
leaf_count=39 28 42 25 40 312 45 657
internal_value=-0.00623744 -0.0295052 0.0292092 0.0336758 -0.0334171 0.0358602 0.0375783
internal_weight=177.175 107.064 70.1108 63.6884 98.9564 58.4409 54.5732
internal_count=1188 393 795 770 354 742 702
is_linear=0
shrinkage=0.05


Tree=92
num_leaves=8
num_cat=0
split_feature=18 41 4 3 67 1 39
split_gain=24.2901 6.34722 6.86789 7.11094 5.89969 5.05228 1.13068
threshold=-9.5054062025664202e-05 2.5772912283736873 1.0756677704195394 -1.0534898145436842 10.525 0.317546449680637 -0.43769373415240842
decision_type=2 2 2 2 2 2 2
left_child=6 2 3 4 -2 -5 -1
right_child=1 -3 -4 5 -6 -7 -8
leaf_value=0.0015462692444531754 0.0052213961323806825 0.0255466188484921 -0.018578593721293887 -0.0011342348701929054 -0.02078134659827334 0.028420569552195775 -0.036037241211270492
leaf_weight=2.014753606170415 85.158850386738777 33.576933145523071 31.962121546268463 20.96875673532486 28.213862575590611 45.057851001620293 41.86691315472126
leaf_count=8 118 45 46 29 49 60 833
internal_value=-0.00049124 0.00568343 0.00242252 0.00624636 -0.00137475 0.0191577 -0.0343157
internal_weight=288.82 244.938 211.361 179.399 113.373 66.0266 43.8817
internal_count=1188 347 302 256 167 89 841
is_linear=0
shrinkage=0.05


Tree=93
num_leaves=9
num_cat=0
split_feature=71 9 39 55 44 71 1 25
split_gain=17.1171 7.37768 7.50116 7.44276 6.14721 5.93692 9.58696 6.63047
threshold=13.036057494201216 0.012822559809871554 -0.27616435411900536 9.1197890078984409e-05 -0.37388971186257514 3.5443572538457473 0.35990115383992077 16.525000000000002
decision_type=2 2 2 2 2 2 2 2
left_child=1 2 4 -3 -1 7 -7 -4
right_child=-2 3 5 -5 -6 6 -8 -9
leaf_value=0.010378887253774352 -0.035559896951666552 0.0028732475600439754 -0.011962045286727171 0.039028398758192778 -0.03124614693437975 0.020240179044420128 -0.027084153137384045 0.016939550615619258
leaf_weight=12.752600759267805 25.294511072337627 26.379482433199883 23.331095039844513 30.35763606056571 25.384761553257704 16.392773736268282 27.06791065633297 111.75772973895073
leaf_count=19 607 37 32 57 50 73 136 156
internal_value=0.00299162 0.00667461 0.00243087 0.0225593 -0.0174178 0.00674384 -0.00918031 0.0118968
internal_weight=298.719 273.424 216.687 56.7371 38.1374 178.55 43.4607 135.089
internal_count=1167 560 466 94 69 397 209 188
is_linear=0
shrinkage=0.05


Tree=94
num_leaves=8
num_cat=0
split_feature=54 63 29 4 12 74 3
split_gain=55.6728 7.6877 3.94992 4.47626 3.11274 1.26845 0.525052
threshold=-0.00040497655011750416 171.55000000000004 567.68000000000006 0.21483780934080413 0.2216209365059966 1.8223022295478561 -2.187508843673347
decision_type=2 2 2 2 2 2 2
left_child=2 -2 3 4 -1 -5 -3
right_child=1 6 -4 5 -6 -7 -8
leaf_value=-0.028535598041466732 0.019047488950953737 -0.018769039293211279 -0.025099239289225268 0.039332960785897646 0.028787068676111596 0.011660080373784269 -0.034502662115023057
leaf_weight=4.3981154784560195 6.9591072201728812 9.8602871522307378 2.5083108842372885 48.096287593245506 3.2314950227737427 5.6629730910062781 89.462712403386831
leaf_count=20 43 36 8 633 45 53 329
internal_value=-0.00750634 -0.0295803 0.0291 0.0316814 -0.00373437 0.0366841 -0.0331434
internal_weight=170.179 106.282 63.8972 61.3889 7.62961 53.7593 99.323
internal_count=1167 408 759 751 65 686 365
is_linear=0
shrinkage=0.05


Tree=95
num_leaves=10
num_cat=0
split_feature=69 39 49 6 37 28 44 16 50
split_gain=23.5037 5.31934 5.63375 6.2126 7.90585 4.35647 3.76126 3.1436 1.64445
threshold=2.8578056549468847 -0.29513202123073962 0.013170910975428538 -2.5640466465918963 0.38739696746297025 33.837500000000006 -0.37388971186257514 0.0095342723567592592 0.037180945695347224
decision_type=2 2 2 2 2 2 2 2 2
left_child=1 6 3 4 -3 -4 -1 -2 -9
right_child=7 2 5 -5 -6 -7 -8 8 -10
leaf_value=0.0019231209654977871 0.01407252619804999 0.012677769102004775 0.001219824029590647 0.026863127349269791 -0.017840827679532805 -0.02663171344654507 0.032639903037628447 -0.0014089400391855236 -0.037272958011227784
leaf_weight=14.740457832813261 3.0901104621589175 65.33641567081213 40.025419216603041 37.072633787989616 30.221944227814674 20.558529060333967 30.637492723762989 3.5575287602841845 39.468810953199863
leaf_count=21 22 92 59 53 42 35 50 13 780
internal_value=0.00135902 0.00770282 0.00402969 0.00977859 0.00294094 -0.00851028 0.0229186 -0.0309288 -0.034407
internal_weight=284.709 238.593 193.215 132.631 95.5584 60.5839 45.378 46.1165 43.0263
internal_count=1167 352 281 187 134 94 71 815 793
is_linear=0
shrinkage=0.05


Tree=96
num_leaves=13
num_cat=0
split_feature=2 5 61 62 36 49 40 24 60 58 18 10
split_gain=19.1012 6.78303 6.93863 9.44948 6.44698 14.0879 10.0068 3.72599 3.63334 5.17558 2.99682 1.29666
threshold=-0.92077225843984156 -0.43219966868659887 55.25 322.53250000000003 0.81484349465163508 0.013170910975428538 0.26547361412528964 167.20000000000002 273.8875000000001 0.092126345394961354 -0.00014619183993658344 0.0014785033316736455
decision_type=2 2 2 2 2 2 2 2 2 2 2 2
left_child=7 2 3 10 8 6 -6 11 9 -3 -2 -1
right_child=1 4 -4 -5 5 -7 -8 -9 -10 -11 -12 -13
leaf_value=-0.038486647407153705 0.0039174302934452338 0.028191971914803562 0.041910169777254376 -0.017248479742492377 0.030689528886139811 0.035478559186011872 -0.0086791000791114504 0.014132265273612013 -0.029755793743263245 -0.012176612210837526 0.039594189858577017 0.0043963962811580061
leaf_weight=30.310710392892364 9.017195079475643 9.3854928724467737 24.432375282049179 19.095646932721138 19.142780318856239 35.409168601036072 80.261035159230232 3.6091309189796439 16.816088229417801 32.798720557242632 17.347596824169159 1.6627394780516613
leaf_count=611 55 19 35 30 27 48 119 5 26 150 24 19
internal_value=0.00303875 0.00770931 0.0209465 0.00902016 0.00285271 0.00886988 -0.000867499 -0.0308398 -0.0108149 -0.00275023 0.0279812 -0.0361909
internal_weight=299.289 263.706 69.8928 45.4604 193.813 134.813 99.4038 35.5826 59.0003 42.1842 26.3648 31.9734
internal_count=1168 533 144 109 389 194 146 635 195 169 79 630
is_linear=0
shrinkage=0.05


Tree=97
num_leaves=6
num_cat=0
split_feature=18 24 18 44 35
split_gain=55.909 7.25183 2.65603 6.1432 0.87909
threshold=-0.0001042995878363205 123.31250000000001 -0.00058808487666645872 -0.1007655094278276 5.7425376711257785
decision_type=2 2 2 2 2
left_child=1 2 -1 -4 -2
right_child=4 -3 3 -5 -6
leaf_value=0.036765814463066634 -0.033953126163392709 -0.031877524159999178 0.043438743781284317 -0.0097045349783136184 -0.013740300108163548
leaf_weight=46.972644563764334 84.100644316524267 4.2475372254848471 8.7891464978456515 11.584052525460718 7.7374134585261336
leaf_count=695 331 11 62 43 26
internal_value=-0.00674997 0.0261674 0.0302412 0.0141816 -0.0324165
internal_weight=163.431 71.5934 67.3458 20.3732 91.8381
internal_count=1168 811 800 105 357
is_linear=0
shrinkage=0.05


Tree=98
num_leaves=9
num_cat=0
split_feature=27 68 5 61 1 5 18 45
split_gain=24.1234 5.41062 5.35855 11.2542 7.67323 7.49277 3.58855 1.43964
threshold=450.10000000000008 22.767500000000002 -0.43219966868659887 59.324999999999996 0.26090029193138548 2.990292516217488 6.5889773029194386e-05 0.40402031238797903
decision_type=2 2 2 2 2 2 2 2
left_child=6 -2 3 -3 -4 -6 7 -1
right_child=1 2 4 -5 5 -7 -8 -9
leaf_value=-0.037737951419875293 0.028600441970376863 0.010505852345159966 -0.018431081087283668 -0.036448040465545832 0.017812932134208977 -0.013104295069026928 0.016384008658210304 0.0068420073235946205
leaf_weight=41.04323648661375 24.976636052131653 28.957830857485533 21.654081851243973 21.361365921795368 121.65195501595736 22.569039404392242 2.9802378863096228 1.597861349582671
leaf_count=805 33 49 32 34 173 32 7 3
internal_value=0.000685929 0.00702415 0.00441126 -0.0097487 0.00873945 0.0129178 -0.0322522 -0.0359489
internal_weight=286.792 241.171 216.194 50.3192 165.875 144.221 45.6213 42.6411
internal_count=1168 353 320 83 237 205 815 808
is_linear=0
shrinkage=0.05


Tree=99
num_leaves=11
num_cat=0
split_feature=2 1 52 68 71 0 32 46 30 37
split_gain=11.2168 6.48525 9.44997 7.96266 8.03203 7.30936 6.10614 5.91752 4.9885 2.60285
threshold=-1.2790177720930338 0.39113677197564084 0.045322918468758557 27.622500000000006 3.6227487580701085 -0.67966954786374578 36.022500000000008 0.031843758674184548 15.862500000000002 0.02421193039624377
decision_type=2 2 2 2 2 2 2 2 2 2
left_child=9 2 5 -3 7 -2 -4 -5 -6 -1
right_child=1 3 6 4 8 -7 -8 -9 -10 -11
leaf_value=0.022326033737770153 -0.016816416399606578 -0.02772060481859874 0.0018414318980063888 -0.014233029608251145 0.020194505592264045 0.017656409260922792 0.041233805968433554 0.015233544989491721 -0.023021254134158255 -0.035633326844112093
leaf_weight=1.4494892433285738 30.674603845924139 25.364661782979965 14.000265486538408 20.357782319188118 7.2908806167542926 28.884603381156921 32.871307577937841 85.821847543120384 36.983650051057339 22.585103925317526
leaf_count=21 52 55 22 32 41 40 56 120 184 567
internal_value=0.000697436 0.00353059 0.013211 -0.00237094 0.0020575 -8.25397e-05 0.0297518 0.00950384 -0.0156159 -0.0313857
internal_weight=306.284 282.25 106.431 175.819 150.454 59.5592 46.8716 106.18 44.2745 24.0346
internal_count=1190 602 170 432 377 92 78 152 225 588
is_linear=0
shrinkage=0.05


Tree=100
num_leaves=9
num_cat=0
split_feature=54 18 6 5 26 8 67 18
split_gain=54.6319 4.17927 2.65186 4.63322 0.378944 0.448692 1.34393 0.0532078
threshold=-0.00031873595034308944 -0.0001042995878363205 -2.2476032293883716 -0.50876599447327042 197.98000000000005 -3.5084384215453479 17.862500000000008 -3.4421821670916014e-05
decision_type=2 2 2 2 2 2 2 2
left_child=2 -2 4 -4 5 6 -1 -3
right_child=1 7 3 -5 -6 -7 -8 -9
leaf_value=0.031285446802241351 -0.00032940160307051724 -0.024982252108276669 -0.023207284068292092 0.036587784111406389 0.0082315645124192583 0.038726595768375602 -0.01159262201913382 -0.034519998786831797
leaf_weight=5.5552527308464041 10.784419558942316 15.272295545786617 5.5007346905767918 5.5123730525374395 1.944813199341296 38.144959744066 1.9307551793754099 77.315073322504759
leaf_count=90 47 58 19 62 21 563 22 308
internal_value=-0.00807021 -0.0298341 0.0301853 0.00727613 0.0352295 0.036179 0.0201636 -0.0332305
internal_weight=161.961 103.372 58.5889 11.0131 47.5758 45.631 7.48601 92.5874
internal_count=1190 413 777 81 696 675 112 366
is_linear=0
shrinkage=0.05


Tree=101
num_leaves=12
num_cat=0
split_feature=54 78 68 33 13 61 33 77 55 44 50
split_gain=24.0576 5.52015 6.73388 6.36389 11.4816 5.53057 8.38967 5.37264 3.1567 3.00468 2.21569
threshold=-0.00010460736410723659 0.010619104733284557 38.975000000000009 2.5161452592590536 0.00047998480524210512 52.974999999999994 2.5366709265902405 0.94554673714937865 9.8237372894051711e-05 1.5988646055176057 0.032195220231747507
decision_type=2 2 2 2 2 2 2 2 2 2 2
left_child=9 7 3 -3 -5 -4 -7 -2 -9 10 -1
right_child=1 2 5 4 -6 6 -8 8 -10 -11 -12
leaf_value=0.021994963816413492 8.4068636494135252e-05 0.032821849801596019 -0.02057501492007827 0.030952754786560371 -0.015868371370974462 -0.019472664110439023 0.019768325473933566 0.017835909595426427 0.042416056903886543 0.014355295182400127 -0.035870399984278559
leaf_weight=1.0908605754375447 23.2967289686203 29.853073164820671 33.779335014522076 21.720399439334869 29.942783985286951 21.13966903090477 34.498098313808441 33.732488214969635 23.549259513616562 2.9713456891477099 39.281946701928973
leaf_count=5 34 41 58 28 44 30 49 45 32 13 811
internal_value=0.00372078 0.00967379 0.00453627 0.0148444 0.00403028 -0.00492126 0.00477808 0.020383 0.0284955 -0.0302617 -0.0338131
internal_weight=294.856 251.512 170.933 81.5163 51.6632 89.4171 55.6378 80.5785 57.2817 43.3442 40.3728
internal_count=1190 361 250 113 72 137 79 111 77 829 816
is_linear=0
shrinkage=0.05


Tree=102
num_leaves=13
num_cat=0
split_feature=0 55 41 3 77 60 32 34 30 46 26 65
split_gain=15.337 11.0987 10.8087 9.64523 5.431 4.75725 4.69012 4.27107 5.24457 4.60541 1.40986 5.04095
threshold=-1.9292868270610002 5.3293517833158196e-05 0.80139402037260921 -1.7477388861411938 0.96492617770981892 272.46250000000003 66.322500000000005 0.19612256071929282 19.212500000000006 0.045775840499840466 30.637500000000003 299.4575000000001
decision_type=2 2 2 2 2 2 2 2 2 2 2 2
left_child=5 4 3 -3 -2 10 -5 9 -9 -4 11 -1
right_child=1 2 7 6 -6 -7 -8 8 -10 -11 -12 -13
leaf_value=-0.030895538366842498 0.0027478583957010897 0.023294521449300443 -0.0078194042189659568 -0.034094966598072755 -0.025097867184706919 0.02179169230549359 0.0025987011447618229 0.046320239324224188 0.018802552981495149 0.02160057611093813 -0.038143690736006923 0.052090068526176453
leaf_weight=6.7627203688025457 39.627381980419159 18.770572312176228 20.941737443208694 21.680119067430496 30.128358423709869 3.8858410269021979 13.919968254864214 27.320602752268314 51.502751350402832 33.5809216350317 25.429477926343679 1.4286456163972614
leaf_count=204 57 46 29 38 51 6 51 45 86 47 489 8
internal_value=0.00309431 0.00747013 0.0137796 -0.00494773 -0.00946378 -0.0263583 -0.0200684 0.0213955 0.0288011 0.0103633 -0.0323921 -0.0123295
internal_weight=294.979 257.472 187.717 54.3707 69.7557 37.5067 35.6001 133.346 78.8234 54.5227 33.6208 8.19137
internal_count=1157 450 342 135 108 707 89 207 131 76 701 212
is_linear=0
shrinkage=0.05


Tree=103
num_leaves=8
num_cat=0
split_feature=71 3 28 35 44 54 24
split_gain=49.4288 10.9424 2.55361 1.74322 0.717262 0.602356 0.591644
threshold=10.541577468389399 -2.7396890869521955 33.075000000000017 10.353108052150803 1.2713690902742845 -0.00031873595034308944 50.087500000000006
decision_type=2 2 2 2 2 2 2
left_child=1 2 -1 -2 -5 -3 -4
right_child=3 5 6 4 -6 -7 -8
leaf_value=-0.010183618196600096 -0.00070301383657132182 -0.017802179944748638 0.011870684382120435 0.038643563311655159 0.0047065659474415196 -0.034151490245759461 0.044730260655165825
leaf_weight=4.9768676310777646 3.21806901320815 9.7701453194022161 3.1862664073705673 40.10570390149951 1.9279340133070935 86.716100201010704 4.0976911187171936
leaf_count=21 34 35 33 629 16 352 37
internal_value=-0.00884673 -0.027067 0.0163526 0.0345779 0.0372325 -0.0326956 0.0335244
internal_weight=153.999 108.747 12.2608 45.2517 42.0336 96.4862 7.28396
internal_count=1157 478 91 679 645 387 70
is_linear=0
shrinkage=0.05


Tree=104
num_leaves=11
num_cat=0
split_feature=54 55 41 1 34 36 61 42 66 68
split_gain=24.5009 8.42511 12.2159 14.5195 6.83698 4.21903 4.00278 3.44015 3.06713 2.22962
threshold=-9.541748736641266e-05 5.2518818912784556e-05 0.80139402037260921 0.38617311826938533 0.14895124952812158 1.7797730992648362 36.275000000000013 -0.56573420801573593 16.575000000000006 269.9575000000001
decision_type=2 2 2 2 2 2 2 2 2 2
left_child=5 6 8 -4 -5 9 -2 -8 -3 -1
right_child=1 2 3 4 -6 -7 7 -9 -10 -11
leaf_value=-0.036682785765287808 0.0048239525074948858 0.041337093758645624 -0.036068120237936312 0.02644463368505269 -0.0043342110598286543 0.030177332730181403 0.045660654653936927 0.017435395225262568 0.013739549036995242 0.0030411911004004661
leaf_weight=42.78393173404038 21.143700778484344 15.900900106877087 29.298929877579212 23.587904334068298 67.001106262207031 1.9989165067672718 21.503577589988708 24.694931864738464 29.067415982484818 3.6828657910227767
leaf_count=813 31 25 43 31 95 3 30 35 44 7
internal_value=0.00161676 0.00839096 0.00225743 -0.00609936 0.00388133 -0.0303518 0.0231533 0.0312622 0.0241851 -0.0335366
internal_weight=280.664 232.198 164.856 119.888 90.589 48.4657 67.3422 46.1985 44.9683 46.4668
internal_count=1157 334 238 169 126 823 96 65 69 820
is_linear=0
shrinkage=0.05


Tree=105
num_leaves=10
num_cat=0
split_feature=71 49 10 62 3 56 18 67 30
split_gain=12.5481 8.22731 7.63964 6.28127 7.5813 7.62272 6.04304 6.62556 5.3983
threshold=13.036057494201216 0.013170910975428538 0.0078213759862989316 379.55500000000006 -1.0939112477108466 8.9948805982518139e-05 1.5135317104430296e-05 16.262500000000003 32.037500000000009
decision_type=2 2 2 2 2 2 2 2 2
left_child=1 3 6 4 8 -6 7 -3 -1
right_child=-2 2 -4 -5 5 -7 -8 -9 -10
leaf_value=0.0045836491218826849 -0.034986091995280834 0.02092281429982221 0.037657403631737522 -0.029396545272062258 -0.033294879651612784 0.0026149241877578703 -0.01524049010674651 -0.016657235708613511 0.039619024304104578
leaf_weight=44.02437230758369 20.626903261989355 62.245549747720361 25.766637239605188 19.38066753745079 23.460145577788353 37.001944705843925 21.945076525211334 13.607438050210474 13.802810398861764
leaf_count=94 609 133 50 29 37 52 34 87 49
internal_value=0.00162724 0.0046406 0.0139544 -0.00375927 0.000652393 -0.0116336 0.00739145 0.0140522 0.0134776
internal_weight=281.862 261.235 123.565 137.67 118.289 60.4621 97.7981 75.853 57.8272
internal_count=1174 565 304 261 232 89 254 220 143
is_linear=0
shrinkage=0.05


Tree=106
num_leaves=10
num_cat=0
split_feature=18 74 61 52 0 74 71 71 18
split_gain=43.7301 5.95254 2.0627 1.8524 2.86967 1.07757 1.69744 0.946988 0.175725
threshold=-0.0001042995878363205 1.7239322072773995 27.250000000000011 0.17044319299366148 -1.2341814509795557 0.64139894862397973 12.366217055776866 5.3088478436753954 -3.4421821670916014e-05
decision_type=2 2 2 2 2 2 2 2 2
left_child=1 3 -3 5 -5 6 -1 8 -2
right_child=7 2 -4 4 -6 -7 -8 -9 -10
leaf_value=-0.00084689178647765417 -0.022493315455532611 0.011348936002138196 -0.02989311307695704 0.028375256437325719 -0.027721187983818726 0.039252990774800073 0.033891124885154354 -0.012565037965948891 -0.034454359742008674
leaf_weight=5.8510180413722974 11.65749868750572 5.1701275669038278 5.1775072440505028 4.6787481382489204 2.8417763859033576 32.734180141240358 7.6377017982304096 8.0258118212223035 61.485161885619164
leaf_count=44 50 54 14 72 8 504 130 28 270
internal_value=-0.00683649 0.0238297 -0.0101026 0.0304282 0.00641244 0.0341171 0.0198043 -0.031046 -0.0328771
internal_weight=145.26 64.0911 10.3476 53.7434 7.52052 46.2229 13.4887 81.1685 73.1427
internal_count=1174 826 68 758 80 678 174 348 320
is_linear=0
shrinkage=0.05


Tree=107
num_leaves=10
num_cat=0
split_feature=54 7 71 67 37 33 75 58 18
split_gain=23.2227 8.83755 10.8868 6.03661 5.95296 4.71964 5.40889 3.62616 3.49998
threshold=-9.541748736641266e-05 0.26433193457030763 2.8363191005789754 3.4500000000000011 0.39524830564931296 2.4963654598429579 0.85976712754175588 0.052312229373896853 3.1137701432890262e-06
decision_type=2 2 2 2 2 2 2 2 2
left_child=8 3 4 -2 -3 -4 -7 -5 -1
right_child=1 2 5 7 -6 6 -8 -9 -10
leaf_value=-0.036107411210538613 -0.0027373614692147788 0.0044871299100470215 -0.0058676736749455624 0.039516620612348029 -0.025050657002033988 0.0054998998314903826 0.037437768809164371 0.014741079001423879 0.0061516109267821667
leaf_weight=38.374627321958542 19.632113479077816 28.151742577552795 20.592566892504692 34.816290207207203 41.274869412183762 26.174401815980673 26.72673911228776 28.250785320997238 5.2915767803788176
leaf_count=833 27 38 29 51 57 43 41 45 10
internal_value=0.00199647 0.00848395 0.000921204 0.0213867 -0.0131798 0.0142399 0.0220308 0.0288218 -0.0309633
internal_weight=269.286 225.62 142.92 82.6992 69.4266 73.4937 52.9011 63.0671 43.6662
internal_count=1174 331 208 123 95 113 84 96 843
is_linear=0
shrinkage=0.05


Tree=108
num_leaves=10
num_cat=0
split_feature=2 3 58 60 54 54 43 58 46
split_gain=14.238 5.06831 8.70709 6.88536 9.41762 6.45521 6.33396 5.88343 4.53596
threshold=-1.2790177720930338 -1.5645781453271692 0.017292851863337098 272.46250000000003 3.2869219940303823e-05 -0.00031873595034308944 0.14930292263643061 0.051043676396284425 0.022571324921023702
decision_type=2 2 2 2 2 2 2 2 2
left_child=-1 3 -3 4 5 -2 8 -8 -4
right_child=1 2 6 -5 -6 -7 7 -9 -10
leaf_value=-0.036035484444206199 -0.012690232491986524 0.030070699480613146 0.0047766349889745213 0.041248850133555691 -0.033025438602901087 0.026860677527077173 0.029933568773518399 -0.0012288386298055412 -0.027491926389893367
leaf_weight=20.84453016705811 13.28847545199096 21.951740100979805 15.422688756138085 19.674522817134857 10.678684905171393 38.469741946086287 17.088213205337524 92.702946096658707 34.021153662353754
leaf_count=565 169 31 25 27 19 71 24 170 56
internal_value=0.00277373 0.00597086 0.00127408 0.0161947 0.00777412 0.0166583 -0.00285864 0.00384777 -0.0175315
internal_weight=284.143 263.298 181.187 82.1114 62.4369 51.7582 159.235 109.791 49.4438
internal_count=1157 592 306 286 259 240 275 194 81
is_linear=0
shrinkage=0.05


Tree=109
num_leaves=8
num_cat=0
split_feature=18 41 57 71 73 29 73
split_gain=43.3746 5.45008 2.15917 1.42825 1.02908 0.222492 0.134828
threshold=-0.0001042995878363205 1.3586084019986762 0.49602990070363751 5.3088478436753954 0.34394228626486673 553.46500000000015 0.061741369898736145
decision_type=2 2 2 2 2 2 2
left_child=1 2 -1 6 5 -4 -2
right_child=3 -3 4 -5 -6 -7 -8
leaf_value=0.0048333516023898477 -0.019565424873432061 -0.014867432966830449 0.037756933806665643 -0.0089094187357444034 0.0082044932473863408 0.010623560927068039 -0.033817608003790099
leaf_weight=7.4502729177474967 6.6680845692753783 6.9283047243952742 39.640694372355938 7.8182305470108977 4.0901021622121325 1.734437096863984 66.418782606720924
leaf_count=40 30 27 680 28 36 17 299
internal_value=-0.00691566 0.0251176 0.0305315 -0.0306274 0.034548 0.0368971 -0.0327989
internal_weight=140.749 59.8438 52.9155 80.9051 45.4652 41.3751 73.0869
internal_count=1157 800 773 357 733 697 329
is_linear=0
shrinkage=0.05


Tree=110
num_leaves=9
num_cat=0
split_feature=18 64 54 34 62 51 27 63
split_gain=16.6604 6.37281 6.80684 6.34789 7.58677 2.4942 2.41757 1.90027
threshold=-9.5054062025664202e-05 33.775000000000013 -5.627093411573891e-05 0.13497195619932825 383.25750000000005 0.2394855204478171 508.50000000000006 573.27500000000009
decision_type=2 2 2 2 2 2 2 2
left_child=5 2 -2 7 -5 -1 -3 -4
right_child=1 6 3 4 -6 -7 -8 -9
leaf_value=0.02421825950754777 -0.021146354464735066 0.0078618399424057236 0.030029188323868777 -0.009420561720124742 0.017081110938351608 -0.035750039112661711 0.032030324319880905 0.0094549722553279088
leaf_weight=1.164812415838244 27.794268257915974 18.423492766916752 24.41287550330162 83.014068335294724 38.800563514232635 30.424985587596893 25.323255509138107 22.473024785518646
leaf_count=5 51 30 33 121 53 798 36 30
internal_value=0.000694127 0.00522462 0.00133952 0.00514697 -0.000908865 -0.0328636 0.0222552 0.0205711
internal_weight=271.831 240.242 196.495 168.701 121.815 31.5898 43.7467 46.8859
internal_count=1157 354 288 237 174 803 66 63
is_linear=0
shrinkage=0.05


Tree=111
num_leaves=8
num_cat=0
split_feature=21 63 68 1 1 40 40
split_gain=9.62743 5.22646 7.70175 6.0568 8.35369 5.94966 2.21787
threshold=0.9608251630710315 580.27500000000009 23.562500000000004 0.26090029193138548 0.21095874091869965 0.98910762385330653 0.75341048331194704
decision_type=2 2 2 2 2 2 2
left_child=1 2 -1 4 -4 -5 -2
right_child=6 -3 3 5 -6 -7 -8
leaf_value=-0.025753335002465558 -0.03566945571752541 0.028037957784597237 0.0088188394088324316 -0.0015619073436574007 0.056600573054476383 0.02708914032049688 0.022695094790418882
leaf_weight=19.962326776236296 17.209047213196758 22.353564620018005 34.467650024220347 158.31632144376636 11.701929595321415 19.449485391378403 1.1188260316848744
leaf_count=54 497 32 88 426 33 28 2
internal_value=0.00297766 0.00543226 0.00325439 0.00594323 0.0218726 0.00170682 -0.0311167
internal_weight=284.579 266.251 243.898 223.935 46.1696 177.766 18.3279
internal_count=1160 661 629 575 121 454 499
is_linear=0
shrinkage=0.05


Tree=112
num_leaves=9
num_cat=0
split_feature=54 61 4 4 29 32 41 4
split_gain=34.8491 6.3524 3.9719 2.95557 2.55444 1.2235 1.14411 0.416856
threshold=-0.00040497655011750416 12.800000000000001 0.21483780934080413 0.19174034901479145 564.86250000000007 148.21500000000003 1.5617838991211435 1.490393412808072
decision_type=2 2 2 2 2 2 2 2
left_child=2 -2 3 -1 6 7 -4 -3
right_child=1 5 4 -5 -6 -7 -8 -9
leaf_value=0.019744241427137207 0.011525503003236022 -0.033994094392581047 0.037077078230965017 -0.039197439067240686 -0.017961867711334335 -0.0086860648420977789 -0.00062799077274500821 -0.016278014565148151
leaf_weight=3.6499931327998629 9.360153414309023 68.742079082876444 35.784821953624487 2.9813550040125847 1.8262435756623734 6.6226997822523108 2.0933936387300482 6.3963603861629954
leaf_count=55 59 300 652 13 9 31 10 31
internal_value=-0.00860269 -0.0264653 0.026342 -0.008419 0.0322119 -0.0309013 0.0350307 -0.0327196
internal_weight=137.457 91.1213 46.3358 6.63135 39.7045 81.7611 37.8782 75.1384
internal_count=1160 421 739 68 671 362 662 331
is_linear=0
shrinkage=0.05


Tree=113
num_leaves=9
num_cat=0
split_feature=63 3 33 60 68 49 41 25
split_gain=17.6496 7.5271 8.10277 6.64504 7.20796 8.60799 3.87447 1.65769
threshold=411.2000000000001 -1.7477388861411938 2.5161452592590536 300.12500000000006 143.8425 0.015688432679782972 0.98828129220552208 43.587500000000006
decision_type=2 2 2 2 2 2 2 2
left_child=7 2 -2 4 5 -3 -4 -1
right_child=1 3 6 -5 -6 -7 -8 -9
leaf_value=-0.036659598195662987 0.01748370685708003 0.0085511254271891136 -0.048760624180381656 0.034450686284829141 0.02929083848858053 -0.020151931490990177 -0.011755402926314934 0.01446404290672184
leaf_weight=28.83733133785427 14.277157351374624 112.45446662604809 11.558125562965872 23.393748790025711 27.951231889426708 32.941012650728226 18.235085852444172 1.1676931641995896
leaf_count=759 21 161 48 34 41 51 31 14
internal_value=0.00125359 0.00580295 -0.012677 0.00998568 0.00650538 0.00195489 -0.0272287 -0.0342677
internal_weight=270.816 240.811 44.0704 196.74 173.347 145.395 29.7932 30.005
internal_count=1160 387 100 287 253 212 79 773
is_linear=0
shrinkage=0.05


Tree=114
num_leaves=10
num_cat=0
split_feature=2 1 5 19 39 70 72 40 37
split_gain=10.9631 6.55231 8.6811 6.47109 8.44383 7.4375 6.5873 5.07677 2.63858
threshold=-1.2790177720930338 0.30188648441913107 -0.071292752426597564 2.2267135640132371e-05 0.17136705394621041 0.3471855627003067 0.63494253282496749 0.27307894830851182 0.029128575156623513
decision_type=2 2 2 2 2 2 2 2 2
left_child=8 2 7 -3 6 -6 -5 -2 -1
right_child=1 3 -4 4 5 -7 -8 -9 -10
leaf_value=0.023058120649132128 0.023742598225474067 -0.018401622475396173 0.047206785083263432 -0.016344941771686987 0.026566710460363865 -0.0053741017131897668 0.014057521196918006 -0.0091194061745885173 -0.03586855468598437
leaf_weight=1.426004178822043 23.076000083237886 31.608753740787506 19.550816148519516 50.74947046674788 58.576384484767914 25.832383643835783 26.259253984317183 22.172298986464739 18.773281317204237
leaf_count=26 46 51 27 154 83 57 125 35 575
internal_value=0.00377385 0.00659247 0.0202198 0.00193711 0.00600861 0.0168431 -0.00593068 0.00779076 -0.0308171
internal_weight=278.025 257.825 64.7991 193.026 161.417 84.4088 77.0087 45.2483 20.1993
internal_count=1179 578 108 470 419 140 279 81 601
is_linear=0
shrinkage=0.05


Tree=115
num_leaves=10
num_cat=0
split_feature=60 14 11 73 47 20 33 45 45
split_gain=33.5168 5.69302 5.56502 2.73958 2.60922 1.42161 2.27006 0.324492 0.0218898
threshold=103.65000000000002 0.49248314093419421 0.011051810701012684 0.23616644577906121 0.28946238901148907 2.6608672912572723e-05 2.7570144379811019 0.24897188404367748 0.17720130877593823
decision_type=2 2 2 2 2 2 2 2 2
left_child=1 2 4 -4 8 6 -2 -3 -1
right_child=5 7 3 -5 -6 -7 -8 -9 -10
leaf_value=0.039346667349246883 -0.02984761152476172 0.035712685711541486 0.0040504520530523181 -0.035643367736271379 -0.015394746357620359 -0.034952543576348576 0.0057913226944827463 0.0064455337965578265 0.017408364710558684
leaf_weight=8.3996901176869887 11.342703782022001 27.658043667674068 8.3028675988316554 7.7208355069160453 2.4954965822398654 56.645915720611811 6.5607978962361804 1.4894716180860985 2.6032647341489783
leaf_count=118 48 573 46 20 19 267 35 22 31
internal_value=-0.00889874 0.0191907 0.00345985 -0.0160458 0.0261242 -0.0309663 -0.0171721 0.0344805 0.0360389
internal_weight=133.219 58.6697 29.5222 16.0237 13.4985 74.5494 17.9035 29.1475 11.003
internal_count=1179 829 234 66 168 350 83 595 149
is_linear=0
shrinkage=0.05


Tree=116
num_leaves=10
num_cat=0
split_feature=56 78 62 62 62 32 20 28 29
split_gain=12.2282 7.5256 7.40886 6.21389 5.50084 6.54693 4.80838 2.97065 1.76297
threshold=-2.300977610752314e-05 0.015321777527612391 341.86000000000007 405.68500000000012 353.20750000000004 23.525000000000002 7.3112921765371727e-05 18.450000000000006 567.68000000000006
decision_type=2 2 2 2 2 2 2 2 2
left_child=8 2 6 4 5 -3 -2 -4 -1
right_child=1 3 7 -5 -6 -7 -8 -9 -10
leaf_value=-0.035409188196485128 0.015543783236983136 0.035730066534572259 0.014317732005327436 0.019447947440279452 -0.027320954432026874 -0.0065298058374814606 -0.0153946029107652 0.040547541449277552 0.01644644640598315
leaf_weight=23.368795439600948 25.958603305742145 9.2769729327410442 21.333590656518936 24.222633361816406 26.897687625139952 83.871083868667483 22.516238890588284 24.896588027477264 1.1947444900870312
leaf_count=705 41 21 31 37 44 227 34 35 4
internal_value=0.000534457 0.00403448 0.0149086 -0.00315731 -0.00784155 -0.00198618 0.00115241 0.0290028 -0.0323423
internal_weight=263.537 238.973 94.705 144.268 120.046 93.1481 48.4748 46.2302 24.5635
internal_count=1179 470 141 329 292 248 75 66 709
is_linear=0
shrinkage=0.05


Tree=117
num_leaves=9
num_cat=0
split_feature=23 68 17 23 55 78 44 27
split_gain=8.8572 5.06865 5.16256 9.62521 5.32519 4.61163 3.13938 2.55897
threshold=1.7242675234416114 20.172500000000003 1.0781932961951657 1.0591574921272406 0.00016669092313113264 0.015321777527612391 0.32101441688417437 564.72500000000002
decision_type=2 2 2 2 2 2 2 2
left_child=1 -1 3 5 -4 -3 -6 -5
right_child=-2 2 4 7 6 -7 -8 -9
leaf_value=-0.024181405412964568 -0.036589492449571166 -0.0049064737070841618 0.043452798143153427 -0.037248242366256144 -0.018005044071991369 0.011344060541480631 0.022566979088404982 0.015610085741375901
leaf_weight=13.724549714475868 12.87226998247206 62.40837929956615 16.433953424915671 16.100902033969763 7.8952920436859158 140.73787185549736 9.3185867276042682 2.0805579572916022
leaf_count=53 326 100 24 262 32 333 28 4
internal_value=0.00238698 0.00438292 0.00600891 0.00318395 0.0239626 0.00635217 0.00399142 -0.030701
internal_weight=281.572 268.7 254.976 221.328 33.6478 203.146 17.2139 18.1815
internal_count=1162 836 783 699 84 433 60 266
is_linear=0
shrinkage=0.05


Tree=118
num_leaves=7
num_cat=0
split_feature=71 13 76 63 53 38
split_gain=34.1184 4.44378 3.93966 2.96983 1.76017 0.79433
threshold=6.5033560834953743 0.030224076116634541 0.059881433290234938 454.80000000000007 0.50053033576349804 1.2000337349669905
decision_type=2 2 2 2 2 2
left_child=3 2 -2 -1 -3 -5
right_child=1 4 -4 5 -6 -7
leaf_value=9.8960758712584405e-05 0.035619136822444976 -0.0082530926901888506 -0.018669205284719083 -0.014317712295690828 0.037052074079389687 -0.032820781277458404
leaf_weight=8.6739844903349859 4.0954291112720957 1.9389549456536759 8.710457891225813 8.8205474615097028 32.703971475362778 64.278243668377399
leaf_count=40 44 16 44 43 665 310
internal_value=-0.00811984 0.0252794 1.50845e-05 -0.0275711 0.0343559 -0.0308114
internal_weight=129.222 47.4488 12.8059 81.7728 34.6429 73.0988
internal_count=1162 769 88 393 681 353
is_linear=0
shrinkage=0.05


Tree=119
num_leaves=11
num_cat=0
split_feature=27 68 67 4 2 60 18 5 53 30
split_gain=14.211 4.82825 5.74287 9.15682 7.71618 6.00812 4.66603 4.25092 3.70676 2.73752
threshold=450.10000000000008 20.172500000000003 9.7250000000000014 1.0756677704195394 -0.053815105289556263 296.11250000000007 -4.3343344191201836e-06 3.8970966400550995 0.28017455178692768 258.87500000000006
decision_type=2 2 2 2 2 2 2 2 2 2
left_child=7 -2 3 5 -4 -3 -6 8 -1 -10
right_child=1 2 4 -5 6 -7 -8 -9 9 -11
leaf_value=0.022593331977596331 0.034781530327858946 -0.0018294059417011206 -0.0089452276146112612 -0.0291925164020614 0.0049363069627210415 0.027225273769732584 0.034144393487240486 0.037379222170518665 -0.037874849617012429 0.02413600489115187
leaf_weight=2.3756138682365409 12.807320594787596 87.354942865669727 24.640304066240788 24.518977131694555 21.51215010881424 21.309927716851234 38.452644526958466 1.624319553375243 32.139801749959588 1.2290055751800526
leaf_count=4 18 126 50 40 34 31 52 2 803 2
internal_value=0.00142355 0.0060877 0.00424907 -0.00222982 0.0143549 0.00406472 0.0239189 -0.0267667 -0.0306196 -0.0349551
internal_weight=267.965 230.596 217.789 133.184 84.6051 108.665 59.9648 37.3687 35.7444 33.3688
internal_count=1162 351 333 197 136 157 86 811 809 805
is_linear=0
shrinkage=0.05


Tree=120
num_leaves=14
num_cat=0
split_feature=57 1 18 30 20 40 62 66 32 31 20 9 51
split_gain=9.03049 5.1459 6.51913 6.43132 6.67712 8.18493 6.10211 5.52549 4.83415 4.78832 3.68964 2.93276 0.491537
threshold=1.1182042792932185 0.3960219676851327 -1.361654398280826e-05 16.125000000000004 5.8506746800537282e-05 0.52687334884428372 322.53250000000003 18.725000000000005 82.892500000000013 1.9374999999999998 -8.31928990082102e-05 0.00099894471767592052 1.4489101128527915
decision_type=2 2 2 2 2 2 2 2 2 2 2 2 2
left_child=1 2 9 7 8 -6 -4 11 -5 -1 -11 -3 -2
right_child=12 3 6 4 5 -7 -8 -9 -10 10 -12 -13 -14
leaf_value=-0.015529584746449358 -0.03499804021473573 0.0096573397147455484 0.020360779673393288 -0.037195078085945125 0.02221849769752697 -0.0091868641545862217 -0.013045059537200882 -0.009188320748296043 -0.0017250894406422646 0.0024343670109145685 0.040852989294527124 0.044837448919356593 0.0010986548162219103
leaf_weight=4.8880880121141663 13.431003598496314 10.343090469017627 25.727585852146149 20.756780115887523 33.695241505280137 50.678950503468513 27.022750824689865 11.519349558278916 17.381866060197353 7.7254077419638625 34.915531231090426 15.372755493968723 0.94504703581333238
leaf_count=28 456 41 35 79 60 76 39 39 109 107 61 32 8
internal_value=0.00456259 0.00674057 0.0155579 0.00114327 -0.00441126 0.00346836 0.00332344 0.0190564 -0.0214866 0.0287881 0.0341078 0.0315789 -0.032708
internal_weight=274.403 260.027 100.279 159.748 122.513 84.3742 52.7503 37.2352 38.1386 47.529 42.6409 25.7158 14.3761
internal_count=1170 706 270 436 324 136 74 112 188 196 168 73 464
is_linear=0
shrinkage=0.05


Tree=121
num_leaves=8
num_cat=0
split_feature=18 18 1 73 53 0 71
split_gain=32.1283 4.76046 4.18892 5.09902 2.38603 0.495392 1.20903
threshold=-0.0001042995878363205 -0.00062596201010288791 0.37710070843776206 0.23616644577906121 0.50053033576349804 -1.3506146325582915 3.0061730778540423
decision_type=2 2 2 2 2 2 2
left_child=1 4 -3 -4 -1 6 -2
right_child=5 2 3 -5 -6 -7 -8
leaf_value=-0.020670576235496015 -0.032321679248574556 -0.024902370836623583 0.046777845138060221 -0.010767569664094838 0.034712664578258647 -0.033966957387128668 -0.0039772162603318624
leaf_weight=1.4384882338345075 8.4388746172189695 8.2891365587711352 6.566257528960703 7.2234291732311249 30.087425742298365 55.617468345910311 6.7818835303187361
leaf_count=14 39 25 57 33 695 278 29
internal_value=-0.00953713 0.0194633 0.00147604 0.017944 0.0316278 -0.0314478 -0.0207161
internal_weight=124.443 53.6047 22.0788 13.7897 31.5259 70.8382 15.2208
internal_count=1170 824 115 90 709 346 68
is_linear=0
shrinkage=0.05


Tree=122
num_leaves=11
num_cat=0
split_feature=63 27 72 77 22 11 12 62 47 32
split_gain=10.8895 5.12443 5.91604 6.7726 7.1409 5.20626 6.79315 5.48339 3.28202 2.91462
threshold=411.2000000000001 509.27500000000003 0.26813125280134437 0.97437470222560141 0.079179730514549726 0.019490969255615154 0.010953590602401293 347.9500000000001 0.23297854613734328 185.00000000000003
decision_type=2 2 2 2 2 2 2 2 2 2
left_child=9 2 -2 4 -4 6 8 -7 -3 -1
right_child=1 5 3 -5 -6 7 -8 -9 -10 -11
leaf_value=-0.035955223521518198 0.01347995878094237 -0.004503266114533497 -0.042866089938795572 0.008159025661907687 0.00055903567190359466 0.031276525936898496 -0.021171432406101278 0.0042950478500697028 0.021863366387502386 0.011937836382970033
leaf_weight=23.310030838474635 25.361158087849617 20.274758666753769 24.525631166994572 20.512568846344948 15.007466910406945 37.572473719716072 25.194308251142502 37.511928051710129 26.310118958353996 3.1644723620265713
leaf_count=772 44 30 44 33 41 56 36 56 39 19
internal_value=-0.000231713 0.0032759 -0.00641577 -0.0149022 -0.0267741 0.00891726 -0.000732157 0.0180303 0.0105345 -0.0300045
internal_weight=258.745 232.27 85.4068 60.0457 39.5331 146.864 71.7792 75.0844 46.5849 26.4745
internal_count=1170 379 162 118 85 217 105 112 69 791
is_linear=0
shrinkage=0.05


Tree=123
num_leaves=7
num_cat=0
split_feature=18 63 69 11 55 34
split_gain=8.90493 6.62969 7.07488 4.46962 7.23735 6.40712
threshold=-0.00058808487666645872 580.56250000000011 1.9734829003549814 0.0056885576973060171 0.00011165050080854263 0.16323452462240864
decision_type=2 2 2 2 2 2
left_child=-1 2 -2 4 -4 -5
right_child=1 -3 3 5 -6 -7
leaf_value=-0.032914644713802864 -0.031555258737766427 0.02950967043867931 0.0037323337835947416 -0.0076188411222197355 -0.030944604091340262 0.014543853148257941
leaf_weight=16.604619443416595 14.299772918224333 21.926039129495621 48.351025871932507 45.014008156955242 20.728772848844528 112.5731220766902
leaf_count=693 25 32 81 71 75 194
internal_value=0.00152346 0.00381509 0.0013648 0.00357111 -0.00696626 0.00820506
internal_weight=279.497 262.893 240.967 226.667 69.0798 157.587
internal_count=1171 478 446 421 156 265
is_linear=0
shrinkage=0.05


Tree=124
num_leaves=9
num_cat=0
split_feature=18 41 2 73 21 26 77 20
split_gain=32.7787 5.15146 2.11845 3.6815 1.08837 0.462015 0.34462 0.0509819
threshold=-0.0001042995878363205 1.2914669179146594 -0.14074414437519492 0.19276562121214399 0.6768657519034299 196.36500000000001 0.99687193821795861 3.1792610642664008e-05
decision_type=2 2 2 2 2 2 2 2
left_child=1 2 5 -4 7 6 -1 -2
right_child=4 -3 3 -5 -6 -7 -8 -9
leaf_value=0.037217899126321292 -0.024993367064496987 -0.014097708154468591 0.04175176339021227 -0.013946053427869955 -0.0082162997420757739 0.0034465782466483845 0.0077561455976911655 -0.03433704831622144
leaf_weight=29.260842639952902 17.110560033470392 7.8510787934064856 3.8528360016643983 6.7646157816052437 5.9207687973976126 1.365081638097762 1.6485427655279625 48.132472045719624
leaf_count=629 85 37 45 49 28 21 28 249
internal_value=-0.00872273 0.0217322 0.0284624 0.00811957 -0.0304387 0.0347095 0.0359389 -0.0323009
internal_weight=121.907 50.743 42.8919 10.6175 71.1638 32.2745 30.9094 65.243
internal_count=1171 809 772 94 362 678 657 334
is_linear=0
shrinkage=0.05


Tree=125
num_leaves=8
num_cat=0
split_feature=54 63 62 69 3 12 18
split_gain=16.751 6.17397 5.60775 4.78666 5.71212 4.98237 4.39449
threshold=-9.541748736641266e-05 580.27500000000009 410.05000000000007 2.1447582234566469 -1.6130330127512884 0.00063861409796697928 9.9441511012916059e-07
decision_type=2 2 2 2 2 2 2
left_child=6 2 3 4 -2 -5 -1
right_child=1 -3 -4 5 -6 -7 -8
leaf_value=-0.03578738367023173 -0.006046250685705884 -0.01664344074565122 0.032120335320275369 -0.021385119974260024 0.025958045364750906 0.0056738944673380828 0.0081332030696030181
leaf_weight=30.917343236505985 18.668272033333778 22.760993659496307 24.891486659646034 19.900453507900238 50.488477677106857 90.451826304197311 6.5329965725541106
leaf_count=818 27 32 36 27 72 147 12
internal_value=0.00242744 0.00756363 0.0103271 0.00714397 0.0173557 0.000645962 -0.0281134
internal_weight=264.612 227.162 204.401 179.509 69.1567 110.352 37.4503
internal_count=1171 341 309 273 99 174 830
is_linear=0
shrinkage=0.05


Tree=126
num_leaves=11
num_cat=0
split_feature=0 48 35 12 71 11 65 54 33 17
split_gain=11.7921 6.80114 6.26684 5.49916 5.46367 6.90994 6.53812 5.43429 4.40828 3.39595
threshold=-1.9292868270610002 0.013756015023820293 2.887191624211189 0.00073258474883269701 2.7390727470354652 0.0078652565585532411 584.2075000000001 -5.1115322519351389e-05 2.5161452592590536 0.29327449605883332
decision_type=2 2 2 2 2 2 2 2 2 2
left_child=2 3 -1 -2 8 -6 -7 -5 -3 -9
right_child=1 4 -4 7 5 6 -8 9 -10 -11
leaf_value=0.027758488188764238 0.010423032090870589 0.0059069728141183395 -0.037773167651673309 0.010872573077975822 -0.027966537488807976 0.024207394861508885 -0.0075236222013988002 -0.037986187822931346 0.035123692854633369 -0.011000101790155923
leaf_weight=3.5135575532913235 38.456437289714813 21.20419055223465 24.566795343533158 17.248699799180031 13.221882801502941 36.404327768832445 28.021177023649216 18.022829666733742 33.996618002653122 33.422815397381783
leaf_count=5 54 32 721 31 36 122 43 29 49 49
internal_value=0.00118072 0.00480565 -0.0289009 -0.00454544 0.0123255 0.00367946 0.0105023 -0.0129544 0.0242055 -0.0209981
internal_weight=268.079 239.999 28.0804 107.151 132.848 77.6474 64.4255 68.6943 55.2008 51.4456
internal_count=1171 445 726 163 282 201 165 109 81 78
is_linear=0
shrinkage=0.05


Tree=127
num_leaves=7
num_cat=0
split_feature=71 3 56 64 29 29
split_gain=33.5671 8.91301 2.37982 1.37028 1.07468 0.0626547
threshold=9.8305303266040092 -2.7571252132375763 8.1782919962070387e-05 81.812499999999986 358.55500000000006 515.66250000000014
decision_type=2 2 2 2 2 2
left_child=1 2 4 -3 -1 -2
right_child=5 3 -4 -5 -6 -7
leaf_value=0.0034488861911310051 0.037659550516877305 -0.032189690957957179 -0.015377252541705543 -0.0053090514751419834 0.041713817082062593 0.011533777651747672
leaf_weight=2.8897350057959539 29.034571245312694 66.215076435357332 3.5351129695773116 5.5718316584825507 5.1563553735613823 1.3326438292860974
leaf_count=31 672 341 13 33 55 26
internal_value=-0.00732161 -0.0236824 0.0159351 -0.0302049 0.0298715 0.0369173
internal_weight=113.735 83.3681 11.5812 71.7869 8.04609 30.3672
internal_count=1171 473 99 374 86 698
is_linear=0
shrinkage=0.05


Tree=128
num_leaves=12
num_cat=0
split_feature=54 71 37 66 0 78 20 38 60 16 76
split_gain=15.5713 5.33063 8.86766 5.84267 5.23719 5.21804 4.41163 2.69709 2.86475 2.41462 1.9113
threshold=-5.1115322519351389e-05 2.7390727470354652 0.44067588695777532 17.637500000000003 -0.44042601994089764 0.011820865975673056 0.00021228014422355177 3.496201735124469 280.52500000000003 0.0015240957629305276 0.071965544869785306
decision_type=2 2 2 2 2 2 2 2 2 2 2
left_child=4 2 3 -2 7 -3 10 8 9 -1 -7
right_child=1 5 -4 -5 -6 6 -8 -9 -10 -11 -12
leaf_value=0.026188307503272834 0.028113432392890395 0.03099298030119671 -0.021222004124398539 -0.0023399572842334898 0.0054620710736420046 0.028456831952375274 -0.0098841021317421594 0.020026547266406791 0.0088513719606489166 -0.037812397060053418 0.0070393811676620318
leaf_weight=0.86433300375938316 26.847716212272644 38.107530225068331 31.339433223009109 35.932651057839394 14.284997647628186 19.040911614894867 22.546761378645897 2.0189437270164481 3.5818670392036429 37.179778296500444 23.561060443520546
leaf_count=3 37 56 46 49 47 27 35 3 5 826 37
internal_value=0.00203795 0.00873433 0.000106881 0.0109199 -0.0205387 0.0165219 0.00771681 -0.0289805 -0.0317715 -0.0357249 0.017045
internal_weight=255.306 197.376 94.1198 62.7804 57.9299 103.256 65.1487 43.6449 41.626 38.0441 42.602
internal_count=1171 287 132 86 884 155 99 837 834 829 64
is_linear=0
shrinkage=0.05


Tree=129
num_leaves=9
num_cat=0
split_feature=50 57 25 55 41 52 52 0
split_gain=6.61922 5.45077 5.56721 7.07527 5.90819 5.6473 10.0002 0.558198
threshold=0.47932241538525105 1.1182042792932185 26.437500000000004 4.6464552177942294e-05 0.56995432641749255 0.19187318235374948 0.090581735720758075 -0.99113277776241449
decision_type=2 2 2 2 2 2 2 2
left_child=1 2 3 -1 -5 6 -4 -3
right_child=-2 7 5 4 -6 -7 -8 -9
leaf_value=-0.013681420937870071 0.045870345958680607 -0.034559382804210205 -0.012348868563806797 -0.0066886362387603461 0.02381456198960091 -0.024732103714565939 0.01793448895032734 0.0036141449370229077
leaf_weight=23.737190205603838 7.161692338064312 10.907281773164867 64.730937644839287 20.275305643677711 66.392470905557275 27.559517115354538 45.578776806592941 0.84674236550927062
leaf_count=48 13 444 135 253 150 44 76 11
internal_value=0.00153269 0.000140492 0.00177117 0.0100909 0.0166837 -0.00491594 0.000212595 -0.0317417
internal_weight=267.19 260.028 248.274 110.405 86.6678 137.869 110.31 11.754
internal_count=1174 1161 706 451 403 255 211 455
is_linear=0
shrinkage=0.05


Tree=130
num_leaves=10
num_cat=0
split_feature=71 3 64 9 35 44 64 20 17
split_gain=23.464 9.68553 2.71462 2.02654 1.91154 1.11136 1.02984 0.306352 0.00123627
threshold=10.541577468389399 -2.7571252132375763 9.7000000000000188 1.0902726555733689e-05 10.353108052150803 1.5046402354308437 81.812499999999986 3.1792610642664008e-05 0.38660939300631064
decision_type=2 2 2 2 2 2 2 2 2
left_child=1 2 -1 -2 -5 -6 7 8 -3
right_child=3 6 -4 4 5 -7 -8 -9 -10
leaf_value=-0.012399728342479507 -0.02027108766568491 -0.018541943118632765 0.039299486824128455 -0.0078084059365144086 0.037099546962659838 -0.0065855672339738165 -0.008358174070322702 -0.033837028403794406 -0.028550364103496546
leaf_weight=3.2633035853505117 1.3979077953845287 13.609263099730017 6.4419090673327446 2.5407452583313015 25.064643591642383 1.2488290965557087 6.4428237080574027 45.846316538751125 6.8502556644380084
leaf_count=13 22 71 85 37 626 8 33 253 26
internal_value=-0.00903066 -0.0228002 0.0223816 0.0280276 0.0309681 0.0348611 -0.0290495 -0.030906 -0.0230672
internal_weight=112.706 82.4539 9.70521 30.2521 28.8542 26.3135 72.7487 66.3058 20.4595
internal_count=1174 481 98 693 671 634 383 350 97
is_linear=0
shrinkage=0.05


Tree=131
num_leaves=10
num_cat=0
split_feature=69 54 75 28 65 33 38 16 34
split_gain=14.6662 6.60713 5.37156 4.93622 5.07524 5.60674 3.17815 2.47979 0.823368
threshold=2.8578056549468847 -5.627093411573891e-05 0.79458126009408103 36.612500000000004 587.76750000000004 2.6179598947859062 1.8019892548594145 0.053001269004417012 0.15415702904881615
decision_type=2 2 2 2 2 2 2 2 2
left_child=1 2 -1 4 5 -3 -6 -5 -2
right_child=8 3 -4 7 6 -7 -8 -9 -10
leaf_value=-0.036519213131847091 0.0025835054123306334 0.031386625829146884 0.0016869114789460011 -0.018099654086630775 0.013495560960146334 0.0081851703345492185 -0.012995796390770035 0.00641535149832377 -0.035989370974479989
leaf_weight=13.42651182413101 1.3319660089910055 54.307478860020638 25.163631685078144 18.635968878865242 21.265236675739288 50.993404656648636 22.034047842025757 20.935074269771576 22.770091190934181
leaf_count=35 11 79 55 29 30 72 30 31 802
internal_value=0.00244493 0.0064332 -0.0121927 0.0102972 0.014456 0.0203337 2.56452e-05 -0.00529153 -0.0338397
internal_weight=250.863 226.761 38.5901 188.171 148.6 105.301 43.2993 39.571 24.1021
internal_count=1174 361 90 271 211 151 60 60 813
is_linear=0
shrinkage=0.05


Tree=132
num_leaves=10
num_cat=0
split_feature=23 40 71 7 30 14 32 66 29
split_gain=7.41313 5.28613 6.60402 7.94989 6.47065 6.7442 5.13795 5.09827 4.59227
threshold=1.5994547402496488 0.98910762385330653 2.7390727470354652 0.23013061575097485 32.175000000000004 0.13194822411024448 146.88250000000002 18.125000000000004 544.0575
decision_type=2 2 2 2 2 2 2 2 2
left_child=1 2 3 8 5 -4 -6 -5 -1
right_child=-2 -3 4 7 6 -7 -8 -9 -10
leaf_value=0.010802477034674698 -0.035425584223825704 0.025795366384520103 -0.0031366746992449804 0.006035923944728969 0.025459388390342782 -0.031343057340214441 -0.017840001291185025 0.033020619239893065 -0.021302214625678006
leaf_weight=19.930747896432877 11.488308165222405 24.179362684488297 62.749923123046756 33.146666526794434 22.657542116940025 31.199918312951922 8.822335744276641 37.419893562793732 22.99199290573597
leaf_count=29 392 38 121 50 158 278 45 52 35
internal_value=0.0022307 0.00400289 0.0016991 0.010392 -0.00618629 -0.0127352 0.0131489 0.0206068 -0.00648818
internal_weight=274.587 263.098 238.919 113.489 125.43 93.9498 31.4799 70.5666 42.9227
internal_count=1198 806 768 166 602 399 203 102 64
is_linear=0
shrinkage=0.05


Tree=133
num_leaves=11
num_cat=0
split_feature=18 73 41 29 4 55 78 20 33 21
split_gain=28.1982 4.2935 3.30488 3.11921 1.38599 1.0132 0.484194 0.32663 0.535996 0.140115
threshold=-0.0001042995878363205 0.23616644577906121 0.5052398629824123 563.63250000000005 0.20494329711654738 0.00022957405494994579 0.21340561465104987 3.1792610642664008e-05 2.7570144379811019 0.36554312141997508
decision_type=2 2 2 2 2 2 2 2 2 2
left_child=1 3 6 4 -1 7 -3 8 -2 -6
right_child=5 2 -4 -5 9 -7 -8 -9 -10 -11
leaf_value=0.0024187826050864479 -0.02805474609709234 0.033469663309199336 -0.020514638625612036 -0.022500588718558957 0.053033811856741025 -0.0066331216382722732 0.0011323366091524698 -0.033988326447740448 -0.0066782800226924989 0.033404907861480114
leaf_weight=3.0446510221809211 10.039838276803492 3.9381107147783032 8.4624171368777734 1.8657633960247029 4.8915515169501331 5.1204844564199439 1.6059510782361028 44.969362061470747 5.0496650189161292 21.746764278039336
leaf_count=58 55 73 47 7 36 24 27 257 28 586
internal_value=-0.00860454 0.0213019 -0.00172528 0.0312641 0.0352667 -0.0295128 0.0257069 -0.0313229 -0.0217608 0.0387978
internal_weight=110.735 45.5552 14.0065 31.5487 29.683 65.1793 5.54406 60.0589 15.0895 26.6383
internal_count=1198 834 147 687 680 364 100 340 83 622
is_linear=0
shrinkage=0.05


Tree=134
num_leaves=14
num_cat=0
split_feature=69 71 7 40 31 32 29 66 8 7 20 66 45
split_gain=9.48554 4.67972 7.80043 6.85879 6.86523 4.92147 4.41909 3.93176 4.21948 3.23083 2.25984 1.1516 0.514007
threshold=2.8578056549468847 2.7390727470354652 0.23013061575097485 0.97486925996895113 13.524999999999997 66.565000000000012 544.0575 16.025000000000002 -1.8168032492920785 0.11679731586022137 1.9581140591321833e-05 1.8625000000000003 0.42207033067823507
decision_type=2 2 2 2 2 2 2 2 2 2 2 2 2
left_child=1 2 6 4 5 -3 -1 -4 -9 10 -2 -11 -13
right_child=9 3 7 -5 -6 -7 -8 8 -10 11 -12 12 -14
leaf_value=-0.0034778752554264661 -0.02039812461212093 0.015247565991995124 0.0048338278286913054 -0.01629229681437595 -0.0090415652301908851 0.043416756482104552 0.027965247586774662 -0.031054484369583236 -0.0020168837622992217 0.013349497831517967 0.048726170236163616 -0.036711976718984046 -0.0039283232430775503
leaf_weight=19.681743577122688 1.453322130255404 56.985551424324512 23.145868375897408 17.756946712732315 19.938717013224959 21.455859763547778 24.260755077004433 31.113302372395992 20.735732451081276 0.81481466442346828 1.495969235897064 21.158244817517701 1.5340487957000721
leaf_count=29 73 89 35 29 42 40 35 44 31 3 2 744 2
internal_value=0.0013205 0.00455067 -0.002417 0.0116461 0.016802 0.0234021 0.0141179 -0.0121638 -0.0196995 -0.0265011 0.0181237 -0.032611 -0.0347551
internal_weight=261.531 235.074 118.937 116.137 98.3801 78.4414 43.9425 74.9949 51.849 26.4564 2.94929 23.5071 22.6923
internal_count=1198 374 174 200 171 129 64 110 75 824 75 749 746
is_linear=0
shrinkage=0.05


Tree=135
num_leaves=13
num_cat=0
split_feature=14 43 3 71 68 75 19 14 44 52 72 71
split_gain=6.32863 3.57097 6.8309 5.4256 4.91622 5.83973 4.19394 8.55096 5.10602 3.35234 2.93802 1.47778
threshold=0.49248314093419421 0.15178482478059005 -0.96175405166701966 2.6877349867860043 23.562500000000004 0.8469316772097023 6.7956413464154215e-05 0.1566291116837723 0.63721538264022826 0.49268615710571018 0.87826682414537594 2.715919704875255
decision_type=2 2 2 2 2 2 2 2 2 2 2 2
left_child=1 2 4 -3 -1 -6 8 -8 -5 10 11 -2
right_child=9 3 -4 6 5 -7 7 -9 -10 -11 -12 -13
leaf_value=-0.025899044481999894 0.018478934556559919 0.028502241390694655 -0.022666850851296799 0.014192095050098816 0.023351548382930815 -0.0049111120028887826 0.04326210393855142 -0.00068008643013456327 -0.015236565604166858 0.03019474673874328 0.017038748372430655 -0.038076503893376377
leaf_weight=9.7009743358939868 0.66016167402268422 31.781922861933708 27.098455686122179 23.491374770179391 38.860576908104122 33.216048182919621 17.092642672359943 28.449220479466021 36.110015571117401 1.9628159329295147 2.5397118609398595 17.131636680103838
leaf_count=28 1 47 44 39 111 99 32 113 57 7 50 544
internal_value=0.00303978 0.00538056 -0.00137683 0.0107247 0.00586659 0.0104379 0.00513318 0.0163873 -0.00359472 -0.0218911 -0.0280992 -0.0351063
internal_weight=268.096 245.801 108.876 136.925 81.7776 72.0766 105.143 45.5419 59.6014 22.2943 20.3315 17.7918
internal_count=1172 570 282 288 238 210 241 145 96 602 595 545
is_linear=0
shrinkage=0.05


Tree=136
num_leaves=8
num_cat=0
split_feature=54 61 37 65 41 54 14
split_gain=24.1055 4.20479 2.01649 1.81785 1.18263 0.982097 1.66651
threshold=-0.00040497655011750416 12.800000000000001 0.026231240688507313 574.59500000000014 1.5617838991211435 -6.3160069185336224e-05 0.063438507731118907
decision_type=2 2 2 2 2 2 2
left_child=2 -2 -1 4 -4 6 -3
right_child=1 5 3 -5 -6 -7 -8
leaf_value=-0.01912553565658847 0.010057844547396742 0.0027883343383652091 0.035933327218032052 -0.013078031943176888 -0.002891142965437249 -0.03234312460557303 -0.028430163921579172
leaf_weight=1.5782782845199133 7.3161408249288788 6.6568473167717483 25.762511281296618 1.777474671602248 1.9625085778534401 49.950102668255568 10.172202512621878
leaf_count=25 57 34 696 13 11 291 45
internal_value=-0.0093529 -0.0247755 0.0270401 0.0300558 0.0331802 -0.0286838 -0.0166177
internal_weight=105.176 74.0953 31.0808 29.5025 27.725 66.7792 16.829
internal_count=1172 427 745 720 707 370 79
is_linear=0
shrinkage=0.05


Tree=137
num_leaves=9
num_cat=0
split_feature=54 59 19 25 41 76 20 25
split_gain=9.75532 4.3717 5.55191 4.74036 5.16146 3.88575 4.74117 3.2992
threshold=-0.00010460736410723659 1.3980637951733124 6.7956413464154215e-05 16.525000000000002 0.89342339145558591 0.042999126552929319 2.6608672912572723e-05 36.575000000000017
decision_type=2 2 2 2 2 2 2 2
left_child=5 2 3 -2 -5 6 -1 -3
right_child=1 7 -4 4 -6 -7 -8 -9
leaf_value=-0.028666371766673318 0.02117377140842468 0.0021998224179731402 -0.019393682153425896 -0.01670848031574813 0.0062316094271574604 -0.035718523818654174 0.04098150022624255 0.03098084091275019
leaf_weight=4.2168866302818087 33.076210159808397 17.263183522969484 27.28627922013402 32.460771635174751 90.767632126808167 22.398027586750686 3.6093422984704375 23.064972519874573
leaf_count=194 48 30 48 45 136 630 8 33
internal_value=0.000686134 0.00431914 0.00100616 0.00466803 0.000102886 -0.0255056 0.00445814 0.019012
internal_weight=254.143 223.919 183.591 156.305 123.228 30.2243 7.82623 40.3282
internal_count=1172 340 277 229 181 832 202 63
is_linear=0
shrinkage=0.05


Tree=138
num_leaves=15
num_cat=0
split_feature=23 20 1 7 7 55 16 21 75 31 21 32 67 35
split_gain=6.6808 3.88651 8.44037 5.4623 5.78045 5.62502 4.61772 6.35998 5.57506 4.87705 4.46197 3.96581 4.13213 3.54784
threshold=1.5994547402496488 6.127914234524763e-05 0.45843590161326359 0.26708415772703159 0.20587640972560331 9.9898142973625328e-05 0.060343079905987161 0.32810073320737537 0.84505013614585434 6.5125000000000011 0.14665955242805226 97.280000000000015 11.337500000000002 3.5149793753122442
decision_type=2 2 2 2 2 2 2 2 2 2 2 2 2 2
left_child=1 2 3 4 -1 -5 9 -8 -9 -3 -11 13 -13 -4
right_child=-2 6 11 5 -6 -7 7 8 -10 10 -12 12 -14 -15
leaf_value=0.0066066523728202271 -0.034854901609042525 0.035926035319012971 -0.03869397818802342 0.037830106959539228 -0.031344755175044224 -0.0054693832727796318 -0.019636598834729013 0.034649718121775516 -0.0043911274252208038 0.026846355210254441 -0.0048089543090416818 0.03498726674496741 -0.022252374511974246 0.00093671221129531818
leaf_weight=37.732578246854246 10.531397015787659 25.173300124704838 23.132349893450741 20.558542869985107 12.554496344178913 11.153475222177802 23.906998664140701 15.515976300463079 20.048048054799438 18.058602809906006 26.169669330120087 5.023991999216376 5.6514274748042226 7.3118391856551161
leaf_count=159 396 37 41 37 55 86 35 28 47 26 47 15 58 125
internal_value=0.00237936 0.00406711 -0.00228102 0.00698948 -0.00329459 0.0228995 0.0101027 -0.000152792 0.0131235 0.018768 0.00842385 -0.0204949 0.00537479 -0.0294487
internal_weight=262.523 251.991 123.119 81.9991 50.2871 31.712 128.873 59.471 35.564 69.4016 44.2283 41.1196 10.6754 30.4442
internal_count=1192 796 576 337 214 123 220 110 75 110 73 239 73 166
is_linear=0
shrinkage=0.05


Tree=139
num_leaves=11
num_cat=0
split_feature=18 18 44 28 8 16 33 73 55 54
split_gain=21.6502 3.345 4.37274 2.60632 1.78849 1.77126 1.00112 0.815068 0.244713 0.0730357
threshold=-9.5054062025664202e-05 -0.0009797765280812967 -0.1007655094278276 54.54999999999999 -1.8168032492920785 0.044336435759586353 2.8034281503985636 0.13661896419257299 9.4320632961702737e-05 -6.3160069185336224e-05
decision_type=2 2 2 2 2 2 2 2 2 2
left_child=1 -1 8 4 -4 -5 9 -8 -3 -2
right_child=6 2 3 5 -6 -7 7 -9 -10 -11
leaf_value=0.033316696822042156 -0.019041587042440244 0.014047326950806542 0.0056402157763840123 -0.011174704664788366 -0.034105462708849683 0.0371252781019175 -0.00163219480225058 -0.025021329651339408 0.04100181850293308 -0.033776097473540045
leaf_weight=18.241824712604284 5.4875907786190501 2.6923157889395979 3.7934813443571365 2.7740575075149527 7.8310126513242704 3.2545425333082676 6.4372421242296687 8.351242780685423 5.0962162278592587 38.424941901117563
leaf_count=601 33 23 62 19 31 48 32 45 58 240
internal_value=-0.00886738 0.0175574 0.00542518 -0.00849041 -0.0217157 0.0164723 -0.0284966 -0.0155885 0.0343428 -0.0323997
internal_weight=102.384 43.6835 25.4416 17.6531 11.6245 6.0286 58.701 14.7885 7.78853 43.9125
internal_count=1192 842 241 160 93 67 350 77 81 273
is_linear=0
shrinkage=0.05


Tree=140
num_leaves=11
num_cat=0
split_feature=56 25 42 25 29 29 49 31 67 47
split_gain=9.52187 4.21611 7.01782 6.6789 6.22909 5.3162 6.58798 5.27176 2.51072 5.87747
threshold=-2.7126745329550717e-05 16.525000000000002 -0.52320079290373867 26.437500000000004 549.16250000000002 555.81250000000011 0.013170910975428538 5.8125000000000009 4.5375000000000023 0.36730981942755697
decision_type=2 2 2 2 2 2 2 2 2 2
left_child=-1 2 -2 4 -3 7 -7 -5 -4 -10
right_child=1 3 8 5 -6 6 -8 -9 9 -11
leaf_value=-0.034742908119634153 0.041548078137588353 0.0001897392000911398 -0.029396546295865411 -0.035517542580374761 -0.036692567357621969 0.030518635760732427 0.0032723179718708697 0.0018060837892843577 0.035227953335477555 -0.020456820577424012
leaf_weight=16.208411135710776 17.154381439089775 26.417280562222004 4.7123559154570129 11.453287392854689 19.189159765839577 32.915991261601448 64.964598245918751 39.009527906775475 8.8033344652503747 8.2581153921782953
leaf_count=717 26 52 16 18 29 50 103 70 82 29
internal_value=0.00115853 0.00379515 0.0185913 0.000745255 -0.015783 0.00589833 0.0126509 -0.00719062 -0.000525329 0.00863495
internal_weight=249.086 232.878 38.9282 193.95 45.6064 148.343 97.8806 50.4628 21.7738 17.0614
internal_count=1192 475 153 322 81 241 153 88 127 111
is_linear=0
shrinkage=0.05


Tree=141
num_leaves=11
num_cat=0
split_feature=57 77 39 47 62 44 18 43 28 41
split_gain=5.51544 6.61562 5.06252 7.19529 6.99981 6.71975 3.61605 2.95027 1.72844 0.446668
threshold=1.1182042792932185 0.90750113911449737 0.92550101139202778 0.3125725139835242 330.92250000000007 -0.50363613257034912 -1.7265636784063895e-06 0.16049864792200522 19.325000000000049 1.2258197844843817
decision_type=2 2 2 2 2 2 2 2 2 2
left_child=1 6 3 5 -5 -3 7 8 -1 -2
right_child=9 2 -4 4 -6 -7 -8 -9 -10 -11
leaf_value=-0.018894502930659945 -0.034692752502147962 0.016629035869854033 -0.019442057761269844 0.026415670885020427 -0.00060008774650421707 -0.016972470845017958 0.037082869964361519 0.02849306695724222 0.01089487485449931 0.002907281022666036
leaf_weight=8.9203270282596403 10.179086889140304 18.731170142069459 31.113653302192688 41.782212512567639 54.448759004473686 60.6788065796718 17.322034060955048 9.878084307536481 8.6451293658465129 0.69091358315199691
leaf_count=27 456 37 51 109 85 291 24 40 48 5
internal_value=0.00105497 0.00261677 -0.00118525 0.00214059 0.0112808 -0.00893834 0.019819 0.00800156 -0.00443604 -0.0322593
internal_weight=262.39 251.52 206.755 175.641 96.231 79.41 44.7656 27.4435 17.5655 10.87
internal_count=1173 712 573 522 194 328 139 115 75 461
is_linear=0
shrinkage=0.05


Tree=142
num_leaves=9
num_cat=0
split_feature=18 18 44 17 53 33 37 18
split_gain=19.1274 3.99112 5.80866 2.54393 2.85341 1.17734 0.87591 0.0486579
threshold=-0.0001042995878363205 -0.0009797765280812967 -0.11575793774160172 0.4577744765415121 0.60823193697936506 2.8034281503985636 0.380466053267833 -3.4421821670916014e-05
decision_type=2 2 2 2 2 2 2 2
left_child=1 -1 -3 -4 -5 7 -7 -2
right_child=5 2 3 4 -6 6 -8 -9
leaf_value=0.033140057990063108 -0.019918886696000795 0.037642405906435819 0.017369334899904536 -0.054440049529343129 -0.0071139145563063281 -0.0015705854034988424 -0.025832993446524444 -0.034299495059855294
leaf_weight=16.790969455614686 5.6934011541306964 7.2463349252939251 4.6583917438983944 3.787773795425891 10.643325785174964 7.0476854592561704 7.2183524519205093 37.884413175284863
leaf_count=579 34 72 46 9 114 36 39 244
internal_value=-0.0101713 0.0148393 0.00238581 -0.0122051 -0.0222587 -0.0287538 -0.0147349 -0.0329097
internal_weight=100.971 43.1268 26.3358 19.0895 14.4311 57.8439 14.266 43.5778
internal_count=1173 820 241 169 123 353 75 278
is_linear=0
shrinkage=0.05


Tree=143
num_leaves=11
num_cat=0
split_feature=18 71 42 26 44 32 49 0 65 44
split_gain=10.01 4.63275 6.92763 5.00409 4.66004 4.53459 4.10597 7.468 4.73076 1.69731
threshold=-9.5054062025664202e-05 2.7390727470354652 -0.55237033266342783 167.44750000000005 -0.52422006288190592 234.82000000000002 0.013774904804351071 -1.2545674199207728 582.03000000000009 -0.22167123842757505
decision_type=2 2 2 2 2 2 2 2 2 2
left_child=5 2 4 -3 -2 -1 8 -8 -5 -6
right_child=1 3 -4 6 9 -7 7 -9 -10 -11
leaf_value=-0.035236720310230306 -0.0097905345175806121 -0.011490274973238457 -0.018876366916497838 0.041067985049101939 0.026948659048697834 0.033567161143012773 0.027729363965834076 -0.012346592357285821 0.012359920452048397 0.0069325895467135697
leaf_weight=20.379027819260958 23.261262625455856 17.417129516601562 36.173241823911667 26.155883505940437 22.164612948894501 1.9023905880749215 19.804023072123528 25.43751248717308 33.145416855812073 21.221713304519653
leaf_count=819 33 38 57 39 32 5 32 39 49 30
internal_value=0.00306094 0.00626805 -0.00154995 0.0128182 0.00799405 -0.0281728 0.0169385 0.00541654 0.0254932 0.0175349
internal_weight=247.062 224.781 102.821 121.96 66.6476 22.2814 104.543 45.2415 59.3013 43.3863
internal_count=1173 349 152 197 95 824 159 71 88 62
is_linear=0
shrinkage=0.05


Tree=144
num_leaves=8
num_cat=0
split_feature=2 5 4 1 62 78 78
split_gain=7.13808 4.34846 4.98576 7.54131 4.90958 3.98044 3.62505
threshold=-1.2507553512636285 -1.1831365589218055 0.25807109502211961 0.31190981097822318 286.10750000000007 0.015321777527612391 -0.02022247260501233
decision_type=2 2 2 2 2 2 2
left_child=-1 4 -3 5 -2 -4 -5
right_child=1 2 3 6 -6 -7 -8
leaf_value=-0.03454481463959358 -0.0058116021749494715 -0.022342756417441569 0.00086336237804971968 0.021992856600808498 0.045404806628496219 0.031855100850131067 -0.0044442083132946583
leaf_weight=12.78326593339443 7.4279965907335308 20.641348496079445 16.111743722110987 13.205714611336587 10.767130786553023 28.314294117502868 148.54011316038668
leaf_count=600 54 33 24 26 17 50 371
internal_value=0.000471641 0.00243161 0.00049555 0.00287887 0.0252827 0.0208819 -0.00216388
internal_weight=257.792 245.008 226.813 206.172 18.1951 44.426 161.746
internal_count=1175 575 504 471 71 74 397
is_linear=0
shrinkage=0.05


Tree=145
num_leaves=8
num_cat=0
split_feature=71 18 6 6 18 66 41
split_gain=22.8433 5.52239 4.60931 2.67411 0.290122 0.256357 0.120209
threshold=9.8305303266040092 -8.4471685031421777e-05 -2.8769640113538211 -4.7354708999301529 -2.9641455955644124e-05 27.400000000000002 -0.049896428538023556
decision_type=2 2 2 2 2 2 2
left_child=1 2 5 -2 -3 -1 -5
right_child=3 4 -4 6 -6 -7 -8
leaf_value=0.011912715143523819 -0.027109068419041701 -0.017822610341650492 -0.01671919869514717 0.0080908950281932679 -0.032114050999275418 0.040134035069796209 0.037456198712521011
leaf_weight=2.3077121414244202 1.0644830353558088 8.5993206985294801 11.691481646150349 0.99672495946288719 44.521325200796127 4.0902516897767782 22.47315730154514
leaf_count=20 9 49 51 25 289 68 664
internal_value=-0.00787694 -0.0221777 0.00165038 0.0328735 -0.0301726 0.032941 0.0365907
internal_weight=95.7445 71.2101 18.0894 24.5344 53.1206 6.39796 23.4699
internal_count=1175 477 139 698 338 88 689
is_linear=0
shrinkage=0.05


Tree=146
num_leaves=12
num_cat=0
split_feature=54 0 67 28 66 56 67 31 16 77 69
split_gain=11.9103 6.23722 5.46341 16.9104 5.35468 4.30492 4.5374 4.02753 3.4433 3.5864 1.78947
threshold=-5.627093411573891e-05 0.99799443790964848 9.7250000000000014 36.612500000000004 19.025000000000002 0.00064005023192068098 0.76250000000000095 7.0625000000000009 0.05170012887984924 0.96245508085766607 1.9734829003549814
decision_type=2 2 2 2 2 2 2 2 2 2 2
left_child=1 5 3 4 7 6 -1 -2 9 -4 -8
right_child=2 -3 8 -5 -6 -7 10 -9 -10 -11 -12
leaf_value=0.025026049132496092 0.0068075049945260065 0.03513859662071294 0.022666184991675043 -0.037146553205292775 -0.0058474767652554084 0.024651596983908002 0.0036087863276121411 0.032127905109671721 0.02952771669222494 -0.0059279734767962791 -0.037292110192628562
leaf_weight=2.8076237440109244 34.169317036867142 3.8721879683434954 20.693818300962448 22.161964014172554 32.946707829833031 3.2523729074746361 2.7087441086769095 29.198361098766327 35.610599160194397 21.513658531010151 34.791188486851752
leaf_count=15 48 9 33 37 47 30 4 44 53 32 823
internal_value=0.00261514 -0.0196156 0.00805912 0.00126164 0.0103903 -0.0251622 -0.0296811 0.0187924 0.0182608 0.00829152 -0.0343207
internal_weight=243.727 47.4321 196.294 118.476 96.3144 43.5599 40.3076 63.3677 77.8181 42.2075 37.4999
internal_count=1175 881 294 176 139 872 842 92 118 65 827
is_linear=0
shrinkage=0.05


Tree=147
num_leaves=7
num_cat=0
split_feature=0 34 19 19 25 2
split_gain=9.1466 4.26206 5.14927 7.50283 5.44611 2.11727
threshold=-2.0117508704571523 0.091567302351837535 1.0696676686670774e-05 2.3155272688761675e-05 27.262499999999999 -0.095126019623456709
decision_type=2 2 2 2 2 2
left_child=5 -2 -3 -4 -5 -1
right_child=1 2 3 4 -6 -7
leaf_value=-0.036914381050884688 -0.0144464405913938 0.036887743602042077 -0.015693528154382248 0.021717184019519165 0.0028304472124651989 0.0027671039325725824
leaf_weight=16.198694333434108 24.322428561747074 12.762023791670797 34.517204523086548 58.813994903117418 106.47945905663073 4.0126712266355744
leaf_count=651 39 19 58 171 180 47
internal_value=0.00219537 0.00499231 0.00727371 0.00520797 0.00964083 -0.0292772
internal_weight=257.106 236.895 212.573 199.811 165.293 20.2114
internal_count=1165 467 428 409 351 698
is_linear=0
shrinkage=0.05


Tree=148
num_leaves=9
num_cat=0
split_feature=71 3 78 9 18 74 5 39
split_gain=19.7653 5.62318 2.39382 2.34939 1.49438 1.25089 0.198341 0.107001
threshold=10.541577468389399 -2.7396890869521955 0.24857701102923621 9.9533401444556021e-06 -8.4471685031421777e-05 2.3804882176759254 -1.984873302329782 1.2805975856783538
decision_type=2 2 2 2 2 2 2 2
left_child=1 2 6 -2 -3 -5 -1 -6
right_child=3 4 -4 5 7 -7 -8 -9
leaf_value=0.013909993134952945 -0.0253821045760525 -0.010789810221141422 -0.014122277339437085 0.037076684712814743 -0.032750919494923536 -0.0020939561449303049 0.042773675477580458 -0.017192977526137652
leaf_weight=2.3984480742365122 1.1184557471424366 12.12309220433235 3.8699295837432146 20.41636288352311 43.828002624213696 2.1379817221313706 2.6509517095983011 4.8136290982365599
leaf_count=37 11 58 29 635 294 38 32 31
internal_value=-0.00891656 -0.0222829 0.0135758 0.0297374 -0.027681 0.0334323 0.0336293 -0.0315886
internal_weight=93.3569 69.6841 8.91933 23.6728 60.7647 22.5543 5.0494 48.6416
internal_count=1165 481 98 684 383 673 69 325
is_linear=0
shrinkage=0.05


Tree=149
num_leaves=7
num_cat=0
split_feature=18 55 4 41 19 73
split_gain=11.0667 5.24372 5.39986 5.04406 7.72955 4.52037
threshold=-9.5054062025664202e-05 0.00018419712661391592 0.25807109502211961 0.89342339145558591 3.3170520261889765e-05 0.19164174881855703
decision_type=2 2 2 2 2 2
left_child=-1 2 -2 4 -4 -5
right_child=1 -3 3 5 -6 -7
leaf_value=-0.035126803410348899 0.024836659401468942 0.027435297293881236 -0.04218634603602528 0.014293625992480319 0.00038888436416400373 -0.0039762336905270592
leaf_weight=18.391070360317826 21.493215382099152 20.989431340247393 16.051261052489281 56.868056103587151 28.395768404006958 80.821596890687943
leaf_count=816 34 38 24 84 47 122
internal_value=0.00112577 0.00423655 0.00172292 -0.00112537 -0.0155764 0.00361817
internal_weight=243.01 224.619 203.63 182.137 44.447 137.69
internal_count=1165 349 311 277 71 206
is_linear=0
shrinkage=0.05


Tree=150
num_leaves=14
num_cat=0
split_feature=23 20 1 77 75 21 55 0 25 73 48 18 76
split_gain=5.84623 4.87997 7.67852 4.74614 5.92075 5.35421 5.32526 4.47019 4.22152 3.33417 4.61061 1.93322 0.941827
threshold=1.5994547402496488 6.127914234524763e-05 0.47072007462505511 0.89953097867572573 0.87594686688328005 0.21200718107353869 9.1197890078984409e-05 -0.67966954786374578 26.700000000000014 0.19164174881855703 0.013756015023820293 6.1725868048267456e-06 0.16257265929455053
decision_type=2 2 2 2 2 2 2 2 2 2 2 2 2
left_child=1 2 7 -3 6 -6 -5 8 -1 11 -11 -4 -2
right_child=12 3 9 4 5 -7 -8 -9 -10 10 -12 -13 -14
leaf_value=0.0086566741118172929 -0.035207698408455362 0.036061519230207111 -0.041898520261202554 -0.015323895919834128 0.043791477766568103 0.0084376345067123677 0.013266144099612125 0.020684571684836082 -0.022338614109458171 -0.026141412546413553 0.018161557587228708 -0.0025967219156284313 0.011179664325189841
leaf_weight=28.427649324759841 9.5714731058105791 17.336144559085369 14.713257051073017 32.730029746890068 16.549756526947021 29.097093026153743 30.506672660820186 34.524762779474258 16.552258453331888 11.33836079016328 10.255231216549872 4.0791178047657004 0.75847945827990848
leaf_count=232 385 29 135 50 23 56 54 57 57 22 62 6 14
internal_value=0.00403997 0.0056355 -0.00158998 0.0124572 0.00840503 0.0219196 -0.00153967 0.00742152 -0.00298712 -0.0190809 -0.00522846 -0.0339298 -0.0311156
internal_weight=256.44 246.11 119.891 126.22 108.884 45.6468 63.2367 79.5047 44.9799 40.386 21.5936 18.7924 10.33
internal_count=1182 783 571 212 183 79 104 346 289 225 84 141 399
is_linear=0
shrinkage=0.05


Tree=151
num_leaves=10
num_cat=0
split_feature=71 20 28 6 6 4 38 53 55
split_gain=16.6975 5.75802 4.41122 2.95052 2.78252 2.62867 1.7824 0.807784 0.0498254
threshold=12.366217055776866 2.6608672912572723e-05 35.425000000000004 -4.8732605650485459 -2.0845588427439941 0.39311315001238473 1.5420228722987248 0.66452919416693945 0.0002439948651934943
decision_type=2 2 2 2 2 2 2 2 2
left_child=1 2 5 -2 7 -1 -7 -4 -3
right_child=3 8 4 -5 -6 6 -8 -9 -10
leaf_value=-0.034460504065898491 -0.034075186276319468 -0.033433490929803932 0.047122189702620276 0.036074182866637272 -0.0098986565243880491 0.02784072055224825 -0.017316979527401948 0.0093200020865663036 -0.0184161210811279
leaf_weight=10.194769205525523 0.85624885931611316 38.952913153916597 4.6854082476347703 17.543305192142725 4.8195364773273432 3.131977876648306 3.6752805300056934 2.6699683163315058 4.7931660227477542
leaf_count=51 4 264 63 625 28 43 24 50 30
internal_value=-0.0102246 -0.020963 -0.0035522 0.0312215 0.0185586 -0.0195368 0.00436459 0.0361579 -0.0322364
internal_weight=91.3226 72.923 29.1769 18.3996 12.1749 17.002 6.80726 7.35538 43.7461
internal_count=1182 553 259 629 141 118 67 113 294
is_linear=0
shrinkage=0.05


Tree=152
num_leaves=12
num_cat=0
split_feature=69 3 66 48 49 77 2 7 78 20 66
split_gain=7.46983 4.50432 5.30351 6.35734 5.01503 4.62875 4.3535 3.51547 3.36952 1.6728 1.15628
threshold=2.8578056549468847 -0.99308619473615733 19.962500000000006 0.0086816571561939369 0.013170910975428538 0.97210237045199877 0.96400657826175884 0.11679731586022137 0.056055413709046958 1.9581140591321833e-05 1.8625000000000003
decision_type=2 2 2 2 2 2 2 2 2 2 2
left_child=1 2 3 -1 6 -4 -3 9 -5 -2 -9
right_child=7 4 5 8 -6 -7 -8 10 -10 -11 -12
leaf_value=-0.016941936216199119 -0.018045204505609851 0.0045166082156372373 -0.030491914158414776 0.022468803025185322 -0.0053845828642062818 0.0016989298805194846 0.030840956217797717 0.012644379450426083 -0.0030057180005939495 0.044494535815805897 -0.037844189033575976
leaf_weight=24.246321171522141 1.1192142479121714 29.809594541788101 26.314628848806024 34.904184211045504 32.306192934513092 18.719339717179537 33.162900775671005 0.74590620771050709 19.995989330112934 1.5250399112701414 18.08414544723928
leaf_count=35 77 46 57 54 50 33 50 3 35 2 740
internal_value=-0.000397163 0.00240386 -0.00386226 0.00394146 0.010526 -0.0173649 0.0186451 -0.0278558 0.0133026 0.0203358 -0.0353074
internal_weight=240.933 219.459 124.18 79.1465 95.2787 45.034 62.9725 21.4743 54.9002 2.64425 18.8301
internal_count=1182 360 214 124 146 90 96 822 89 79 743
is_linear=0
shrinkage=0.05


Tree=153
num_leaves=12
num_cat=0
split_feature=2 43 78 43 52 20 20 48 77 37 6
split_gain=4.78485 4.9525 6.65016 5.90603 7.23948 5.57391 5.58653 4.83275 4.06683 3.40162 2.90173
threshold=-1.2507553512636285 0.14856130903920714 0.032987409852683093 0.18140917218227282 0.19187318235374948 3.8447603759581772e-05 1.1239242430342401e-05 0.016560313978560833 0.96492617770981892 0.02421193039624377 -2.5390275599708327
decision_type=2 2 2 2 2 2 2 2 2 2 2
left_child=9 2 8 -3 7 6 -4 -5 -2 -1 -6
right_child=1 3 5 4 10 -7 -8 -9 -10 -11 -12
leaf_value=0.039831847827868604 -0.0053519923575597733 0.034209204866055602 0.011724730289487853 0.0017952232431526155 0.00061179744327112138 0.022208592254461437 -0.028659175419993955 0.024692559182713587 -0.036332589647672817 -0.035004684126755711 -0.031793275122336345
leaf_weight=0.89297090098261733 24.984376269392669 21.008351034484804 17.223922188393772 49.235680297017097 12.953337716870012 28.857925406657159 15.276745095849035 42.602965471334755 17.937771765515208 11.149594376794992 13.712957071140407
leaf_count=19 52 39 95 82 30 55 26 147 32 572 32
internal_value=0.00270125 0.00426348 -0.00395924 0.0103941 0.00592123 0.00657961 -0.00754634 0.0125686 -0.0188316 -0.0268269 -0.0165991
internal_weight=255.837 243.794 104.281 139.513 118.505 61.3586 32.5007 91.8386 42.9221 12.0426 26.6663
internal_count=1181 590 260 330 291 176 121 229 84 591 62
is_linear=0
shrinkage=0.05


Tree=154
num_leaves=9
num_cat=0
split_feature=71 3 6 51 78 71 42 20
split_gain=16.5455 5.36649 2.97466 4.87496 2.26364 1.24879 0.558748 0.20666
threshold=10.541577468389399 -2.7571252132375763 -4.071652284978879 0.45240991296758098 0.24857701102923621 5.5855616525307532 -0.68680739143016345 8.1303785267360517e-06
decision_type=2 2 2 2 2 2 2 2
left_child=1 4 3 -2 6 7 -1 -3
right_child=2 5 -4 -5 -6 -7 -8 -9
leaf_value=0.0073773164843990687 -0.063382647659013691 -0.019289510888277406 0.036904781040758887 0.026364061430087096 -0.016495243049671069 -0.0094903018609454274 0.042392656683126959 -0.032412140159558289
leaf_weight=2.2554926499724388 1.3687024321407104 9.2951462604105455 16.71097450889647 3.227904012426734 3.240152345970273 9.6299745887517911 3.1729635260999185 40.976673603057861
leaf_count=21 6 41 542 149 23 50 49 300
internal_value=-0.0100585 -0.0219784 0.0275668 -0.00690953 0.0135467 -0.0272574 0.0312548 -0.0304093
internal_weight=89.878 68.5704 21.3076 4.59661 8.66861 59.9018 5.42846 50.2718
internal_count=1181 484 697 155 93 391 70 341
is_linear=0
shrinkage=0.05


Tree=155
num_leaves=12
num_cat=0
split_feature=63 43 43 78 43 73 68 50 7 30 77
split_gain=7.70182 3.58333 8.51457 5.62501 5.69236 5.5026 6.70975 3.46512 4.52087 3.2587 2.69047
threshold=411.2000000000001 0.14856130903920714 0.2705828774231413 0.032987409852683093 0.09184360528822276 0.5450180744154941 95.77500000000002 0.21810028405282569 0.2901831150870175 258.87500000000006 0.96399204150442086
decision_type=2 2 2 2 2 2 2 2 2 2 2
left_child=9 3 7 10 -5 6 -4 8 -3 -1 -2
right_child=1 2 5 4 -6 -7 -8 -9 -10 -11 -12
leaf_value=-0.035795590290661129 0.011449309608212076 -0.0046432772446297231 0.00092621284337225716 -0.01665158220636891 0.015335382131867293 -0.014084338455815325 0.03559066699341891 -0.00057675845670423489 -0.042737912624154807 0.03930187340942342 0.036724701734048765
leaf_weight=16.340866480953995 23.592568181455135 13.332531406544147 31.225891590118408 26.240401385352015 27.41971841827035 19.0756596326828 24.327011868357658 18.808405742049217 18.684751313179731 0.76318013668060203 20.203856602311134
leaf_count=796 35 31 53 49 47 30 44 31 32 1 32
internal_value=0.000914116 0.00344667 -0.00214116 0.0105885 -0.000325073 0.00857481 0.0164669 -0.0177375 -0.0274958 -0.030459 0.0236687
internal_weight=240.015 222.911 125.454 97.4565 53.6601 74.6286 55.5529 50.8257 32.0173 17.104 43.7964
internal_count=1181 384 221 163 96 127 97 94 63 797 67
is_linear=0
shrinkage=0.05


Tree=156
num_leaves=12
num_cat=0
split_feature=39 78 31 76 21 68 1 26 63 76 7
split_gain=5.82879 7.30169 5.83575 5.74679 4.82778 4.37925 3.7867 3.35205 1.89968 1.83431 3.78248
threshold=1.5823475734856303 0.015321777527612391 3.5375000000000005 0.069091531876462289 0.87318910882537526 42.267499999999991 0.26090029193138548 179.69250000000002 584.37500000000011 0.088294174884628165 0.39013085380043072
decision_type=2 2 2 2 2 2 2 2 2 2 2
left_child=1 3 7 5 6 -1 -4 -3 -6 -5 -11
right_child=-2 2 4 9 8 -7 -8 -9 -10 10 -12
leaf_value=0.021472192940434974 0.035118175261278507 -0.043256039980723457 0.02801888644766963 -0.04046546332957672 -0.031255021554710619 -0.012659270031687776 0.0068134743247025764 -0.0031535604739645188 0.023380143545002514 -0.035613085617467177 -0.0016757915354645649
leaf_weight=14.886730919592081 10.445058852434157 7.6830713395029333 25.915805287659168 13.337929161265491 8.7965155802667123 22.01764059998095 101.88192334398627 13.465396272949873 1.1441934406757344 14.577283522114156 17.580821035429835
leaf_count=30 16 167 75 24 410 53 298 24 2 30 33
internal_value=0.000251036 -0.00139704 0.00486508 -0.0133854 0.00864271 0.00131216 0.0112978 -0.0190177 -0.0234042 -0.0250792 -0.0176697
internal_weight=251.732 241.287 158.887 82.4004 137.738 36.9044 127.798 21.1485 9.94071 45.496 32.1581
internal_count=1162 1146 976 170 785 83 373 191 412 87 63
is_linear=0
shrinkage=0.05


Tree=157
num_leaves=11
num_cat=0
split_feature=71 18 17 28 47 1 78 18 71 62
split_gain=15.3263 5.65103 5.13474 2.52914 1.41339 1.29784 0.667011 0.538116 0.315618 0.187471
threshold=12.366217055776866 -9.5054062025664202e-05 0.4577744765415121 61.375000000000021 0.28130459248839085 0.42136762805086225 0.1439494715841482 -2.2548042514626631e-05 3.2093966747564995 239.03
decision_type=2 2 2 2 2 2 2 2 2 2
left_child=1 2 5 4 -4 -1 -5 8 -3 -2
right_child=9 7 3 6 -6 -7 -8 -9 -10 -11
leaf_value=0.008678528615520615 0.035319070143728898 -0.022699332950367138 -0.0021412885787226595 0.030880725460226507 -0.039857635782523659 0.053770578600366374 -0.0044886226833277627 -0.031554420790346524 -0.0042705539262050977 0.0036777255362507276
leaf_weight=3.218209637328985 15.102270159870383 5.6948694512248021 3.9393575545400363 2.1064343228936186 6.3217019587755203 3.4078569449484348 1.9452148992568252 36.923072071745992 4.416638121008873 0.73698309436440546
leaf_count=28 601 40 49 45 27 32 19 274 29 18
internal_value=-0.00875706 -0.0191061 0.00245809 -0.0143471 -0.0268538 0.0358797 0.0163727 -0.0285574 -0.0157585 0.0341527
internal_weight=83.8126 67.9734 20.9388 14.3127 10.2611 6.62607 4.05165 47.0346 10.1115 15.8393
internal_count=1162 543 200 140 76 60 64 343 69 619
is_linear=0
shrinkage=0.05


Tree=158
num_leaves=13
num_cat=0
split_feature=78 4 25 22 73 55 54 24 32 40 71 29
split_gain=9.24654 6.75468 7.94436 4.81555 4.55954 4.5336 3.97338 3.88864 3.88089 4.38758 3.16751 2.39294
threshold=0.015321777527612391 0.26112283196694708 26.437500000000004 0.031283250001663113 0.40201067699076198 9.3509291103057599e-06 6.8499099582508021e-05 140.30000000000004 31.670000000000005 0.45265529992229975 2.7584587802233025 542.55750000000012
decision_type=2 2 2 2 2 2 2 2 2 2 2 2
left_child=4 3 5 -2 7 -3 -7 10 -4 -10 -1 -5
right_child=1 2 8 11 -6 6 -8 -9 9 -11 -12 -13
leaf_value=-0.0069894532529259619 0.03995323172229303 0.035227962770114744 0.01869044874644802 -0.032607241792111684 -0.0044401192310283511 -0.036103725273176283 0.003464030358385758 0.033459201554551198 -0.025516134667761321 0.0024120283220202526 0.023870725613617957 0.022659462938231692
leaf_weight=15.512912485748531 12.308740809559824 2.0841657361015669 20.499366391450167 3.9332762481644741 20.982382580637932 35.190662364475429 7.4927617348730555 34.576708436012268 18.77893113810569 48.155394207686186 16.084605956450105 2.3567461669445038
leaf_count=26 24 6 31 92 38 662 16 53 75 78 57 4
internal_value=0.00284262 -0.00465023 -0.00865483 0.0228039 0.0157126 -0.0255323 -0.0292376 0.0220736 0.000177705 -0.00568369 0.00897018 -0.0116321
internal_weight=237.957 150.8 132.201 18.5988 87.1566 44.7676 42.6834 66.1742 87.4337 66.9343 31.5975 6.29002
internal_count=1162 988 868 120 174 684 678 136 184 153 83 96
is_linear=0
shrinkage=0.05


Tree=159
num_leaves=12
num_cat=0
split_feature=43 1 4 55 55 17 39 37 4 58 75
split_gain=4.88938 4.81892 6.08107 5.27949 7.242 7.26412 5.26714 4.44306 3.96388 3.90745 2.94586
threshold=0.72362451157039254 0.37710070843776206 0.12537358344375252 7.361635090731706e-05 0.00013047854581659524 0.7723371694002189 0.64670713849837858 0.57386337964405676 1.0756677704195394 0.010214821757849624 0.81910655239853225
decision_type=2 2 2 2 2 2 2 2 2 2 2
left_child=1 2 -1 8 6 -6 -5 9 10 -4 -3
right_child=-2 3 7 4 5 -7 -8 -9 -10 -11 -12
leaf_value=-0.030535785124632422 0.029365946214469321 -0.0084049770829520264 0.033669091222893563 0.022650697010068839 -0.034722580775668463 0.003381712537280878 -0.012518936572072715 0.044728718653992548 0.0013349173380961478 0.0031316576650743445 -0.039247733161478039
leaf_weight=8.090941076166926 13.404686972498892 12.751198957674204 11.664023637771605 38.838322122581303 20.869765991345048 28.846449612639844 13.79369282722473 8.600055128335951 16.263172638602555 62.162611315492541 21.719303302466869
leaf_count=38 23 25 17 99 283 207 22 14 31 380 55
internal_value=0.00106007 -0.000611219 0.00847912 -0.0060065 0.000568194 -0.0129829 0.0133719 0.0126289 -0.0190246 0.00834181 -0.0283971
internal_weight=257.004 243.6 90.5176 153.082 102.348 49.7162 52.632 82.4267 50.7337 73.8266 34.4705
internal_count=1194 1171 449 722 611 490 121 411 111 397 80
is_linear=0
shrinkage=0.05


Tree=160
num_leaves=8
num_cat=0
split_feature=35 11 18 37 45 33 57
split_gain=15.9255 3.32463 3.42508 3.13583 2.48153 0.606622 0.495838
threshold=4.2086602099187056 0.012190143152504563 -0.00058808487666645872 0.02421193039624377 0.14254333985803094 2.8034281503985636 0.35985825543818734
decision_type=2 2 2 2 2 2 2
left_child=5 3 -3 -2 -4 -1 -5
right_child=1 2 4 6 -6 -7 -8
leaf_value=-0.031334895464770994 -0.026708105888297713 0.031068841807147952 -0.027117127794655305 0.001876079407840425 0.00873890120857518 -0.011948292020766813 0.038109927488569742
leaf_weight=37.763056669384241 1.531517900526526 5.9757887376472381 8.9752472750842589 1.1154022403061414 8.6288069412112218 6.3845617473125449 15.290367110632358
leaf_count=288 20 210 29 8 51 46 542
internal_value=-0.0082538 0.0138193 0.00123576 0.0294224 -0.0100169 -0.028858 0.0358958
internal_weight=85.6647 41.5171 23.5798 17.9373 17.6041 44.1476 16.4058
internal_count=1194 860 290 570 80 334 550
is_linear=0
shrinkage=0.05


Tree=161
num_leaves=8
num_cat=0
split_feature=54 3 66 43 58 55 18
split_gain=7.64473 4.44141 6.34255 6.20503 5.01738 7.86931 3.20082
threshold=-0.00010460736410723659 -1.5645781453271692 19.962500000000006 0.61482822757258848 0.017292851863337098 7.5779702479106088e-05 9.9441511012916059e-07
decision_type=2 2 2 2 2 2 2
left_child=6 2 -2 4 -3 -6 -1
right_child=1 3 -4 -5 5 -7 -8
leaf_value=-0.034150171442556533 0.0079792080403185469 -0.0084974002320330859 -0.024978023382206331 -0.015808881965577042 0.031340239016647876 0.0052159963705656291 0.0054234770706194646
leaf_weight=18.312694475054744 31.493310824036598 22.181719124317169 25.653447676450014 20.737348586320877 52.238345056772232 63.929016940295696 6.6107433140277854
leaf_count=832 57 32 51 32 81 97 12
internal_value=0.00182448 0.00487985 -0.00699058 0.00916095 0.0129903 0.0171308 -0.0238493
internal_weight=241.157 216.233 57.1468 159.086 138.349 116.167 24.9234
internal_count=1194 350 108 242 210 178 844
is_linear=0
shrinkage=0.05


Tree=162
num_leaves=11
num_cat=0
split_feature=19 19 16 24 10 52 21 36 46 7
split_gain=6.23516 4.03054 3.80739 6.51751 6.44922 4.93756 4.65091 5.53259 2.6791 2.13512
threshold=8.6886209816470924e-06 2.2267135640132371e-05 0.040791315182868278 137.16250000000005 0.0005593652830558827 0.025099735806211974 0.30049828314008992 0.49978461945517777 0.046698367174402969 0.26433193457030763
decision_type=2 2 2 2 2 2 2 2 2 2
left_child=-1 9 3 5 -5 -3 8 -8 -4 -2
right_child=1 2 6 4 -6 -7 7 -9 -10 -11
leaf_value=0.03872807063599211 -0.026711761778210524 -0.036397077663788628 -0.032155683657955694 0.0061138763056961852 0.04029241868940809 0.004156788676515262 -0.0089762463549704786 0.020037293174076848 -0.0056611465049127676 -0.0040994864938933943
leaf_weight=9.7888680435717088 17.693475073203444 8.7625615014694613 16.19574061781168 32.724652022123337 23.429046243429184 31.777837039902806 34.720459490548819 29.507245590910316 22.639232873916626 24.640078172087669
leaf_count=17 33 46 28 50 36 268 553 50 37 43
internal_value=0.00153703 -0.000119915 0.00286564 0.00994344 0.0208297 -0.00527386 -0.00380654 0.00445588 -0.0172403 -0.0139487
internal_weight=251.879 242.09 199.757 96.6941 56.1537 40.5404 103.063 64.2277 38.835 42.3336
internal_count=1161 1144 1068 400 86 314 668 603 65 76
is_linear=0
shrinkage=0.05


Tree=163
num_leaves=10
num_cat=0
split_feature=71 54 27 0 6 77 20 36 35
split_gain=12.3323 4.52494 3.58144 3.98672 2.43768 2.24146 0.278851 0.186737 0.141204
threshold=12.366217055776866 -7.4440331616557347e-05 95.08750000000002 -1.8548572178571916 -4.8732605650485459 0.92423428988519951 3.1792610642664008e-05 -0.21773573019164003 3.008972971132609
decision_type=2 2 2 2 2 2 2 2 2
left_child=1 2 -1 -4 -2 -5 8 -6 -3
right_child=4 6 3 5 7 -7 -8 -9 -10
leaf_value=-0.039251173741924751 -0.029300897378105685 -0.024537113587952325 0.039274717383662922 0.017093854405119072 0.0028859731686116108 -0.01927304240941605 -0.033548896375179049 0.034943586531964187 -0.0086373138790631805
leaf_weight=4.8416504506021765 0.9422636404633512 4.5944923758506757 5.1339254491031197 5.4503280669450787 0.66401793714612445 11.687434777617453 31.302009992301464 13.589253948070109 4.0574748236685991
leaf_count=23 4 33 120 35 24 68 243 580 31
internal_value=-0.0111647 -0.0203813 -0.00436262 0.00458255 0.0282604 -0.00740248 -0.0308798 0.0337372 -0.0187481
internal_weight=82.2629 67.0673 27.1133 22.2717 15.1955 17.1378 39.954 14.2533 8.65197
internal_count=1161 553 246 223 608 103 307 604 64
is_linear=0
shrinkage=0.05


Tree=164
num_leaves=11
num_cat=0
split_feature=54 16 22 40 20 22 72 12 25 65
split_gain=7.92971 4.30302 8.93833 5.68921 4.73166 4.3803 5.69221 3.87368 2.98202 2.05147
threshold=-9.541748736641266e-05 0.041090750651989284 0.032394782312386759 0.22702328710342076 5.53182618736444e-05 0.11356988896519581 0.62838802354641266 0.00073258474883269701 52.537500000000009 593.24500000000012
decision_type=2 2 2 2 2 2 2 2 2 2
left_child=8 2 3 -2 -4 -3 -7 -5 9 -1
right_child=1 5 4 7 -6 6 -8 -9 -10 -11
leaf_value=-0.03600266168896208 -0.012332785532524619 0.0285674805430365 0.0022409094153627552 0.0045472826723826614 -0.027620305194664935 0.023838555239618881 -0.0087433948406236469 0.031684027212914356 0.014509885952762626 0.0048614105620530335
leaf_weight=19.062109112273909 18.315930370241404 31.777105579152703 22.045560117810965 24.5007204413414 31.786180727183819 22.339434385299683 30.630556132644415 28.391385301947594 3.8763511460274449 3.3658902049064627
leaf_count=806 29 56 38 35 48 34 47 45 17 6
internal_value=0.00228151 0.00555649 -0.000356587 0.0112034 -0.0155735 0.0141833 0.00518473 0.0194314 -0.0230846 -0.0299242
internal_weight=236.091 209.787 125.04 71.208 53.8317 84.7471 52.97 52.8921 26.3044 22.428
internal_count=1161 332 195 109 86 137 81 80 829 812
is_linear=0
shrinkage=0.05


Tree=165
num_leaves=6
num_cat=0
split_feature=2 34 19 19 25
split_gain=5.00872 3.54297 6.74777 5.29163 4.79341
threshold=-1.2790177720930338 0.095311289280988878 1.0696676686670774e-05 2.2267135640132371e-05 27.262499999999999
decision_type=2 2 2 2 2
left_child=-1 -2 -3 -4 -5
right_child=1 2 3 4 -6
leaf_value=-0.034013308305339017 -0.015657367574001095 0.037710653884915527 -0.018110225518271943 0.015789990275609265 -0.0016953565276356661
leaf_weight=9.5060788947157544 26.425329104065895 12.454924777150152 29.391504630446434 59.869304246269166 109.6075338255614
leaf_count=593 44 20 54 278 203
internal_value=-0.000226185 0.00126156 0.003441 0.00111678 0.0045379
internal_weight=247.255 237.749 211.323 198.868 169.477
internal_count=1192 599 555 535 481
is_linear=0
shrinkage=0.05


Tree=166
num_leaves=11
num_cat=0
split_feature=35 8 57 15 47 77 0 50 42 0
split_gain=14.6417 4.15821 3.2363 1.87043 1.07284 0.772038 0.634505 0.548854 0.460312 0.0170738
threshold=4.2086602099187056 -1.5551320108757014 0.96230246809532638 0.39315220087270025 0.41485844534290423 0.99658039819522082 -1.7924034901355566 0.24557674436061913 -0.16107122752881192 -0.026268417244876618
decision_type=2 2 2 2 2 2 2 2 2 2
left_child=6 4 3 -3 5 7 -1 -2 -4 -8
right_child=1 2 8 -5 -6 -7 9 -9 -10 -11
leaf_value=-0.0069779358252713992 0.038856079890277027 0.0013482323777466319 -0.00030554030049606036 -0.034450203431712532 -0.0074776139806298483 -0.0066995848259223945 -0.032145422492549168 0.0046663721099618766 0.034828576112117586 -0.020686387385321206
leaf_weight=3.9424895942211142 14.91436472814531 7.8535080160945672 1.1250887792557485 5.7005236148834229 1.3707262407988299 0.82044890243559976 29.134698752313852 1.5853933738544572 3.9917739098891598 8.28837703168392
leaf_count=25 569 46 22 30 15 15 234 22 142 72
internal_value=-0.00803368 0.0144628 -0.00232276 -0.0150404 0.0304968 0.0337462 -0.0282145 0.0360253 0.0283163 -0.0302119
internal_weight=78.7274 37.3618 18.6709 13.554 18.6909 17.3202 41.3656 16.4998 5.11686 37.4231
internal_count=1192 861 240 76 621 606 331 591 164 306
is_linear=0
shrinkage=0.05


Tree=167
num_leaves=12
num_cat=0
split_feature=27 18 26 33 58 24 28 24 30 5 17
split_gain=8.48018 3.75454 4.57935 5.07504 7.32714 4.38527 6.27911 5.84743 2.13506 1.62483 1.35595
threshold=450.10000000000008 -4.3343344191201836e-06 193.65500000000003 2.6100765212976493 0.11900793129902483 170.55000000000004 15.91250000000001 142.83750000000001 211.31250000000003 3.8970966400550995 0.20805782594432021
decision_type=2 2 2 2 2 2 2 2 2 2 2
left_child=8 5 -3 4 -4 6 -2 -8 9 10 -1
right_child=1 2 3 -5 -6 -7 7 -9 -10 -11 -12
leaf_value=0.010213618579572321 -0.026099930040563692 0.026050373677219109 0.030098164226255709 -0.016292365461482248 -0.0056321135340378636 0.020330568104899055 0.018222298734611196 -0.014404775564613668 0.025862629292185715 0.021879237533359686 -0.037092462037554966
leaf_weight=1.2344691604375935 25.725951675325632 38.15977780520916 28.150844752788544 19.834256380796432 27.732761859893799 18.149059802293777 29.381274516694248 24.097721012309194 1.0738961994647969 0.74623531103134055 17.820882807951421
leaf_count=3 46 58 44 30 42 32 67 39 2 1 828
internal_value=0.00298856 0.00603163 0.0121542 0.00490266 0.0125794 -0.00118088 -0.00630205 0.00352594 -0.0266713 -0.0306267 -0.0336714
internal_weight=232.107 211.232 113.878 75.7179 55.8836 97.354 79.2049 53.479 20.8755 19.8016 19.0554
internal_count=1192 358 174 116 86 184 152 106 834 832 831
is_linear=0
shrinkage=0.05


Tree=168
num_leaves=12
num_cat=0
split_feature=13 12 60 1 62 63 64 70 64 59 49
split_gain=4.69351 4.68039 7.16126 4.28757 4.70098 3.29227 4.24648 3.38151 2.49307 2.46083 1.75481
threshold=0.092647432977771088 0.031539027342035515 297.77500000000003 0.26090029193138548 290.56500000000011 579.2750000000002 16.100000000000055 0.22700344291134153 4.8125000000000346 1.2733614776069582 0.10736814321742764
decision_type=2 2 2 2 2 2 2 2 2 2 2
left_child=1 2 3 8 -5 6 7 -3 -1 -8 -2
right_child=10 5 -4 4 -6 -7 9 -9 -10 -11 -12
leaf_value=0.0017979551836368127 -0.035703613376229779 0.017273085998005609 -0.027883169734292879 -0.017842927369792205 0.0039441357588021701 0.04940705893196809 0.033286809621324069 -0.036416074239108892 0.027695616611107834 0.00080809055070789619 0.017940381750498557
leaf_weight=15.604880779981611 9.9519920283928496 4.2235497189685685 20.274237543344498 31.856677582487464 99.529775951057673 6.0085166096687308 16.060423038899902 6.0613387976773083 22.522805109620094 8.9384002392180246 1.1494327057152975
leaf_count=25 452 16 38 75 160 9 98 154 40 104 4
internal_value=0.00123853 0.00281649 -0.000532611 0.00288291 -0.00143335 0.0178583 0.0112722 -0.0147914 0.0174131 0.0221517 -0.0291258
internal_weight=242.182 231.081 189.788 169.514 131.386 41.2922 35.2837 10.2849 38.1277 24.9988 11.1014
internal_count=1175 719 338 300 235 381 372 170 65 202 456
is_linear=0
shrinkage=0.05


Tree=169
num_leaves=10
num_cat=0
split_feature=35 71 27 8 9 78 73 71 42
split_gain=11.981 3.76838 3.2663 3.52316 2.39544 1.83712 0.590188 2.33704 0.08948
threshold=4.2086602099187056 12.366217055776866 95.08750000000002 -2.3863402417943207 7.5414138919692818e-06 0.141704779371053 0.14292306174304856 2.6589251747528935 -0.41955536962822809
decision_type=2 2 2 2 2 2 2 2 2
left_child=6 2 -2 8 -3 -5 7 -1 -4
right_child=1 4 3 5 -6 -7 -8 -9 -10
leaf_value=-0.03167554573807646 -0.034952242814454464 -0.027307277061708064 0.044458774751734605 0.012271968341564205 0.035162914711507419 -0.021900892971550123 -0.033373149857992397 0.0088796406743930911 0.01288885605409118
leaf_weight=9.2407989874482137 4.8055649101734188 0.97961939685046573 3.7091976534575259 6.6284356843680108 13.670977083966134 7.2357737421989441 25.028413124382496 4.8841209486126891 1.3556462377309806
leaf_count=67 25 6 65 65 619 35 210 43 40
internal_value=-0.00928096 0.0104575 -0.00201926 0.00767582 0.0295079 -0.00583649 -0.0284107 -0.0179924 0.0395273
internal_weight=77.5385 38.3852 23.7346 18.9291 14.6506 13.8642 39.1533 14.1249 5.06484
internal_count=1175 855 230 205 625 100 320 110 105
is_linear=0
shrinkage=0.05


Tree=170
num_leaves=12
num_cat=0
split_feature=54 48 45 49 13 5 40 56 44 36 7
split_gain=6.59035 6.16503 5.9001 4.71519 4.97028 5.44821 4.50147 4.47543 3.01279 3.01103 1.51872
threshold=-5.627093411573891e-05 0.0060642516408936165 0.1433235826079203 0.013588325686576769 0.00034802576042585576 1.1267526430469632 0.53844803395340113 0.00064005023192068098 1.5988646055176057 0.73361086005553766 1.5906179949300328
decision_type=2 2 2 2 2 2 2 2 2 2 2
left_child=1 -1 6 4 -4 -6 -2 8 10 -5 -3
right_child=2 7 3 9 5 -7 -8 -9 -10 -11 -12
leaf_value=0.031912733740379548 0.0062998326544625302 -0.032374063685473541 -0.011305873340895355 0.0013694387308496011 0.0049529425767629101 0.035332054923612376 0.03875611762630074 0.034643912259868556 0.021865440918884361 -0.024828083928385848 0.012955733731114466
leaf_weight=5.2148804850876322 22.537844303995371 33.302496988791972 25.653358027338982 20.513961367309093 50.03760670311749 20.182831108570099 20.144773989915848 2.4035292780026785 2.3127714879810801 22.327987998723984 1.4412940819747735
leaf_count=13 37 818 38 33 81 31 34 27 11 35 17
internal_value=0.00188364 -0.0151112 0.00612904 0.0010747 0.00722466 0.014058 0.0221547 -0.0219608 -0.0264461 -0.0125388 -0.0301838
internal_weight=226.073 44.675 181.398 138.716 95.8738 70.2204 42.6826 39.4601 37.0566 42.8419 34.7438
internal_count=1175 886 289 218 150 112 71 873 846 68 835
is_linear=0
shrinkage=0.05


Tree=171
num_leaves=8
num_cat=0
split_feature=39 39 14 32 32 47 42
split_gain=7.30694 5.21372 4.91337 3.72421 3.5124 3.11761 1.70895
threshold=1.5823475734856303 1.144286372269016 0.49248314093419421 25.117500000000003 119.63500000000002 0.69227081699357373 0.75940783772051645
decision_type=2 2 2 2 2 2 2
left_child=1 2 3 -1 -5 6 -4
right_child=-2 -3 5 4 -6 -7 -8
leaf_value=-0.015177711347690321 0.041852543530405684 -0.026393678884348366 -0.034868816521030514 0.010220465509227524 -0.010302624255398067 0.031613821773437793 0.022514318587388144
leaf_weight=19.120462250895798 10.547527223825453 15.071147441864012 13.377382911276069 156.73929351940751 23.200752465985715 1.503334343433379 0.75349438190460283
leaf_count=42 15 27 616 388 88 2 1
internal_value=0.00304114 0.00108584 0.00312827 0.00528568 0.00753199 -0.023007 -0.0305233
internal_weight=240.313 229.766 214.695 199.061 179.94 15.6342 14.1309
internal_count=1179 1164 1137 518 476 619 617
is_linear=0
shrinkage=0.05


Tree=172
num_leaves=12
num_cat=0
split_feature=54 61 4 74 67 54 28 73 17 26 64
split_gain=11.7719 2.76044 2.0636 3.00024 1.87109 1.38868 0.995511 0.358112 0.34583 0.189757 0.12327
threshold=-0.00031873595034308944 11.975000000000001 0.20494329711654738 1.413407736501991 28.850000000000005 -0.00071468725161211134 66.225000000000009 0.14292306174304856 0.46256449708571123 223.87249999999997 25.300000000000001
decision_type=2 2 2 2 2 2 2 2 2 2 2
left_child=2 -2 4 9 -1 10 7 8 -3 -4 -5
right_child=1 6 3 5 -6 -7 -8 -9 -10 -11 -12
leaf_value=0.019878744477312187 0.011217348684551876 -0.012214054976994735 0.036278879524976451 0.0024137901028807771 -0.043816159767285541 -0.023127788469847227 -0.0020481058785145664 -0.033621278235918726 -0.030105012131494458 0.0035584292551396023 0.026440060070243049
leaf_weight=1.3072462426498561 4.6060707569122306 9.121406074613331 14.350278225727379 0.98698086664080653 1.5431123841553924 3.5463582556694737 3.7300619632005683 26.900913186371326 5.3969449698925009 0.69375982042402107 1.2592129120603202
leaf_count=58 39 75 626 30 9 25 25 213 37 9 33
internal_value=-0.0099988 -0.0236639 0.0185011 0.0239186 -0.0170281 -0.00597969 -0.0273884 -0.0295684 -0.0203761 0.0350858 0.0198786
internal_weight=73.4423 49.7554 23.6869 20.8366 2.85036 5.79255 45.1493 41.4193 14.5184 15.044 2.24619
internal_count=1179 389 790 723 67 88 350 325 112 635 63
is_linear=0
shrinkage=0.05


Tree=173
num_leaves=9
num_cat=0
split_feature=54 67 28 50 35 55 9 65
split_gain=7.16466 4.26485 5.15764 4.78671 4.87321 3.16546 2.74895 2.01293
threshold=-0.00010460736410723659 9.7250000000000014 29.0625 0.21810028405282569 3.2082939394947565 6.284333705667987e-05 0.0012654408599725537 596.51750000000004
decision_type=2 2 2 2 2 2 2 2
left_child=7 3 6 4 5 -2 -3 -1
right_child=1 2 -4 -5 -6 -7 -8 -9
leaf_value=-0.034224996523972595 0.0085028541037852814 -0.010782920512937581 0.025899849379166607 0.015647023087399885 -0.028415824613689564 -0.011554746445266474 0.012351545344322708 0.025848834448195752
leaf_weight=16.299294346012179 36.174789786338806 24.552606867626309 34.33787064999342 25.674883276224136 21.974495507776737 40.826979890465736 24.816913232207298 0.80303579568862815
leaf_count=840 55 42 57 40 42 61 41 1
internal_value=4.62137e-05 0.00265538 0.0113165 -0.00320463 -0.00820242 -0.00214365 0.000860581 -0.0301321
internal_weight=225.461 208.359 83.7074 124.651 98.9763 77.0018 49.3695 17.1023
internal_count=1179 338 140 198 158 116 83 841
is_linear=0
shrinkage=0.05


Tree=174
num_leaves=10
num_cat=0
split_feature=50 52 50 59 19 30 34 17 58
split_gain=6.38782 4.22571 4.92959 3.81433 4.42109 3.75279 2.60218 2.37583 1.51908
threshold=0.47932241538525105 0.18550021264547531 0.32113262041364193 1.3489998948411726 6.6678929273236812e-05 33.13750000000001 0.14158083885842279 0.77314137186022192 0.56359158955746869
decision_type=2 2 2 2 2 2 2 2 2
left_child=1 2 3 4 -1 7 -5 -3 -9
right_child=-2 5 -4 6 -6 -7 -8 8 -10
leaf_value=-0.00099230484603882781 0.04739141466305908 -0.0017436357306674843 0.03446037407730234 0.027107031935646304 0.017971224299999883 0.014621607046540509 -0.029718601987592422 -0.041881846726450345 -0.009428583747260558
leaf_weight=130.71471735741943 6.4738346161320797 8.8635467872954923 10.940640680957584 1.5512309558689583 39.145714107900858 7.5646876296959809 13.083118606358765 13.305245989002289 5.7641043374314895
leaf_count=244 15 23 19 4 301 31 444 81 13
internal_value=0.00189672 0.000422519 0.00332359 0.00130134 0.0034576 -0.0152031 -0.0223466 -0.0235063 -0.0330308
internal_weight=237.407 230.933 195.435 184.495 169.86 35.4976 14.6343 27.9329 19.0694
internal_count=1175 1160 1012 993 545 148 448 117 94
is_linear=0
shrinkage=0.05


Tree=175
num_leaves=10
num_cat=0
split_feature=18 4 29 6 66 4 55 43 20
split_gain=10.9875 2.26379 2.57573 1.91329 1.86832 1.54431 1.23592 0.464173 0.0296238
threshold=-0.0001042995878363205 0.21483780934080413 563.63250000000005 -4.8732605650485459 5.6500000000000012 0.19879315673419781 0.00024162828366808712 0.069996587986038791 3.1792610642664008e-05
decision_type=2 2 2 2 2 2 2 2 2
left_child=1 5 3 -3 -5 -1 7 -2 -9
right_child=6 2 -4 4 -6 -7 -8 8 -10
leaf_value=0.01298452421852983 -0.010890765480249172 -0.026378537442824493 -0.020378439563718258 -0.014916437656507055 0.032175652984257799 -0.037980208968347536 0.0015128780456619478 -0.020287691976367647 -0.032383036217287435
leaf_weight=1.9482880309224153 5.0621269457042208 0.97248608246446266 2.8817202486097804 1.7586540179327155 20.443198475986719 2.4056310951709747 3.7873394712805739 7.7561373822391024 25.398639749735594
leaf_count=58 42 5 15 35 704 11 26 58 221
internal_value=-0.00905394 0.0135817 0.019133 0.024686 0.0279633 -0.0170089 -0.0253763 -0.0280117 -0.0302303
internal_weight=72.4142 30.41 26.0561 23.1743 22.2019 4.35392 42.0042 38.2169 33.1548
internal_count=1175 828 759 744 739 69 347 321 279
is_linear=0
shrinkage=0.05


Tree=176
num_leaves=12
num_cat=0
split_feature=50 54 5 29 52 34 24 32 69 49 77
split_gain=6.23571 5.98141 7.55539 6.36865 5.67104 4.42096 6.5471 4.75115 2.84993 1.60101 1.37155
threshold=0.47932241538525105 -3.8988035732090159e-05 0.17835580567281276 555.81250000000011 0.18649731457367869 0.21442361565491322 142.83750000000001 42.965000000000011 1.83442023377688 0.00069671972985763878 0.97702625151655953
decision_type=2 2 2 2 2 2 2 2 2 2 2
left_child=1 2 8 10 5 7 -7 -3 -1 -10 -4
right_child=-2 4 3 -5 -6 6 -8 -9 9 -11 -12
leaf_value=0.027267380641870165 -0.044568280052711927 -0.0018831707898231442 -0.036775900534849519 0.028190566576707512 0.027774293341726194 0.006299506870415238 -0.02733022055761003 0.022396871496551635 0.016566774463843598 -0.036144336422062835 0.00012718335304337912
leaf_weight=1.3387649059295679 6.2803795132786027 39.047322943806648 5.4071658370085078 14.489979924634097 26.711145276203752 34.887703413143754 23.388104885816574 40.315604150295258 0.97206384036690252 25.014923094771802 4.1364903738722205
leaf_count=2 15 59 55 28 46 63 34 60 13 760 40
internal_value=0.000952942 0.00247784 -0.0122644 0.00805697 0.00713109 0.00295348 -0.00743064 0.0105761 -0.0297909 -0.0336318 -0.022286
internal_weight=221.99 215.709 51.3594 24.0336 164.35 137.639 58.2758 79.3629 27.3258 25.987 9.54366
internal_count=1175 1160 898 123 262 216 97 119 775 773 95
is_linear=0
shrinkage=0.05


Tree=177
num_leaves=7
num_cat=0
split_feature=50 40 35 32 50 34
split_gain=6.07593 4.15378 3.81044 5.69895 3.76816 2.67121
threshold=0.47932241538525105 0.98910762385330653 2.5659495678250512 25.995000000000008 0.01108713499316093 0.16686825658813478
decision_type=2 2 2 2 2 2
left_child=1 2 -1 5 -5 -4
right_child=-2 -3 3 4 -6 -7
leaf_value=0.025037983404856631 0.045135922615398005 0.021783227103459923 -0.0059565152586918031 0.020873548662744684 -0.003699309992744656 -0.043882731448116746
leaf_weight=10.758700579404829 6.4308057678863397 17.818563252687454 7.9836803078651455 16.129764690995216 174.31280068261549 11.419961330946533
leaf_count=17 14 31 13 25 961 133
internal_value=0.000611048 -0.000773389 -0.00268539 -0.00421877 -0.00151992 -0.0293346
internal_weight=244.854 238.423 220.605 209.846 190.443 19.4036
internal_count=1194 1180 1149 1132 986 146
is_linear=0
shrinkage=0.05


Tree=178
num_leaves=11
num_cat=0
split_feature=71 28 61 73 71 1 78 15 28 41
split_gain=11.4457 4.5921 2.93201 1.56181 2.23969 1.47779 0.740518 0.362996 0.229892 0.200816
threshold=12.366217055776866 54.54999999999999 32.375000000000007 0.11501296362678977 2.5080466879934478 0.38377375942369063 0.15885423564917769 0.43390604597623489 12.050000000000008 -0.057707626958401974
decision_type=2 2 2 2 2 2 2 2 2 2
left_child=1 3 6 4 -1 -6 -3 8 -5 -2
right_child=9 2 -4 7 5 -7 -8 -9 -10 -11
leaf_value=-0.030047550775153406 0.00083509233521957037 0.042931349883290677 -0.015276445814763279 -0.01707854944940693 -0.012611932899661178 0.026297346147319933 0.0039380213815045422 -0.013942783608478341 -0.034969287818506979 0.034708015281060128
leaf_weight=6.1192991584539396 0.50509605649858613 3.8510627988725883 5.2829194292426109 5.2029155604541328 3.8983783554285765 4.0107779772952199 1.9170521311461923 5.2700918950140467 24.551419507712126 11.591628154739736
leaf_count=48 19 68 53 50 35 41 19 50 199 612
internal_value=-0.00913575 -0.0181172 0.0102704 -0.02459 -0.00957686 0.0078562 0.0324684 -0.0301705 -0.0324979 0.0334654
internal_weight=72.2006 60.1039 11.051 49.0529 14.0285 7.90916 5.76811 35.0244 29.7543 12.0967
internal_count=1194 563 140 423 124 76 87 299 249 631
is_linear=0
shrinkage=0.05


Tree=179
num_leaves=9
num_cat=0
split_feature=50 18 78 35 42 42 38 60
split_gain=5.93861 5.61122 3.00627 6.01722 5.0084 4.38924 5.44976 3.28548
threshold=0.47932241538525105 -0.00019654923294621838 0.024704315892141098 2.7381195164964303 -0.55237033266342783 -0.46117745884865147 1.904268979194345 184.00000000000003
decision_type=2 2 2 2 2 2 2 2
left_child=1 -1 3 -3 -5 6 -4 -7
right_child=-2 2 5 4 -6 7 -8 -9
leaf_value=-0.032671603602768516 -0.042431053133154137 -0.013631546713214693 0.0031063078500277634 0.033201424679228202 0.0074442088583086576 -0.0002619860632512652 -0.024077758576047881 0.028256763508837823
leaf_weight=9.162843444850294 6.2125835046172133 18.119163870811462 49.609672822058201 30.74014738202095 48.508543720468879 21.136572016403079 28.160956483334303 18.30732461810112
leaf_count=807 14 29 91 51 79 47 49 27
internal_value=0.00224506 0.00366883 0.00536495 0.0118102 0.0177245 -4.36343e-05 -0.00691782 0.013346
internal_weight=229.958 223.745 214.582 97.3679 79.2487 117.215 77.7706 39.4439
internal_count=1194 1180 373 159 130 214 140 74
is_linear=0
shrinkage=0.05


Tree=180
num_leaves=10
num_cat=0
split_feature=39 61 46 31 4 10 47 4 65
split_gain=3.98453 4.74275 5.26131 4.76838 3.78041 4.6081 3.95397 3.0294 0.403802
threshold=1.5823475734856303 80.049999999999997 0.063028669078885102 2.7999999999999998 0.39695151767210296 5.6819887579144885e-05 0.18608276831123813 0.62453282946809285 585.94500000000005
decision_type=2 2 2 2 2 2 2 2 2
left_child=1 3 -3 7 6 -6 -5 -1 -9
right_child=-2 2 -4 4 5 -7 -8 8 -10
leaf_value=-0.040635922390822213 0.030792238140902942 -0.00054775193845369634 -0.031076352248928997 -0.019845698079934401 -0.029677988101661418 0.0030571821063189943 0.022142154257650645 -0.0072233722808577611 0.016644142300711314
leaf_weight=9.1157030113972706 8.5703306645154935 30.593696393072605 25.256809815764427 5.7068836698308578 11.02403850154951 100.52413949323818 39.757303820922971 2.6831761151552191 2.5741631388664246
leaf_count=82 15 54 46 62 205 439 199 57 5
internal_value=-0.000818713 -0.00214063 -0.0146572 0.00199961 0.00457483 -0.000412903 0.016558 -0.0246 0.00525526
internal_weight=235.806 227.236 55.8505 171.385 157.012 111.548 45.4642 14.373 5.25734
internal_count=1164 1149 100 1049 905 644 261 144 62
is_linear=0
shrinkage=0.05


Tree=181
num_leaves=11
num_cat=0
split_feature=35 11 37 78 20 4 73 1 57 26
split_gain=10.3554 2.94206 3.69894 3.36624 4.49069 0.718864 0.654744 1.23603 0.347957 0.151154
threshold=4.2086602099187056 0.011051810701012684 0.02421193039624377 0.32345498135009859 8.1303785267360517e-06 0.3079467329761823 0.14292306174304856 0.42136762805086225 0.3135312466178436 19.605000000000004
decision_type=2 2 2 2 2 2 2 2 2 2
left_child=6 2 -2 4 5 -3 7 -1 -4 -10
right_child=1 3 8 -5 -6 -7 -8 -9 9 -11
leaf_value=-0.027666011350697045 -0.037456538608627153 0.0013811901002615257 0.00036175511260084462 -0.02688664406516374 -0.015034506042139753 0.044974202755609594 -0.033151729162269793 0.0028436685910791463 0.0064838382727178878 0.039289903391088746
leaf_weight=8.0446305572986585 1.1473937444388855 1.1744605470448748 0.67608816921710868 7.3382602995261541 6.8221010332927108 5.7696933792904019 22.1932672560215 4.9728801585733882 0.81523989979177613 10.993729547597466
leaf_count=64 14 14 4 40 57 169 212 48 47 495
internal_value=-0.00892616 0.0103213 0.0275535 -0.00155282 0.0128579 0.0387033 -0.0276752 -0.0166395 0.0358625 0.0377081
internal_weight=69.9477 34.737 13.6325 21.1045 13.7663 6.94415 35.2108 13.0175 12.4851 11.809
internal_count=1164 840 560 280 240 183 324 112 546 542
is_linear=0
shrinkage=0.05


Tree=182
num_leaves=11
num_cat=0
split_feature=61 69 32 3 21 30 5 8 5 66
split_gain=5.10228 6.11157 5.93081 5.8784 4.18663 4.15012 4.52485 3.46731 2.96218 2.78059
threshold=80.049999999999997 2.1447582234566469 36.022500000000008 -1.7477388861411938 0.14530639493099975 157.57500000000002 0.71553155651989986 -1.6610318084855862 -0.34379024616093418 15.387500000000001
decision_type=2 2 2 2 2 2 2 2 2 2
left_child=1 3 8 -1 -5 6 -4 -2 9 -3
right_child=7 2 5 4 -6 -7 -8 -9 -10 -11
leaf_value=-0.014572387473083093 0.0044991184015874628 0.024004531170496002 -0.032081193359950362 0.0035384694291697031 0.031077560792705072 0.030379865280751275 -0.0061964829877074207 0.028552894961597713 0.031089353504093104 -0.034679889677789448
leaf_weight=17.906007394194603 31.839985808357596 2.6450174683704999 32.576837433967739 27.084359437227249 27.766220539808273 3.667820304632186 35.160888527520001 28.069939024746418 10.740438709966837 3.6574827819131315
leaf_count=30 55 87 601 43 46 12 119 48 23 100
internal_value=0.00372405 -0.000928547 -0.00970915 0.00973274 0.017786 -0.0160132 -0.0189307 0.0160529 0.016127 -0.0101368
internal_weight=221.115 161.205 88.4485 72.7566 54.8506 71.4055 67.7377 59.9099 17.0429 6.3025
internal_count=1164 1061 942 119 89 732 720 103 210 187
is_linear=0
shrinkage=0.05


Tree=183
num_leaves=15
num_cat=0
split_feature=71 6 1 7 75 41 30 46 76 19 66 7 0 46
split_gain=4.33095 6.22855 5.98692 5.9735 6.30422 5.72146 5.20536 5.0071 4.98802 4.42313 4.40076 3.71717 2.55646 2.20445
threshold=2.8363191005789754 -3.3844978395707837 0.58873275168810313 0.26433193457030763 0.78269954461314961 1.1222897188275236 18.525000000000002 0.10236425833945852 0.055945848132781618 5.8790759949903114e-05 18.125000000000004 0.85390465203253341 -1.3506146325582915 0.056229265489642549
decision_type=2 2 2 2 2 2 2 2 2 2 2 2 2 2
left_child=3 11 8 5 -5 -1 7 -4 9 -3 -6 -2 -10 -8
right_child=1 2 6 4 10 -7 13 -9 12 -11 -12 -13 -14 -15
leaf_value=0.0083161109109449027 -0.038119437650558148 -0.038502565097704888 -0.024357844197201592 -0.010019816283228865 0.0070243681168672377 -0.026680497558097933 -0.010117133969350043 0.031407204551107015 -0.0067313015453501508 0.011959578680971151 0.036614870102391395 0.02036251131876525 0.023490361272517014 -0.041520037396774394
leaf_weight=24.214472524821758 19.67078403476626 8.1783619225025159 6.2959790783934286 18.007740080356598 22.876868262887001 20.939620897173882 9.7498018993064779 8.0523113217204791 8.3436074950732273 7.5481818597763768 28.526852637529373 2.4897165256552389 32.78204520791769 15.291134336963294
leaf_count=41 510 16 52 28 38 35 67 15 89 71 42 32 70 66
internal_value=-0.000996965 -0.00767133 -0.0020472 0.00590759 0.0150315 -0.00813955 -0.0168008 0.00694497 0.00828836 -0.0150155 0.0238312 -0.0309535 0.0173447 -0.0301512
internal_weight=232.967 118.402 96.2414 114.566 69.4115 45.1541 39.3892 14.3483 56.8522 15.7265 51.4037 22.1605 41.1257 25.0409
internal_count=1172 988 446 184 108 76 200 67 246 87 80 542 159 133
is_linear=0
shrinkage=0.05


Tree=184
num_leaves=10
num_cat=0
split_feature=18 78 65 6 26 53 35 73 73
split_gain=10.8171 2.88374 2.66953 2.3098 2.1453 1.74486 1.1534 0.208326 0.730602
threshold=-8.4471685031421777e-05 0.39258554834918818 284.78500000000014 -4.7354708999301529 237.26000000000002 0.34707458163605748 3.585640026897337 0.14292306174304856 0.11225021708511924
decision_type=2 2 2 2 2 2 2 2 2
left_child=1 3 -3 -1 5 -5 7 8 -2
right_child=6 2 -4 4 -6 -7 -8 -9 -10
leaf_value=-0.03010925863117099 -0.027629229861234363 0.025976722572141526 -0.029394388007970708 -0.015610961061697813 -0.019798122023327584 0.036402379067489908 -0.006976775940863331 -0.032741864260748148 -0.000158280457495495
leaf_weight=1.034277431666857 6.9542143419384974 2.4811470974236718 5.0308054219931364 1.2120716571807921 1.4963896945118893 18.60196178406477 8.6141698807477933 18.796159043908119 3.4955224972218275
leaf_count=3 57 138 19 4 11 655 55 193 37
internal_value=-0.00660991 0.0156047 -0.0102025 0.024346 0.0282201 0.0326234 -0.0240792 -0.0287194 -0.0192564
internal_weight=67.7167 29.8567 7.51195 22.3447 21.3104 19.814 37.8601 29.2459 10.4497
internal_count=1172 830 157 673 670 659 342 287 94
is_linear=0
shrinkage=0.05


Tree=185
num_leaves=10
num_cat=0
split_feature=54 7 34 61 66 36 63 76 60
split_gain=6.77395 4.45142 5.38392 5.22345 4.74703 4.57267 4.38951 2.71176 2.56695
threshold=-0.00010460736410723659 0.26433193457030763 0.28658898265257343 82.549999999999997 15.025000000000002 1.1946427654382423 574.32500000000016 0.042999126552929319 179.11250000000001
decision_type=2 2 2 2 2 2 2 2 2
left_child=7 5 3 4 -3 6 -2 8 -1
right_child=1 2 -4 -5 -6 -7 -8 -9 -10
leaf_value=-0.025178229559545386 -0.015904987650005493 0.011489407020157102 0.01875805094375587 0.013822340252673843 -0.018274597753403909 0.029167644685478444 0.01929074802140332 -0.03510371046033562 0.035902658819677802
leaf_weight=2.4396107131615308 15.477233272045849 16.525387778878212 30.11939936876297 26.357213601469994 58.693736344575882 33.277788534760475 18.19582462310791 14.133333013858644 2.4793257527053356
leaf_count=209 33 28 59 43 90 55 29 621 5
internal_value=0.00314345 0.0059124 0.000545287 -0.00498538 -0.0116706 0.0163064 0.00312149 -0.0245819 0.00647308
internal_weight=217.699 198.647 131.696 101.576 75.2191 66.9508 33.6731 19.0523 4.91894
internal_count=1172 337 220 161 118 117 62 835 214
is_linear=0
shrinkage=0.05


Tree=186
num_leaves=15
num_cat=0
split_feature=1 16 67 28 28 28 66 77 54 10 71 18 65 17
split_gain=3.87819 6.87497 4.3851 5.17044 3.7632 4.98866 3.71066 5.17038 4.78734 2.93534 5.51479 4.2598 1.90672 1.82461
threshold=0.38617311826938533 0.0056256198028129265 12.137500000000003 37.875000000000021 31.400000000000002 21.275000000000023 18.125000000000004 0.94303007037645736 -1.6988049725518657e-06 0.0006081756497289709 2.6589251747528935 -1.5371528062195525e-05 583.25000000000011 1.099059409286824
decision_type=2 2 2 2 2 2 2 2 2 2 2 2 2 2
left_child=1 -1 3 6 5 12 7 -2 -8 10 -3 -12 -4 -6
right_child=2 9 4 -5 13 -7 8 -9 -10 -11 11 -13 -14 -15
leaf_value=-0.015185361832853237 0.011255793738359651 0.027213351932534709 -0.032210553064765765 0.023870015377828617 -0.038762607002121946 0.033190382252159006 -0.011967341803616575 -0.02553924313151637 0.023972334111404734 0.029832616650372335 0.012036982540000615 -0.034246524228808292 -3.6487608511805497e-05 -0.002382241269115471
leaf_weight=19.524938877671957 13.585112173575906 17.893603622913361 8.1087978868745321 21.329825560562313 16.005420724861327 6.1827103062532833 15.73986922111362 27.768238561227918 20.012565016746521 28.481829627417028 9.3543906640261429 8.7620595544576627 9.31738732755184 4.4938915921375147
leaf_count=39 62 26 64 64 146 37 111 149 30 70 299 15 16 22
internal_value=0.00180403 0.0102605 -0.00321708 0.00267359 -0.016131 -0.00225036 -0.00342053 -0.0134712 0.00825492 0.0180785 0.00822688 -0.0109686 -0.0159434 -0.031269
internal_weight=226.561 84.0168 142.544 98.4356 44.1082 23.6089 77.1058 41.3534 35.7524 64.4919 36.0101 18.1165 17.4262 20.4993
internal_count=1150 449 701 416 285 117 352 211 141 410 340 314 80 168
is_linear=0
shrinkage=0.05


Tree=187
num_leaves=11
num_cat=0
split_feature=71 20 7 22 45 52 1 3 55 73
split_gain=8.12409 2.91093 4.81299 1.90756 1.65818 1.61839 1.12546 1.25619 0.837112 0.105557
threshold=12.366217055776866 3.1792610642664008e-05 0.33157994669770746 0.024664371523605691 0.21689085083471901 0.071643385053795611 0.35990115383992077 -1.8985097165326157 0.00024162828366808712 0.11620786494044846
decision_type=2 2 2 2 2 2 2 2 2 2
left_child=1 2 6 -2 5 -4 9 -8 -3 -1
right_child=3 8 4 -5 -6 -7 7 -9 -10 -11
leaf_value=-0.0196577677356954 -0.022097637870747311 -0.033697765284937606 0.056224304220130389 0.032977463694058733 -0.0098658285987032433 0.0040417720600256068 0.015799195617117786 -0.023152748838239746 -0.0061187087597899155 -0.039355322087284351
leaf_weight=5.4373950017616206 1.1293045226484526 25.379054564982656 3.0023940484970799 9.6674306234344822 2.2665640916675329 2.627678457647562 3.1323733795434237 3.1909827291965476 3.6318800970911971 4.726772366091609
leaf_count=54 14 244 45 608 19 45 48 17 28 28
internal_value=-0.0120985 -0.0201021 -0.0069414 0.0258319 0.0233197 0.0361526 -0.0219395 -0.00433471 -0.0305641 -0.0315226
internal_weight=64.1918 53.3951 24.3842 10.7967 7.89664 5.63007 16.4875 6.32336 29.0109 10.1642
internal_count=1150 528 256 622 109 90 147 65 272 82
is_linear=0
shrinkage=0.05


Tree=188
num_leaves=11
num_cat=0
split_feature=18 3 30 54 30 54 7 19 72 32
split_gain=5.8514 3.47357 6.49214 5.96692 3.85979 3.46279 3.17122 3.11901 2.55457 1.21105
threshold=-9.5054062025664202e-05 -1.3581003940938345 17.962500000000002 1.9611476337000262e-05 17.325000000000006 1.3113472979224479e-05 0.27664535868252488 3.695802558279018e-05 0.50969780855614022 234.82000000000002
decision_type=2 2 2 2 2 2 2 2 2 2
left_child=9 3 6 4 -2 8 -3 -6 -4 -1
right_child=1 2 5 -5 7 -7 -8 -9 -10 -11
leaf_value=-0.034478117884818783 0.0068467270397599466 0.0097609476745461419 0.035889420448925097 0.012058963243628255 -0.0063628186978588012 0.0031816970266287923 -0.016815824814874727 -0.038012269617738847 0.012869276636705599 0.013705591353684092
leaf_weight=11.535112410783764 12.832926675677298 18.09358686208725 26.406894788146019 31.441296376287937 13.830520644783972 27.491065561771393 26.536194562911987 18.319908805191517 24.584171563386917 0.92471470218151886
leaf_count=808 23 30 42 52 27 44 42 35 42 5
internal_value=0.00177561 0.00390954 0.00907927 -0.00442803 -0.0159633 0.0176583 -0.00606342 -0.0249999 0.0252518 -0.0301495
internal_weight=211.996 199.537 123.112 76.4247 44.9834 78.4821 44.6298 32.1504 50.9911 12.4598
internal_count=1150 337 200 137 85 128 72 62 84 813
is_linear=0
shrinkage=0.05


end of trees

feature_importances:
vert_centroid_drift_hz_per_s_med=119
horiz_centroid_drift_hz_per_s_med=72
horiz_envelope_peak_over_mean_p90=68
horiz_centroid_drift_hz_per_s_mad=43
vert_log_lp_sp_ratio_med=41
vert_log_lp_sp_ratio_mad=41
lp_envelope_coherence=36
vert_centroid_drift_hz_per_s_p90=35
vert_log_vlp_sp_ratio_med=32
horiz_log_lp_sp_ratio_mad=31
horiz_log_vlp_sp_ratio_p90=30
vert_envelope_rise_10_50_s_p90=29
horiz_log_lp_mid_ratio_p90=29
lp_rectilinearity_p90=29
vert_log_vlp_sp_ratio_mad=28
horiz_envelope_duration_50pc_s_med=28
horiz_log_vlp_sp_ratio_med=27
horiz_envelope_rise_10_50_s_med=26
vert_envelope_duration_20pc_s_mad=25
horiz_envelope_rise_10_50_s_mad=25
vert_log_lp_mid_ratio_mad=24
vert_envelope_peak_over_mean_p90=24
log_hv_energy_ratio_mad=24
vert_centroid_drift_hz_per_s_mad=23
horiz_envelope_peak_over_mean_med=23
vert_log_vlp_sp_ratio_p90=22
vert_log_lp_sp_ratio_p90=21
vert_envelope_duration_20pc_s_med=21
horiz_log_lp_mid_ratio_med=21
horiz_spectral_centroid_hz_mad=21
vert_envelope_duration_50pc_s_mad=19
vert_envelope_duration_20pc_s_p90=19
vert_envelope_rise_10_50_s_med=19
vert_envelope_peak_over_mean_med=19
lp_rectilinearity_med=19
lp_rectilinearity_mad=19
horiz_spectral_centroid_hz_p90=18
horiz_envelope_duration_50pc_s_p90=18
horiz_envelope_duration_20pc_s_med=18
horiz_envelope_rise_10_50_s_p90=18
vert_log_lp_mid_ratio_med=17
vert_envelope_duration_50pc_s_p90=17
horiz_centroid_drift_hz_per_s_p90=17
horiz_envelope_duration_50pc_s_mad=17
horiz_energy_fraction_sp_med=16
horiz_spectral_centroid_hz_med=16
vert_energy_fraction_lp_med=15
horiz_log_lp_mid_ratio_mad=15
vert_spectral_centroid_hz_mad=14
vert_envelope_peak_over_mean_mad=14
horiz_energy_fraction_lp_med=14
vert_energy_fraction_lp_mad=13
vert_spectral_centroid_hz_p90=13
horiz_energy_fraction_sp_p90=13
log_hv_energy_ratio_p90=13
vert_envelope_duration_50pc_s_med=12
horiz_log_vlp_sp_ratio_mad=12
horiz_energy_fraction_lp_mad=12
horiz_energy_fraction_sp_mad=12
horiz_spectral_spread_hz_mad=12
horiz_envelope_duration_20pc_s_p90=12
log_hv_energy_ratio_med=12
vert_energy_fraction_lp_p90=11
horiz_energy_fraction_lp_p90=11
vert_energy_fraction_sp_p90=10
vert_spectral_spread_hz_med=10
vert_envelope_rise_10_50_s_mad=10
horiz_spectral_spread_hz_med=10
vert_log_lp_mid_ratio_p90=9
vert_energy_fraction_sp_med=9
horiz_log_lp_sp_ratio_med=9
vert_energy_fraction_sp_mad=8
vert_spectral_spread_hz_p90=8
horiz_spectral_spread_hz_p90=8
horiz_envelope_duration_20pc_s_mad=8
horiz_log_lp_sp_ratio_p90=7
vert_spectral_centroid_hz_med=6
vert_spectral_spread_hz_mad=6
horiz_envelope_peak_over_mean_mad=6

parameters:
[boosting: gbdt]
[objective: multiclass]
[metric: multi_logloss]
[tree_learner: serial]
[device_type: cpu]
[data_sample_strategy: bagging]
[data: ]
[valid: ]
[num_iterations: 600]
[learning_rate: 0.05]
[num_leaves: 15]
[num_threads: 0]
[seed: 20260903]
[deterministic: 1]
[force_col_wise: 0]
[force_row_wise: 1]
[histogram_pool_size: -1]
[max_depth: 5]
[min_data_in_leaf: 30]
[min_sum_hessian_in_leaf: 0.001]
[bagging_fraction: 0.8]
[pos_bagging_fraction: 1]
[neg_bagging_fraction: 1]
[bagging_freq: 1]
[bagging_seed: 1721]
[bagging_by_query: 0]
[feature_fraction: 0.7]
[feature_fraction_bynode: 1]
[feature_fraction_seed: 12732]
[extra_trees: 0]
[extra_seed: 6506]
[early_stopping_round: 0]
[early_stopping_min_delta: 0]
[first_metric_only: 0]
[max_delta_step: 0]
[lambda_l1: 0]
[lambda_l2: 1]
[linear_lambda: 0]
[min_gain_to_split: 0]
[drop_rate: 0.1]
[max_drop: 50]
[skip_drop: 0.5]
[xgboost_dart_mode: 0]
[uniform_drop: 0]
[drop_seed: 14009]
[top_rate: 0.2]
[other_rate: 0.1]
[min_data_per_group: 100]
[max_cat_threshold: 32]
[cat_l2: 10]
[cat_smooth: 10]
[max_cat_to_onehot: 4]
[top_k: 20]
[monotone_constraints: ]
[monotone_constraints_method: basic]
[monotone_penalty: 0]
[feature_contri: ]
[forcedsplits_filename: ]
[refit_decay_rate: 0.9]
[cegb_tradeoff: 1]
[cegb_penalty_split: 0]
[cegb_penalty_feature_lazy: ]
[cegb_penalty_feature_coupled: ]
[path_smooth: 0]
[interaction_constraints: ]
[verbosity: -1]
[saved_feature_importance_type: 0]
[use_quantized_grad: 0]
[num_grad_quant_bins: 4]
[quant_train_renew_leaf: 0]
[stochastic_rounding: 1]
[linear_tree: 0]
[max_bin: 255]
[max_bin_by_feature: ]
[min_data_in_bin: 3]
[bin_construct_sample_cnt: 200000]
[data_random_seed: 5030]
[is_enable_sparse: 1]
[enable_bundle: 1]
[use_missing: 1]
[zero_as_missing: 0]
[feature_pre_filter: 1]
[pre_partition: 0]
[two_round: 0]
[header: 0]
[label_column: ]
[weight_column: ]
[group_column: ]
[ignore_column: ]
[categorical_feature: ]
[forcedbins_filename: ]
[precise_float_parser: 0]
[parser_config_file: ]
[objective_seed: 27550]
[num_class: 3]
[is_unbalance: 0]
[scale_pos_weight: 1]
[sigmoid: 1]
[boost_from_average: 1]
[reg_sqrt: 0]
[alpha: 0.9]
[fair_c: 1]
[poisson_max_delta_step: 0.7]
[tweedie_variance_power: 1.5]
[lambdarank_truncation_level: 30]
[lambdarank_norm: 1]
[label_gain: ]
[lambdarank_position_bias_regularization: 0]
[eval_at: ]
[multi_error_top_k: 1]
[auc_mu_weights: ]
[num_machines: 1]
[local_listen_port: 12400]
[time_out: 120]
[machine_list_filename: ]
[machines: ]
[gpu_platform_id: -1]
[gpu_device_id: -1]
[gpu_device_id_list: ]
[gpu_use_dp: 0]
[num_gpu: 1]

end of parameters

pandas_categorical:null
