tree
version=v4
num_class=3
num_tree_per_iteration=3
label_index=0
max_feature_idx=78
objective=multiclass num_class:3
feature_names=vert_log_lp_sp_ratio_med vert_log_lp_sp_ratio_mad vert_log_lp_sp_ratio_p90 vert_log_vlp_sp_ratio_med vert_log_vlp_sp_ratio_mad vert_log_vlp_sp_ratio_p90 vert_log_lp_mid_ratio_med vert_log_lp_mid_ratio_mad vert_log_lp_mid_ratio_p90 vert_energy_fraction_lp_med vert_energy_fraction_lp_mad vert_energy_fraction_lp_p90 vert_energy_fraction_sp_med vert_energy_fraction_sp_mad vert_energy_fraction_sp_p90 vert_spectral_centroid_hz_med vert_spectral_centroid_hz_mad vert_spectral_centroid_hz_p90 vert_centroid_drift_hz_per_s_med vert_centroid_drift_hz_per_s_mad vert_centroid_drift_hz_per_s_p90 vert_spectral_spread_hz_med vert_spectral_spread_hz_mad vert_spectral_spread_hz_p90 vert_envelope_duration_50pc_s_med vert_envelope_duration_50pc_s_mad vert_envelope_duration_50pc_s_p90 vert_envelope_duration_20pc_s_med vert_envelope_duration_20pc_s_mad vert_envelope_duration_20pc_s_p90 vert_envelope_rise_10_50_s_med vert_envelope_rise_10_50_s_mad vert_envelope_rise_10_50_s_p90 vert_envelope_peak_over_mean_med vert_envelope_peak_over_mean_mad vert_envelope_peak_over_mean_p90 horiz_log_lp_sp_ratio_med horiz_log_lp_sp_ratio_mad horiz_log_lp_sp_ratio_p90 horiz_log_vlp_sp_ratio_med horiz_log_vlp_sp_ratio_mad horiz_log_vlp_sp_ratio_p90 horiz_log_lp_mid_ratio_med horiz_log_lp_mid_ratio_mad horiz_log_lp_mid_ratio_p90 horiz_energy_fraction_lp_med horiz_energy_fraction_lp_mad horiz_energy_fraction_lp_p90 horiz_energy_fraction_sp_med horiz_energy_fraction_sp_mad horiz_energy_fraction_sp_p90 horiz_spectral_centroid_hz_med horiz_spectral_centroid_hz_mad horiz_spectral_centroid_hz_p90 horiz_centroid_drift_hz_per_s_med horiz_centroid_drift_hz_per_s_mad horiz_centroid_drift_hz_per_s_p90 horiz_spectral_spread_hz_med horiz_spectral_spread_hz_mad horiz_spectral_spread_hz_p90 horiz_envelope_duration_50pc_s_med horiz_envelope_duration_50pc_s_mad horiz_envelope_duration_50pc_s_p90 horiz_envelope_duration_20pc_s_med horiz_envelope_duration_20pc_s_mad horiz_envelope_duration_20pc_s_p90 horiz_envelope_rise_10_50_s_med horiz_envelope_rise_10_50_s_mad horiz_envelope_rise_10_50_s_p90 horiz_envelope_peak_over_mean_med horiz_envelope_peak_over_mean_mad horiz_envelope_peak_over_mean_p90 log_hv_energy_ratio_med log_hv_energy_ratio_mad log_hv_energy_ratio_p90 lp_rectilinearity_med lp_rectilinearity_mad lp_rectilinearity_p90 lp_envelope_coherence
feature_infos=[-5.3826625420604142:2.791669516922803] [0.0066688598788688935:3.2706815928259907] [-4.4803935376298938:4.0217867387791255] [-6.3718725288570965:2.839759451001644] [0.005807911855145953:3.2402981314092014] [-5.9254803954890667:4.5434174086356736] [-5.6543145066048952:1.0782711406666983] [0.0005221468834148979:3.1016351687258492] [-5.342908329670486:2.1664447381868537] [1.5208103911950033e-06:0.36705855542578186] [7.8404523267406988e-08:0.22399674251012097] [4.7340273218905529e-06:0.68279277352330248] [1.2677898727997597e-05:0.92729447205305182] [5.4204368660349964e-06:0.38268307640947347] [3.8616040374141677e-05:0.97317024258753426] [0.069306844512545263:1.4358353718131358] [4.8828742753997956e-05:0.73389823007487309] [0.10859589934246772:2.7737612419994515] [-0.0032657841601809235:0.0010862610579908884] [7.751533242989464e-07:0.001466874704520785] [-0.0023576734353271647:0.0021773142022660516] [0.023792178695632972:2.0385607375773649] [0.00019851497873851764:0.9676271215296508] [0.025575586568876516:2.5547107805551854] [6.2000000000000002:319.04999999999995] [0.050000000000000711:152.89999999999995] [9.8399999999999999:507.82499999999999] [17.949999999999999:576] [0:236.30000000000007] [28.860000000000003:592.22000000000003] [0.80000000000000004:474.30000000000001] [0:181.97499999999999] [1.6400000000000001:476.26000000000005] [1.9571529577811906:32.145435149668458] [0.001134147657638529:17.612320426209379] [2.1875305777287695:53.291925326064444] [-0.79244395781601651:3.1574921096073867] [0.00034872698627053111:1.7069339513370574] [-0.38985234574102434:5.5870692098689689] [-1.6280068507003358:2.4362377749040358] [1.3536182118627227e-06:1.8952547578312591] [-0.74367116143174261:5.2727331609695209] [-1.1827528677212331:1.6565169314442811] [0.00025504399370399056:1.3998801560416521] [-1.0384824536351318:2.5898624907102676] [0.017564515331950348:0.61969527091747267] [4.9539190194347604e-05:0.30435261163960059] [0.047492727695169976:0.75459276798980668] [0.00024238867847955478:0.29927275962638539] [5.2788473165229881e-06:0.19320703811539244] [0.00073979954693302933:0.57110640946433133] [0.10668978650725472:1.7054815399658203] [0.00041638858864974371:1.1021892039146932] [0.15056797345596579:2.9902928870490322] [-0.0025498421164579454:0.00089226171839540847] [6.4595062530641012e-07:0.0016798474349453228] [-0.0019652525394842448:0.0027561774765391994] [0.10045237559474399:1.9409716125903311] [0.0014442828903324656:0.90987046576480513] [0.12458744095757145:2.9708120516766598] [6.0999999999999996:399.02499999999998] [0.10000000000000142:199.90000000000001] [9.5700000000000003:560] [17.149999999999999:593.17499999999995] [0.074999999999988631:253.79999999999998] [28.75:600] [0.55000000000000004:322.55000000000001] [0:184.15000000000001] [2.02:474.85000000000002] [1.7716507513030735:35.547370159424219] [0.0080178119920479851:17.835197623272563] [1.9934274689721345:63.153984786537436] [-0.021399712701144904:2.1557607343723135] [0.00027478918482218284:1.5832930523705393] [0.029856056033184059:7.4803355935805413] [0.33919316810564759:0.99540084946997287] [4.3798572977316041e-06:0.29112934576260541] [0.49293259018574997:0.99998602964584227] [-0.12699590727794394:0.87521710336074054]
tree_sizes=1672 762 1060 1398 785 1193 1509 784 1297 1401 793 1301 1195 791 1194 1300 786 1195 1309 783 1297 1410 780 1302 1629 891 1194 1207 896 1198 1194 895 1091 1206 785 1292 1420 788 1095 993 895 992 1209 997 1195 1300 887 1196 1407 789 1310 1613 1090 1088 1295 782 1292 1614 886 1305 1187 984 1414 1208 778 1190 1303 987 1297 1402 891 1411 1301 1092 1085 1507 779 1411 1385 879 1416 1201 895 983 1613 996 1200 1401 897 1095 1082 887 1199 1507 985 1307 1501 890 1000 1503 989 1203 989 882 1097 1190 1090 1515 1411 879 1101 1618 1098 1299 1513 991 1090 1303 992 1293 1099 1004 1197 1509 890 1207 1093 982 1404 1633 984 1197 1412 1102 1202 1207 1097 984 1616 1104 1520 1729 987 1723 1738 1206 1408 1301 1090 1406 1004 1208 1295 1619 1099 1415 1512 1200 991 1411 988 1202 1097 1102 1310 1726 1096 1297 1507 1205 1412 1520 1106 1294 1002 1092 1206 1096 1545 1514

Tree=0
num_leaves=15
num_cat=0
split_feature=18 10 27 2 15 41 25 56 29 8 20 15 76 53
split_gain=162.413 21.4158 22.7502 19.6847 18.9278 15.3093 16.1641 18.4728 13.4872 11.1523 4.2615 1.44607 1.06138 0.513592
threshold=-0.00062927399415460843 0.00055693245490273462 504.50000000000006 0.86724878977239828 0.2103848987797888 0.30978644548524353 27.324999999999999 6.9500450796505534e-05 555.06250000000011 -1.620879990570262 8.4155844469085611e-05 0.38646914946825534 0.088264048443742985 0.51883537782752531
decision_type=2 2 2 2 2 2 2 2 2 2 2 2 2 2
left_child=13 5 4 9 -3 11 7 -7 -8 -4 -5 -2 -6 -1
right_child=1 2 3 10 12 6 8 -9 -10 -11 -12 -13 -14 -15
leaf_value=-1.1236306874098076 -1.144515683261019 -1.0906436669480732 -1.0317804167426008 -1.1182621560502581 -1.036900223632659 -1.1031260199437096 -1.080280008150909 -1.0456255054187698 -1.1219528413830986 -1.0822280658600789 -1.0882758051323096 -1.1121073173228617 -1.0073661987559732 -1.1481787875151701
leaf_weight=5.3641033470630637 11.205218702554705 13.023078501224516 21.816138625144958 22.193078100681305 18.959439039230347 21.663312643766403 38.010144531726837 37.582409709692001 37.668074101209641 22.737523943185806 23.310524582862854 6.3406714200973502 18.643996566534042 114.33918252587318
leaf_count=30 38 21 30 32 37 43 60 54 54 32 32 29 28 715
internal_value=-1.09846 -1.07842 -1.06441 -1.07984 -1.03787 -1.09148 -1.0857 -1.06638 -1.10106 -1.0566 -1.10301 -1.13416 -1.02027 -1.1473
internal_weight=412.857 293.154 140.684 90.0573 50.6265 152.47 134.924 59.2457 75.6782 44.5537 45.5036 17.5459 37.6034 119.703
internal_count=1235 490 212 126 86 278 211 97 114 62 64 67 65 745
is_linear=0
shrinkage=1


Tree=1
num_leaves=6
num_cat=0
split_feature=18 18 73 63 3
split_gain=699.253 11.9746 12.3182 11.2883 1.86035
threshold=-0.00030985510644138104 -0.00062927399415460843 0.18145221895453922 417.40000000000003 -2.6665136725791121
decision_type=2 2 2 2 2
left_child=1 -1 -3 -2 -5
right_child=3 2 -4 4 -6
leaf_value=-1.000343681606924 -1.1014678340786119 -1.0105796064787125 -1.0984313173268094 -1.1190296593852522 -1.1472943659620574
leaf_weight=119.70328587293625 14.815859764814375 7.3560872673988325 7.6446295380592346 7.987883359193801 255.34915053844452
leaf_count=745 43 46 23 18 360
internal_value=-1.09888 -1.00577 -1.05254 -1.14414 -1.14652
internal_weight=412.857 134.704 15.0007 278.153 263.337
internal_count=1235 814 69 421 378
is_linear=0
shrinkage=1


Tree=2
num_leaves=9
num_cat=0
split_feature=33 18 77 32 25 19 35 32
split_gain=231.359 22.4298 14.9652 15.5404 15.1831 11.7385 7.66775 3.39331
threshold=3.1446574245305019 -9.8690372756967361e-05 0.96715863076317021 25.995000000000008 26.587500000000002 2.286191775820082e-05 3.1046464242416243 278.13500000000005
decision_type=2 2 2 2 2 2 2 2
left_child=1 -1 3 -3 -4 -5 -6 -2
right_child=7 2 4 5 6 -7 -8 -9
leaf_value=-1.1357944339401653 -1.1482779952853879 -1.0344638904653951 -1.0784054061539234 -1.0563890929465776 -1.0221841034505534 -1.0921769455768395 -1.0588069186370968 -1.1060965632178879
leaf_weight=11.440567582845686 148.56793296337128 17.657878965139389 37.131219685077667 29.215126305818558 36.624846905469894 96.865461677312851 30.028606683015823 5.325255572795867
leaf_count=29 844 25 51 44 51 137 42 12
internal_value=-1.0985 -1.06968 -1.06649 -1.07718 -1.05203 -1.08362 -1.03785 -1.14688
internal_weight=412.857 258.964 247.523 143.738 103.785 126.081 66.6535 153.893
internal_count=1235 379 350 206 144 181 93 856
is_linear=0
shrinkage=1


Tree=3
num_leaves=12
num_cat=0
split_feature=0 78 70 43 38 60 4 54 43 53 17
split_gain=149 26.0858 17.5055 36.003 13.4369 12.3702 11.8034 11.4117 9.02786 1.04791 1.45164
threshold=-1.9706363172299433 0.26274211107903039 0.3471855627003067 0.14856130903920714 2.3197243550942317 258.91250000000008 0.65461771356764986 -3.835419132412794e-05 0.42812129965955209 0.56456641462992974 0.42444886771578622
decision_type=2 2 2 2 2 2 2 2 2 2 2
left_child=5 2 3 7 -5 9 -4 -2 -8 10 -1
right_child=1 -3 6 4 -6 -7 8 -9 -10 -11 -12
leaf_value=-0.042451443000354555 0.034436194434230065 0.061287522297339886 0.017616741251662765 0.063416208307114086 0.023461534464323461 0.027453645801469796 -0.047348953513318595 -0.0070488519732113328 0.0043081716515297646 -0.048417362211368192 -0.0062647285786902752
leaf_weight=6.0900874435901624 20.162757456302643 35.329363718628883 25.343090668320656 49.100654765963554 39.380172625184059 5.2651232182979575 20.100494340062141 75.547830149531364 13.857731118798254 110.3088496774435 5.2106430232524872
leaf_count=35 33 57 47 69 55 8 66 106 22 693 26
internal_value=0.00125925 0.0216899 0.0157173 0.0232935 0.0460945 -0.043458 -0.00781073 0.00195625 -0.0267484 -0.046727 -0.0276319
internal_weight=405.697 278.822 243.493 184.191 88.4808 126.875 59.3013 95.7106 33.9582 121.61 11.3007
internal_count=1217 455 398 263 124 762 135 139 88 754 61
is_linear=0
shrinkage=0.05


Tree=4
num_leaves=6
num_cat=0
split_feature=71 18 20 39 3
split_gain=606.796 23.6885 10.2547 7.62832 0.711244
threshold=6.616641124097514 -7.0449325958978317e-05 -0.00011328949538121122 0.21911307077024084 -2.6665136725791121
decision_type=2 2 2 2 2
left_child=2 3 -1 -2 -4
right_child=1 -3 4 -5 -6
leaf_value=0.030449147638261023 0.088931240550000457 -0.018662475401062837 -0.026206931657408866 0.029851357735187174 -0.047153747585778338
leaf_weight=3.7514985203742972 131.12968656420708 5.2710702717304221 8.312486067414282 7.036057546734809 249.76698812842369
leaf_count=16 779 12 17 29 364
internal_value=-0.000124709 0.0822042 -0.0453675 0.0861587 -0.0465828
internal_weight=405.268 143.437 261.831 138.166 258.079
internal_count=1217 820 397 808 381
is_linear=0
shrinkage=0.05


Tree=5
num_leaves=10
num_cat=0
split_feature=18 55 27 73 13 58 6 61 66
split_gain=208.488 18.8785 15.6862 15.2902 10.0111 18.4538 8.8598 5.97471 4.55303
threshold=-7.0449325958978317e-05 5.4953183551203554e-05 508.50000000000006 0.10517571591475948 0.0024139475760125199 0.14878884984819993 -2.844462581682051 54.450000000000024 17.325000000000006
decision_type=2 2 2 2 2 2 2 2 2
left_child=7 3 6 -2 -4 -6 -3 -1 -5
right_child=1 2 4 8 5 -7 -8 -9 -10
leaf_value=-0.048501721946876443 0.015926431959249334 0.015318313129527947 0.049586871323809872 0.082083509047402359 -0.010193064437314485 0.038773428687551764 -0.023923617796760194 -0.015427703685006686 0.046975948265946262
leaf_weight=144.22214995324612 24.405046701431274 29.708151608705521 38.706989571452141 23.22368460893631 32.622025653719902 44.742104262113571 26.078556388616562 16.370517358183861 25.283148556947708
leaf_count=833 37 42 53 32 45 62 39 39 35
internal_value=-0.0011356 0.0278718 0.0186419 0.0490808 0.0290406 0.0182592 -0.00312432 -0.0452466 0.0651029
internal_weight=405.362 244.77 171.858 72.9119 116.071 77.3641 55.7867 160.593 48.5068
internal_count=1217 345 241 104 160 107 81 872 67
is_linear=0
shrinkage=0.05


Tree=6
num_leaves=13
num_cat=0
split_feature=71 55 78 77 54 32 1 27 39 39 39 20
split_gain=147.511 27.9999 16.8584 20.5471 16.4631 14.3895 19.3566 11.9969 7.30953 7.21673 5.33175 2.50619
threshold=6.616641124097514 6.8938342178296612e-05 0.01311432136065614 0.96882950049130168 -5.5492854454442947e-05 24.469999999999999 0.39500428538584526 510.3875000000001 0.21911307077024084 0.24499951751985741 0.694132545549346 0.00013382438025506121
decision_type=2 2 2 2 2 2 2 2 2 2 2 2
left_child=1 4 3 -3 -1 -4 -7 10 11 -9 -6 -2
right_child=8 2 5 -5 7 6 -8 9 -10 -11 -12 -13
leaf_value=0.047260513018552948 -0.047370309692124885 0.040045150541973822 -0.012848907812254019 -0.022090345240077094 0.033053355343597914 0.080428470483013312 0.034868246579136425 -0.037239590309520336 0.0033593620090683974 -0.0010753133671403993 -0.0018216071530335243 -0.012575689139727104
leaf_weight=17.202743694186211 110.28970563411713 28.119298338890076 9.0380338728427869 23.61869478225708 20.274874329566956 37.238464906811714 67.8504628688097 27.856074869632721 8.0091290771961194 26.54748746752739 22.39881232380867 6.3317514210939398
leaf_count=27 723 40 17 32 28 55 106 38 32 37 32 30
internal_value=0.00259333 0.0227145 0.035774 0.0117989 0.00361418 0.0464459 0.0516185 -0.00452325 -0.0424559 -0.0199303 0.0151254 -0.0456042
internal_weight=404.776 280.145 165.865 51.738 114.28 114.127 105.089 97.0772 124.631 54.4036 42.6737 116.621
internal_count=1197 412 250 72 162 178 161 135 785 75 60 753
is_linear=0
shrinkage=0.05


Tree=7
num_leaves=6
num_cat=0
split_feature=71 56 54 39 0
split_gain=538.954 16.9002 14.49 3.59653 1.99278
threshold=6.616641124097514 -0.00015422020787516047 -8.0965937925571866e-05 0.21911307077024084 -1.9706363172299433
decision_type=2 2 2 2 2
left_child=1 -1 3 -2 -3
right_child=2 4 -4 -5 -6
leaf_value=0.034834307299174298 0.082488017000558425 -0.019016553746545654 -0.0036340682877756881 0.035573319573655206 -0.046581526710819054
leaf_weight=5.9890401512384406 128.40485212206841 8.6595587432384473 5.2256443351507178 6.4119416475296012 247.29440781474113
leaf_count=26 742 20 15 28 366
internal_value=-0.00146599 -0.0437592 0.0773908 0.0805351 -0.0457266
internal_weight=401.985 261.943 140.042 134.817 255.954
internal_count=1197 412 785 770 386
is_linear=0
shrinkage=0.05


Tree=8
num_leaves=11
num_cat=0
split_feature=18 55 33 78 69 71 3 74 73 25
split_gain=177.106 20.1161 13.6665 13.3974 13.1256 11.597 9.45208 9.43919 6.03529 3.62036
threshold=-7.0449325958978317e-05 6.8938342178296612e-05 2.781648910634734 0.01311432136065614 1.9948925469220988 3.592845538020391 -0.90940218254206118 0.58832801917743305 0.25795773014420681 29.212500000000023
decision_type=2 2 2 2 2 2 2 2 2 2
left_child=6 2 7 8 -5 -6 -1 -2 -3 -9
right_child=1 3 -4 4 5 -7 -8 9 -10 -11
leaf_value=-0.047487808930216535 0.024500054038036206 0.047793702958311868 0.0077455591894051382 0.035348640746798901 -0.023478774597693628 0.018728910677528621 0.00074867668702655152 0.041250258076474818 0.012211146012116116 0.07112342730936129
leaf_weight=139.33671875298023 28.445477783679962 27.079043075442314 25.972455114126205 19.693010464310646 48.758433878421783 23.300717696547508 10.914950996637343 21.862751424312592 22.270303964614868 36.623517006635666
leaf_count=811 38 37 39 27 66 37 34 29 30 49
internal_value=-0.00113887 0.024289 0.0399401 0.0115726 0.00019761 -0.00976115 -0.0440019 0.0493613 0.0322975 0.0608377
internal_weight=404.257 254.006 112.904 141.102 91.7522 72.0592 150.252 86.9317 49.3493 58.4863
internal_count=1197 352 155 197 130 103 845 116 67 78
is_linear=0
shrinkage=0.05


Tree=9
num_leaves=12
num_cat=0
split_feature=0 78 71 19 19 60 76 76 60 24 53
split_gain=127.806 22.8153 19.9008 15.1412 10.8744 9.34394 9.11379 7.1237 7.09038 3.01189 1.32887
threshold=-2.0054592968496676 0.26274211107903039 3.6393344909380847 2.286191775820082e-05 1.4185761685644369e-05 198.16250000000002 0.10363508732290307 0.062185213654339523 268.0750000000001 144.13750000000002 0.56456641462992974
decision_type=2 2 2 2 2 2 2 2 2 2 2
left_child=8 2 3 4 -2 -5 9 -3 10 -4 -1
right_child=1 7 6 5 -6 -7 -8 -9 -10 -11 -12
leaf_value=-0.022906790274022752 0.0201936390560063 0.026777330569727132 -0.035304779955582184 0.052617420865411768 -0.024304256617250969 0.022133036795040133 0.021680635194971196 0.072484134586707091 0.015527310645916337 -0.0065858039149279237 -0.046412488280558502
leaf_weight=9.5539849102497083 27.202535033226013 16.06619468331337 24.937204375863075 33.666973993182182 25.759313225746155 104.47599139809608 13.213087797164915 22.698510155081749 4.646853268146514 14.926854506134985 104.01984147727489
leaf_count=52 39 25 83 46 35 142 36 35 7 21 680
internal_value=0.00127243 0.0195109 0.0137257 0.0212266 -0.00149834 0.0298872 -0.0131747 0.0546905 -0.0421765 -0.0249755 -0.0446523
internal_weight=401.167 282.947 244.182 191.105 52.9618 138.143 53.0771 38.7647 118.221 39.8641 113.574
internal_count=1201 462 402 262 74 188 140 60 739 104 732
is_linear=0
shrinkage=0.05


Tree=10
num_leaves=6
num_cat=0
split_feature=18 18 47 2 54
split_gain=489.398 16.8912 11.6885 2.45879 0.499025
threshold=-0.00019654923294621838 -0.0005782804255251362 0.19112770915788738 -1.1408776671930216 -0.00019795703907274308
decision_type=2 2 2 2 2
left_child=1 -1 -3 -2 -5
right_child=3 2 -4 4 -6
leaf_value=0.076352211915804866 -0.013164767524841815 0.066044346682481977 -0.007610368750464851 -0.030047765775071289 -0.045947798124633982
leaf_weight=130.48762768507004 7.1545085310935965 8.7797780185937899 11.584495440125464 12.780678480863569 225.83057078719139
leaf_count=737 18 48 32 25 341
internal_value=-0.000891053 0.0697357 0.0257498 -0.0443489 -0.0452251
internal_weight=396.618 150.852 20.3643 245.766 238.611
internal_count=1201 817 80 384 366
is_linear=0
shrinkage=0.05


Tree=11
num_leaves=11
num_cat=0
split_feature=54 55 61 75 49 34 42 71 71 26
split_gain=200.823 13.9557 15.9047 11.9153 11.3143 9.54356 8.6364 9.96917 6.52013 2.88653
threshold=-9.2802641846916935e-05 6.5628127399126475e-05 74.950000000000003 0.83777865605924007 0.015917906031823987 0.1767237890121163 -0.69540994315603077 2.7584587802233025 2.4747369637398644 216.53250000000006
decision_type=2 2 2 2 2 2 2 2 2 2
left_child=9 3 6 5 -4 -2 -3 -8 -5 -1
right_child=1 2 4 8 -6 -7 7 -9 -10 -11
leaf_value=-0.046580174051448632 0.045949190536943296 0.034003453195580284 0.063203846834948701 0.031002161345459203 0.016431511469957406 0.00044101511734001542 -0.025009956293622865 0.013254441607421501 0.068092823810732228 -0.022101416532636274
leaf_weight=141.19395154714584 20.582118570804596 17.442527830600739 24.130080342292786 20.542876720428467 28.633532255887985 24.753468170762062 30.862939476966858 35.611576229333878 39.869253039360046 16.128187716007233
leaf_count=832 27 24 32 27 39 35 42 56 54 33
internal_value=-0.000392845 0.0281173 0.0173643 0.0417228 0.0385994 0.0216473 0.00371521 -0.00461841 0.0561905 -0.0442261
internal_weight=399.751 242.428 136.681 105.748 52.7636 45.3356 83.917 66.4745 60.4121 157.322
internal_count=1201 336 193 143 71 62 122 98 81 865
is_linear=0
shrinkage=0.05


Tree=12
num_leaves=10
num_cat=0
split_feature=18 78 45 49 31 25 59 51 11
split_gain=113.97 16.0492 20.483 19.8551 14.4884 12.2191 8.7547 2.07492 1.85711
threshold=-0.00050954082800443526 0.32345498135009859 0.14132630934835919 0.013774904804351071 6.8375000000000004 34.725000000000016 1.3843198980417999 0.44692021334438109 0.008874583136907371
decision_type=2 2 2 2 2 2 2 2 2
left_child=7 2 4 5 -2 -4 -5 -1 -6
right_child=1 -3 3 6 8 -7 -8 -9 -10
leaf_value=-0.0145495016814098 0.012170056292152369 0.048633046573559685 0.018557213816918862 0.053567411178265661 -0.047027980736012651 -0.013450002482479182 0.015368613135675106 -0.045314977753745204 -0.020915383153753069
leaf_weight=7.0364992767572394 28.875347003340721 32.212502241134644 87.782239824533463 45.377080470323563 17.366633832454681 44.032797247171402 23.726262375712395 103.40238077938557 15.289617761969565
leaf_count=40 45 51 124 68 53 62 36 727 27
internal_value=-0.000412187 0.0158306 0.0116352 0.0193453 -0.013447 0.00784444 0.0408584 -0.0435029 -0.0357868
internal_weight=405.101 294.662 262.45 200.918 61.5316 131.815 69.1033 110.439 32.6563
internal_count=1233 466 415 290 125 186 104 767 80
is_linear=0
shrinkage=0.05


Tree=13
num_leaves=6
num_cat=0
split_feature=18 18 11 3 54
split_gain=456.801 10.3729 9.4267 3.79447 0.130209
threshold=-0.00019654923294621838 -0.00050954082800443526 0.010854768970988221 -2.739350810948777 -0.00019795703907274308
decision_type=2 2 2 2 2
left_child=1 -1 -3 -2 -5
right_child=3 2 -4 4 -6
leaf_value=0.070826066564526682 -0.0029835982427166979 0.063135947440198056 -0.005176478164471446 -0.031747389139314304 -0.044830556949945893
leaf_weight=138.16075733304024 5.8621326088905326 9.0865682512521762 9.8342198580503446 13.127946361899374 222.1295922845602
leaf_count=767 17 49 28 25 347
internal_value=-8.78558e-05 0.0660226 0.0291526 -0.0432514 -0.044238
internal_weight=398.201 157.082 18.9208 241.12 235.258
internal_count=1233 844 77 389 372
is_linear=0
shrinkage=0.05


Tree=14
num_leaves=10
num_cat=0
split_feature=18 27 18 77 0 72 37 21 27
split_gain=169.249 15.9049 15.2655 16.2806 13.4112 13.746 7.88696 5.17004 3.27133
threshold=-9.8690372756967361e-05 504.50000000000006 -2.2168938678725655e-05 0.94342524586278442 -0.38229605300126107 0.62959534506116077 0.36736370424475412 0.14594810100662625 549.23750000000007
decision_type=2 2 2 2 2 2 2 2 2
left_child=-1 2 -2 -4 5 6 -3 -6 -7
right_child=1 4 3 -5 7 8 -8 -9 -10
leaf_value=-0.045448214490653782 -0.035253418180610792 0.048785243820324599 -0.013958362142093991 0.035638965706388352 0.034111828245018065 0.014466957349323127 0.018974469704655259 0.070141608784702367 -0.011427663382004502
leaf_weight=133.15472155809402 17.455848038196564 46.411720871925354 26.766417071223259 40.58007724583149 21.962315022945404 22.653745353221893 45.605586320161819 24.961051926016808 24.189172744750977
leaf_count=861 29 61 40 56 30 30 61 33 32
internal_value=0.000500228 0.0231954 0.00517079 0.016011 0.0313512 0.0232493 0.0343733 0.0543417 0.00113589
internal_weight=403.741 270.586 84.8023 67.3465 185.784 138.86 92.0173 46.9234 46.8429
internal_count=1233 372 125 96 247 184 122 63 62
is_linear=0
shrinkage=0.05


Tree=15
num_leaves=11
num_cat=0
split_feature=0 5 71 1 4 70 55 71 26 75
split_gain=105.819 19.3898 20.3817 12.5007 14.3133 12.9669 12.3381 8.23771 7.59545 7.02646
threshold=-1.9706363172299433 -0.43219966868659887 2.3483013117637275 0.37837625287179139 1.2341826455100386 0.26532164365120153 5.3346868840150928e-05 3.3597197004115045 239.59250000000003 0.85216925149837908
decision_type=2 2 2 2 2 2 2 2 2 2
left_child=8 2 -2 6 9 -6 -3 -4 -1 -5
right_child=1 3 7 4 5 -7 -8 -9 -10 -11
leaf_value=-0.044799944042054993 -0.0077927836201532848 -0.0029088474101115476 0.063048280701504228 0.0052399618771329344 0.048399936840283951 -0.0060864230973765501 0.046212337325870767 0.024387924540432128 0.0064381383115476257 -0.021427204036580827
leaf_weight=102.73682117462158 19.850383102893829 20.173901677131653 41.217805236577988 41.512598663568497 23.062322080135345 19.62495082616806 33.371690854430199 23.258032664656639 7.5231427997350684 58.832946360111237
leaf_count=722 28 27 55 63 31 56 46 58 15 83
internal_value=1.26193e-05 0.0163086 0.0362243 0.00762532 -0.000140285 0.0237846 0.0279913 0.049688 -0.0412775 -0.0104522
internal_weight=391.165 280.905 84.3262 196.578 143.033 42.6873 53.5456 64.4758 110.26 100.346
internal_count=1184 447 141 306 233 87 73 113 737 146
is_linear=0
shrinkage=0.05


Tree=16
num_leaves=6
num_cat=0
split_feature=71 56 54 0 0
split_gain=393.426 16.4748 14.3783 1.13827 0.411072
threshold=6.616641124097514 -0.00015422020787516047 -0.00019795703907274308 -1.9706363172299433 -1.3089337750345023
decision_type=2 2 2 2 2
left_child=1 -1 4 -3 -2
right_child=2 3 -4 -5 -6
leaf_value=0.039551047080383456 0.068145016172747611 -0.022360360296564151 0.00092064388701534883 -0.044020747074828587 0.04143448204614239
leaf_weight=5.4331109076738349 130.22408451139927 9.5087431818246824 8.766019478440283 218.93543326854706 7.1780207306146613
leaf_count=25 725 21 27 352 34
internal_value=-0.000976667 -0.0411375 0.0631258 -0.0432205 0.0670591
internal_weight=380.045 233.877 146.168 228.444 137.402
internal_count=1184 398 786 373 759
is_linear=0
shrinkage=0.05


Tree=17
num_leaves=10
num_cat=0
split_feature=18 27 48 48 3 72 32 77 70
split_gain=141.712 15.8235 16.2157 15.568 14.1463 13.1779 10.3564 8.17653 5.4632
threshold=-7.0449325958978317e-05 510.3875000000001 0.0072509597362671692 0.014313343912346279 -0.90940218254206118 0.62959534506116077 46.970000000000006 0.96882950049130168 0.25058375322993159
decision_type=2 2 2 2 2 2 2 2 2
left_child=4 3 -3 7 -1 6 -4 -2 -7
right_child=1 2 5 -5 -6 8 -8 -9 -10
leaf_value=-0.044756738985909698 0.0054749163738239308 0.072807822113712464 0.022403084514135474 -0.019417507919746217 0.016345095509436511 -0.013010368559186046 0.056869664761001006 0.043830630727242498 0.019752422757946551
leaf_weight=125.40563172101974 31.949598997831345 20.679905846714973 55.357522755861282 35.494371876120567 9.7457110434770566 22.585616171360016 37.640537649393082 24.049262702465057 26.728886544704437
leaf_count=807 43 27 74 57 31 30 49 31 35
internal_value=0.000940018 0.0228939 0.0321928 0.00615928 -0.040263 0.0258241 0.0368099 0.0224271 0.00478699
internal_weight=389.637 254.486 162.992 91.4932 135.151 142.313 92.9981 55.9989 49.3145
internal_count=1184 346 215 131 838 188 123 74 65
is_linear=0
shrinkage=0.05


Tree=18
num_leaves=11
num_cat=0
split_feature=18 54 62 55 76 75 74 34 36 53
split_gain=94.985 21.2346 18.0444 15.3154 14.2708 11.8213 10.4217 10.4707 10.1466 0.65941
threshold=-0.00062927399415460843 -5.7771218704055117e-05 417.26000000000016 5.3346868840150928e-05 0.05020104167282511 0.83777865605924007 1.2321516669971015 0.2343733133434798 0.44456941973635999 0.52275734334814261
decision_type=2 2 2 2 2 2 2 2 2 2
left_child=9 4 3 5 -2 -3 7 -6 -5 -1
right_child=1 2 -4 8 6 -7 -8 -9 -10 -11
leaf_value=-0.018257591303904933 -0.0066352225993923349 0.017747797427681063 -0.030407135365116585 -0.011488931006928486 0.057614118198192912 -0.023671180982815187 0.071776734679718443 0.0017629961615586891 0.027667759124795074 -0.043603797552076017
leaf_weight=4.6860125809907904 14.534317523241041 27.944443598389626 28.035056829452515 18.857252180576324 14.953516080975531 41.727845564484596 25.683472439646721 17.842234790325165 110.49014636874199 92.35748665034771
leaf_count=30 43 39 38 29 24 61 35 64 145 697
internal_value=0.000165642 0.0140848 0.00647192 0.011793 0.0373519 -0.00704263 0.0482121 0.0281801 0.0219149 -0.0425786
internal_weight=397.112 300.068 227.055 199.02 73.0135 69.6723 58.4792 32.7958 129.347 97.0435
internal_count=1205 478 312 274 166 100 123 88 174 727
is_linear=0
shrinkage=0.05


Tree=19
num_leaves=6
num_cat=0
split_feature=54 63 18 29 3
split_gain=358.288 21.4797 13.3322 1.46324 0.0447819
threshold=-0.00031873595034308944 100.40000000000002 -0.00045515209128364759 531.90000000000009 -2.6290644507366587
decision_type=2 2 2 2 2
left_child=2 -2 3 -1 -3
right_child=1 4 -4 -5 -6
leaf_value=0.063773298017705898 0.063645383506774594 -0.030547137398570148 0.01213172168602325 0.028644066994425833 -0.043527287790496937
leaf_weight=131.38230104744434 3.9726093560457221 11.25784596800804 15.06089064478874 5.4133501499891272 215.4207823574543
leaf_count=728 23 22 53 24 355
internal_value=-0.00171355 -0.0409157 0.0577077 0.0626011 -0.0430196
internal_weight=382.508 230.651 151.857 136.796 226.679
internal_count=1205 400 805 752 377
is_linear=0
shrinkage=0.05


Tree=20
num_leaves=11
num_cat=0
split_feature=54 18 62 75 34 66 50 57 4 69
split_gain=158.792 17.8159 16.7852 9.62422 9.3457 8.17063 11.2357 8.03928 5.37681 0.689125
threshold=-5.7771218704055117e-05 -7.4170694263368832e-06 417.26000000000016 0.80830635952055996 0.1767237890121163 21.475000000000005 0.091267709322946575 0.21751506462231021 0.52258104178718756 2.0115512097209227
decision_type=2 2 2 2 2 2 2 2 2 2
left_child=1 7 3 4 -2 8 -7 -1 -5 -9
right_child=2 -3 -4 5 -6 6 -8 9 -10 -11
leaf_value=0.024162504703504558 0.029864407149817637 0.011442799991362815 0.062379089312144691 0.051875930054988251 -0.011230943173098504 0.038465234082485374 -0.0075569109997268057 -0.016034674227805624 0.026833345735370103 -0.044622902100282913
leaf_weight=3.863029718399047 21.636360704898834 17.005912840366364 29.932347297668457 40.263201713562012 34.668798863887787 22.829741194844246 29.302589267492294 3.6096774935722342 54.675733253359795 137.61768492311239
leaf_count=5 28 25 38 53 50 30 42 5 73 856
internal_value=0.00149145 -0.036395 0.0278569 0.0224957 0.00480633 0.0291897 0.0129417 -0.042042 0.0378838 -0.0440101
internal_weight=395.405 162.096 233.309 203.376 56.3052 147.071 52.1323 145.09 94.9389 141.227
internal_count=1205 891 314 276 78 198 72 866 126 861
is_linear=0
shrinkage=0.05


Tree=21
num_leaves=12
num_cat=0
split_feature=18 1 6 39 70 43 8 13 73 63 37
split_gain=87.0135 13.3747 17.6417 10.8058 12.7475 17.4739 9.56639 9.28396 8.08466 0.830823 0.82563
threshold=-0.00062927399415460843 0.39500428538584526 -3.3452578866814799 0.97952668193257508 0.35882007949206535 0.14856130903920714 -3.2714449684945559 0.00096661438430297418 0.3368463066597277 545.13750000000016 0.029128575156623513
decision_type=2 2 2 2 2 2 2 2 2 2 2
left_child=10 2 6 4 5 -3 -2 -4 -6 -9 -1
right_child=1 3 7 -5 8 -7 -8 9 -10 -11 -12
leaf_value=-0.015984182896321641 0.021895157961581171 -0.0064060151912470695 0.014095875726301438 -0.028245267914405455 -0.033798409580609944 0.034439979012316733 -0.02281613333070999 0.041854690742143368 0.0097549058609984231 0.062438544300491408 -0.042904766733403696
leaf_weight=4.5544922500848761 27.329661920666695 42.769726142287254 20.712536871433258 20.837944775819778 22.280385702848434 65.425988495349884 19.722164824604988 19.357087373733521 18.993541166186333 27.633981108665466 88.758202448487282
leaf_count=32 41 65 28 30 78 87 43 31 30 35 694
internal_value=-0.000125729 0.0136059 0.026724 0.00466235 0.00940731 0.0183828 0.00306924 0.0428793 -0.0139993 0.0550082 -0.0417742
internal_weight=378.376 285.063 114.755 170.308 149.47 108.196 47.0518 67.7036 41.2739 46.9911 93.3127
internal_count=1194 468 178 290 260 152 84 94 108 66 726
is_linear=0
shrinkage=0.05


Tree=22
num_leaves=6
num_cat=0
split_feature=71 3 21 11 20
split_gain=322.834 14.1169 4.95586 8.12542 0.239258
threshold=6.616641124097514 -2.7595104738104599 0.55623516996701661 0.019540228754839021 4.5311669908658149e-06
decision_type=2 2 2 2 2
left_child=1 -1 3 -2 -3
right_child=2 4 -4 -5 -6
leaf_value=0.015715619605624186 0.054903714992802083 -0.031502355549216245 0.05999392690872471 -0.012397515807034468 -0.042873607590092885
leaf_weight=10.701380655169485 10.383982554078104 19.160900458693504 131.8840212225914 6.8869198709726325 183.43609409034252
leaf_count=39 55 38 732 18 312
internal_value=0.000387441 -0.0390048 0.0566047 0.0288571 -0.0419582
internal_weight=362.453 213.298 149.155 17.2709 202.597
internal_count=1194 389 805 73 350
is_linear=0
shrinkage=0.05


Tree=23
num_leaves=11
num_cat=0
split_feature=54 5 71 18 1 4 75 55 66 74
split_gain=150.155 13.5028 14.891 12.3415 11.3837 15.7092 9.20286 10.4506 4.13708 0.954999
threshold=-7.3093981811021833e-05 -0.092179438963260613 2.2457174149286776 8.4575853715363712e-07 0.37837625287179139 1.0756677704195394 0.81189275423869123 7.3900996918838341e-05 21.137500000000003 0.33158779386285259
decision_type=2 2 2 2 2 2 2 2 2 2
left_child=3 2 -2 9 -3 8 -4 -8 -6 -1
right_child=1 4 6 -5 5 -7 7 -9 -10 -11
leaf_value=-0.014586108702393137 0.052813116841733357 0.0032058749889881336 -0.022318502279015853 0.013288199766907366 0.064256117629336376 0.014294806975293312 0.037794433064600542 -0.0052881088881217304 0.035696301640122281 -0.043985204284356566
leaf_weight=4.0940429568290702 16.542466163635254 22.481250703334808 25.573708459734917 9.9429633766412717 48.924651756882668 34.781133323907852 23.711853206157684 32.216256126761436 23.468328297138214 133.68369945138693
leaf_count=27 21 29 37 15 64 46 33 48 30 844
internal_value=-0.000247378 0.0251853 0.0110224 -0.0393555 0.0357288 0.0424582 0.00200279 0.0133206 0.0556101 -0.043223
internal_weight=375.42 227.7 98.0443 147.721 129.655 107.174 81.5018 55.9281 72.393 137.778
internal_count=1194 308 139 886 169 140 118 81 94 871
is_linear=0
shrinkage=0.05


Tree=24
num_leaves=14
num_cat=0
split_feature=18 54 77 42 76 25 21 0 1 54 44 67 67
split_gain=89.5099 14.7421 12.7019 13.7155 12.6269 11.1327 8.98442 6.89988 5.63583 0.871591 0.37544 0.0801428 0.153271
threshold=-0.00045515209128364759 -5.7771218704055117e-05 0.97012698070780556 -0.6985817309375707 0.060929933262145082 37.525000000000006 0.25965857270813475 -1.9706363172299433 0.34139551596255463 -0.00034865656419524139 -0.069681403611930079 32.937500000000007 40.649999999999999
decision_type=2 2 2 2 2 2 2 2 2 2 2 2 2
left_child=9 4 3 -3 -2 -5 8 -6 -4 11 -9 -1 -13
right_child=1 2 6 5 7 -7 -8 10 -10 -11 -12 12 -14
leaf_value=-0.042303589733755753 0.0026224461143039665 -0.010379256028439253 0.002027439058857401 0.038793572424610838 -0.0056177143206778864 0.0046267292350741333 0.016315307452744218 0.043010253010432015 -0.030146315028673772 -0.012405655644008556 0.062064539356277031 -0.015053021475965498 -0.035110422408010121
leaf_weight=84.63842585682869 21.124226093292236 32.001973927021027 21.776371955871582 66.896478727459908 4.9863962084054938 37.205085620284081 27.768860429525375 17.534922674298286 34.776583656668663 3.7800959646701804 25.173924431204796 4.3804664462804777 4.2815883830189705
leaf_count=686 57 43 29 91 21 52 39 29 49 25 36 31 34
internal_value=0.0010397 0.0149916 0.00860423 0.0180023 0.035034 0.0267428 -0.00659833 0.0490404 -0.0179375 -0.0402582 0.0554044 -0.0412431 -0.027575
internal_weight=386.325 289.245 220.425 136.104 68.8195 104.102 84.3218 47.6952 56.553 97.0806 42.7088 93.3005 8.66205
internal_count=1222 446 303 186 143 143 117 86 78 776 65 751 65
is_linear=0
shrinkage=0.05


Tree=25
num_leaves=7
num_cat=0
split_feature=18 18 44 0 51 65
split_gain=310.636 9.66509 7.7926 4.57426 0.34601 0.265422
threshold=-0.00019654923294621838 -0.00045515209128364759 -0.081530158203543132 -2.3298972333901316 0.44692021334438109 554.65500000000009
decision_type=2 2 2 2 2 2
left_child=1 4 -3 -2 -1 -5
right_child=3 2 -4 5 -6 -7
leaf_value=0.038188647997295717 0.0023007846612833967 0.047093848293732914 -0.016817930548413799 -0.027692872010049292 0.05855685849665361 -0.041926114402700436
leaf_weight=9.8008053600788099 6.1016319692134848 8.8593270182609576 8.4820267558097822 11.388949289917944 128.61531685292721 191.82676662504673
leaf_count=48 19 44 21 24 728 338
internal_value=-0.000284215 0.0529938 0.0166207 -0.039993 0.0573989 -0.0412679
internal_weight=365.075 155.757 17.3414 209.317 138.416 203.216
internal_count=1222 841 65 381 776 362
is_linear=0
shrinkage=0.05


Tree=26
num_leaves=10
num_cat=0
split_feature=54 27 75 72 18 66 2 67 48
split_gain=126.984 10.2554 9.79057 12.5537 9.68128 8.9576 16.7434 4.4457 4.94298
threshold=-9.2802641846916935e-05 503.23750000000007 0.87970657636663285 0.27043792849447479 -7.4170694263368832e-06 19.962500000000006 1.0000000180025095e-35 3.2874999999999992 0.017996981824531539
decision_type=2 2 2 2 2 2 2 2 2
left_child=4 2 3 -2 -1 7 -7 -3 -9
right_child=1 5 -4 -5 -6 6 -8 8 -10
leaf_value=-0.042933368626100865 0.023777541898684494 0.014991316766068206 0.028489305813643825 -0.02811818656633247 0.010680354150613358 -0.020781836249974543 0.03195962517164027 0.027501119798917673 0.052376911215521307
leaf_weight=127.10123410075903 17.786490857601166 22.695897579193115 26.940762802958488 29.880755171179771 8.6317960172891599 23.710336148738861 37.797697007656097 43.166922122240067 45.34831540286541
leaf_count=872 23 29 44 47 14 31 48 56 58
internal_value=-0.000777639 0.0205305 0.00495184 -0.0086632 -0.0394707 0.0271927 0.0116214 0.0356244 0.0406883
internal_weight=383.06 247.327 74.608 47.6672 135.733 172.719 61.508 111.211 88.5152
internal_count=1222 336 114 70 886 222 79 143 114
is_linear=0
shrinkage=0.05


Tree=27
num_leaves=10
num_cat=0
split_feature=18 55 41 9 61 1 54 21 78
split_gain=80.1395 18.4085 19.6275 18.6633 15.8223 9.68956 8.83388 7.8159 6.89946
threshold=-0.00062927399415460843 5.4953183551203554e-05 0.79913318966906177 0.0087514507304497138 89.200000000000017 0.38617311826938533 -5.7771218704055117e-05 0.13416439101290986 0.21091891470872595
decision_type=2 2 2 2 2 2 2 2 2
left_child=-1 6 3 8 5 -4 -2 -8 -3
right_child=1 2 4 -5 -6 -7 7 -9 -10
leaf_value=-0.041577573034325799 0.028721715984552417 -0.023263429916322163 0.061466364784101328 0.04751022245362907 0.0008507259308678678 0.029171194714771694 0.00020427066719257513 -0.03352926215599953 0.016809031941721245
leaf_weight=86.163532920181751 13.496621310710905 43.307191535830498 37.217714861035347 14.896276652812956 32.072805792093277 69.742110818624496 40.195831462740898 28.96076974272728 13.379090361297129
leaf_count=730 26 95 49 26 44 100 56 42 40
internal_value=0.000534238 0.0130061 0.0208259 -0.000465718 0.0317131 0.0408739 -0.00693075 -0.0141989 -0.0136781
internal_weight=379.432 293.268 210.615 71.5826 139.033 106.96 82.6532 69.1566 56.6863
internal_count=1208 478 354 161 193 149 124 98 135
is_linear=0
shrinkage=0.05


Tree=28
num_leaves=7
num_cat=0
split_feature=18 41 3 18 57 54
split_gain=286.35 10.2974 3.32113 1.8381 0.527157 0.0559185
threshold=-0.00019654923294621838 1.2914669179146594 -2.8743497842057839 -0.00030985510644138104 0.5136960992809273 -0.00019795703907274308
decision_type=2 2 2 2 2 2
left_child=1 3 -2 4 -1 -4
right_child=2 -3 5 -5 -6 -7
leaf_value=0.031928136622424663 -0.0041318470274704774 -0.0021581953956263888 -0.028851875005131002 0.024955747002557559 0.056480542001323866 -0.041476968405830122
leaf_weight=6.6900258213281623 6.5833053290843955 8.5404477268457395 11.064905926585196 7.5327613800764075 129.36733892560005 183.18428009748459
leaf_count=31 19 28 23 31 743 333
internal_value=-0.000615139 0.0509441 -0.0397301 0.0540956 0.055515 -0.0409093
internal_weight=352.963 152.131 200.832 143.59 136.057 194.249
internal_count=1208 833 375 805 774 356
is_linear=0
shrinkage=0.05


Tree=29
num_leaves=10
num_cat=0
split_feature=54 55 41 61 1 50 30 52 75
split_gain=128.455 16.0598 16.1095 17.6928 11.5279 8.78351 6.38899 4.128 0.779241
threshold=-0.00010460736410723659 5.4953183551203554e-05 0.79913318966906177 89.200000000000017 0.38617311826938533 0.14483961344139204 16.337500000000006 0.023155690656338043 0.95713385549030483
decision_type=2 2 2 2 2 2 2 2 2
left_child=8 6 5 4 -4 -3 -2 -8 -1
right_child=1 2 3 -5 -6 -7 7 -9 -10
leaf_value=-0.042483287306180971 0.014472298511100211 0.0071194620370236064 -0.035720383004707583 0.033178069901280492 0.0024568019400599203 0.050126608684665744 0.027008877898354645 0.056347868258777835 -0.015790183113173786
leaf_weight=118.71916365623474 22.233965039253235 19.050528816878796 28.534692451357841 30.978303790092468 59.477975770831108 32.243393063545227 21.542880102992058 39.405288994312286 4.3829416185617438
leaf_count=833 28 31 39 40 81 45 28 51 32
internal_value=3.83909e-05 0.0203781 0.0114645 0.00128818 -0.0101829 0.0345954 0.0382725 0.046581 -0.0416678
internal_weight=376.569 253.467 170.285 118.991 88.0127 51.2939 83.1821 60.9482 123.102
internal_count=1208 343 236 160 120 76 107 79 865
is_linear=0
shrinkage=0.05


Tree=30
num_leaves=10
num_cat=0
split_feature=18 68 75 34 10 25 5 15 3
split_gain=78.7014 14.7813 9.15303 10.439 10.204 10.4202 8.98818 1.21036 1.76228
threshold=-0.00045515209128364759 20.172500000000003 0.84566369899844152 0.091567302351837535 1.2990853412481502e-05 42.300000000000004 -0.43219966868659887 0.38174082536772025 -3.8065339943760645
decision_type=2 2 2 2 2 2 2 2 2
left_child=7 -2 3 -3 -4 -6 -5 8 -1
right_child=1 2 4 6 5 -7 -8 -9 -10
leaf_value=-0.035768807462362905 -0.030093739138849104 -0.016429611409440173 -0.044054788569675374 0.050591547352630696 0.01938516920253526 -0.012107988575411625 0.020982707804630948 -0.040923247286160085 0.0063661395612607773
leaf_weight=4.7362135797739029 16.484457343816757 11.695388346910475 7.5553430616855612 41.108946725726128 113.48304255306721 33.336960956454277 72.650806918740273 79.377104908227921 3.9158801659941656
leaf_count=38 27 16 12 65 177 47 105 703 22
internal_value=0.0023471 0.0146902 0.0174261 0.0274182 0.00918175 0.0122008 0.03203 -0.0388993 -0.018015
internal_weight=384.344 296.315 279.83 125.455 154.375 146.82 113.76 88.0292 8.65209
internal_count=1212 449 422 186 236 224 170 763 60
is_linear=0
shrinkage=0.05


Tree=31
num_leaves=7
num_cat=0
split_feature=18 18 60 56 30 15
split_gain=261.712 9.06936 4.59932 0.618283 0.0746192 0.542743
threshold=-0.00019654923294621838 -0.00045515209128364759 39.01250000000001 -1.3301370849690366e-05 62.687500000000007 0.41466606759474867
decision_type=2 2 2 2 2 2
left_child=1 4 -2 -4 -1 -6
right_child=2 -3 3 -5 5 -7
leaf_value=0.054190614601372783 0.014118171431032167 0.012122227780163038 -0.023550193176004153 -0.040594706266240697 0.022556119115036723 0.048629710094497583
leaf_weight=116.46801172196865 3.5690089017152777 16.018938571214676 10.400950878858565 188.00745058059692 6.3508279323577872 8.6871098577976209
leaf_count=682 13 58 24 354 30 51
internal_value=-0.00190536 0.0485364 -0.0388057 -0.0398238 0.0528471 0.0397113
internal_weight=349.502 147.525 201.977 198.408 131.506 15.0379
internal_count=1212 821 391 378 763 81
is_linear=0
shrinkage=0.05


Tree=32
num_leaves=9
num_cat=0
split_feature=54 42 66 77 35 40 3 35
split_gain=109.026 11.1346 10.8158 12.1733 9.30567 11.0502 6.72358 5.20686
threshold=-9.2802641846916935e-05 -0.72042688257903986 13.975000000000001 0.95764878261777009 2.8192495782021418 0.26712115983844026 -1.3213352033222836 3.1046464242416243
decision_type=2 2 2 2 2 2 2 2
left_child=7 6 3 -3 -4 -6 -2 -1
right_child=1 2 4 -5 5 -7 -8 -9
leaf_value=-0.0078803516993877672 0.018720683107665458 0.0057665280397513992 -0.016874593283549507 0.056708725708840002 -0.015529124359908556 0.020494267130960107 0.056536279244856082 -0.041751876734222572
leaf_weight=13.177842751145361 23.338352993130684 21.626212507486343 32.435990422964096 25.284476682543755 26.295868292450905 98.377952963113785 26.084414064884186 113.51886474341154
leaf_count=21 30 29 44 33 41 129 32 853
internal_value=-0.000620792 0.0183007 0.0130212 0.0338345 0.00663196 0.0128332 0.0394045 -0.0383182
internal_weight=380.14 253.443 204.021 46.9107 157.11 124.674 49.4228 126.697
internal_count=1212 338 276 62 214 170 62 874
is_linear=0
shrinkage=0.05


Tree=33
num_leaves=10
num_cat=0
split_feature=18 19 19 52 60 77 70 3 37
split_gain=65.9291 11.8693 24.5893 11.6455 10.0213 8.52151 7.22627 3.07812 1.06805
threshold=-0.00062927399415460843 2.286191775820082e-05 1.0304555959913872e-05 0.1766229553952067 298.05000000000007 0.94614450656881643 0.3471855627003067 -1.0854527076160447 0.029128575156623513
decision_type=2 2 2 2 2 2 2 2 2
left_child=8 2 -2 4 6 -5 -3 -4 -1
right_child=1 3 7 5 -6 -7 -8 -9 -10
leaf_value=-0.0099920667095214702 0.03663210362179483 0.034101881636356295 -0.011173387155322893 0.017834393446226626 -0.0084828484805668774 -0.023740645438072847 0.011657140565487065 -0.037305483600882698 -0.040354869887559583
leaf_weight=3.8139901310205451 21.847043633460999 112.34825840592384 20.999620690941811 21.716968685388565 22.281339272856712 26.006829842925072 54.565416514873505 26.68509678542614 75.521861754357815
leaf_count=31 29 153 33 29 31 41 141 39 699
internal_value=0.00129736 0.0118326 -0.00626216 0.0171471 0.0226906 -0.00484396 0.0268776 -0.0262632 -0.0390378
internal_weight=385.786 306.451 69.5318 236.919 189.195 47.7238 166.914 47.6847 79.3359
internal_count=1226 496 101 395 325 70 294 72 730
is_linear=0
shrinkage=0.05


Tree=34
num_leaves=6
num_cat=0
split_feature=71 56 54 53 0
split_gain=241.396 10.6849 6.8758 1.04894 0.0363588
threshold=6.616641124097514 -0.00012895763177194256 -0.00030429114072600668 0.53333578691465178 -1.8811766813472959
decision_type=2 2 2 2 2
left_child=1 -1 3 -2 -3
right_child=2 4 -4 -5 -6
leaf_value=0.018214112551209062 0.0290756442312123 -0.027648042080556018 0.0060412499125934325 0.051739155274919658 -0.040166495799403623
leaf_weight=7.7699751406908026 9.8656167984008771 10.203553467988966 9.7064213901758176 123.46203683316708 183.36295594274998
leaf_count=30 47 22 34 736 357
internal_value=-0.00212834 -0.0373399 0.0473511 0.0502911 -0.0396521
internal_weight=344.371 201.336 143.034 133.328 193.567
internal_count=1226 409 817 783 379
is_linear=0
shrinkage=0.05


Tree=35
num_leaves=11
num_cat=0
split_feature=33 5 71 78 43 71 43 32 12 11
split_gain=94.9729 8.49344 10.019 10.1304 9.30051 17.4951 8.04265 5.49897 4.338 3.39705
threshold=3.1446574245305019 -0.34580774994584118 2.2457174149286776 0.033556579651931269 0.21387253127316622 2.6877349867860043 0.39310170731246052 42.965000000000011 0.002222361309172778 0.40219127471929766
decision_type=2 2 2 2 2 2 2 2 2 2
left_child=1 2 -1 -4 7 -6 -7 -3 -9 -2
right_child=9 4 3 -5 5 6 -8 8 -10 -11
leaf_value=0.028782412104985486 -0.041045387461127104 0.019266661784441984 0.013087364612933791 -0.029618504839118903 -0.030154984690174594 0.0021065639037215378 0.033588533731242681 0.026691755540276359 0.058003754284607939 0.0037729512014834949
leaf_weight=23.27759525179863 102.31748833507299 43.427141964435577 25.222564429044724 28.751906149089336 19.767700985074043 33.803153827786446 50.272192060947418 23.433224514126778 26.862034976482391 4.2405679225921622
leaf_count=31 830 59 36 45 27 48 64 30 35 21
internal_value=0.000610042 0.0161491 0.0020542 -0.00978677 0.0216224 0.0111521 0.0211045 0.032983 0.0442198 -0.0392433
internal_weight=381.376 274.818 77.2521 53.9745 197.565 103.843 84.0753 93.7224 50.2953 106.558
internal_count=1226 375 112 81 263 139 112 124 65 851
is_linear=0
shrinkage=0.05


Tree=36
num_leaves=12
num_cat=0
split_feature=18 55 19 9 71 68 40 75 11 49 11
split_gain=69.7221 15.0893 8.94103 8.77982 15.9876 11.1414 7.58189 5.8207 5.3891 3.73684 1.1965
threshold=-0.0005782804255251362 5.4953183551203554e-05 1.1013448113117779e-05 0.00045003689977222511 3.5146186377083066 168.92500000000004 0.34815010456095702 0.80210097474214381 0.0054021315333011377 0.0027828699667912671 0.054375415286102152
decision_type=2 2 2 2 2 2 2 2 2 2 2
left_child=-1 2 -2 4 6 8 -3 -4 -5 -9 -6
right_child=1 3 7 5 10 -7 -8 9 -10 -11 -12
leaf_value=-0.039885685345590699 0.029527748398181838 0.041232549675960975 0.0081084407905785243 0.0078964565066464484 -0.044625283991388709 -0.0024597050667517222 0.0035924129468901545 -0.0023488048822166291 0.039067271879229287 -0.032896433578015277 -0.014677039289163194
leaf_weight=74.995582848787308 14.872868478298185 22.603932872414589 22.818249151110649 16.795516476035118 10.423040695488455 24.384366139769554 31.374112784862518 15.30878710746765 98.234253570437431 28.848757579922676 6.6614398956298819
leaf_count=724 20 31 31 25 52 42 41 21 133 49 15
internal_value=0.00280381 0.0138544 -0.00432602 0.0209113 0.00648531 0.0281659 0.0198179 -0.0121675 0.0346233 -0.0225925 -0.0344054
internal_weight=367.321 292.325 81.8487 210.477 71.0625 139.414 53.978 66.9758 115.03 44.1575 17.0845
internal_count=1184 460 121 339 139 200 72 101 158 70 67
is_linear=0
shrinkage=0.05


Tree=37
num_leaves=6
num_cat=0
split_feature=18 18 11 3 65
split_gain=222.209 7.47586 10.9789 3.50422 0.129282
threshold=-0.00019654923294621838 -0.0005782804255251362 0.010854768970988221 -2.739350810948777 554.65500000000009
decision_type=2 2 2 2 2
left_child=1 -1 -3 -2 -5
right_child=3 2 -4 4 -6
leaf_value=0.050526280046721744 -0.0030453318416585281 0.055800196307605188 -0.014665040223943826 -0.026885455765036481 -0.039952485229313904
leaf_weight=117.62435011565685 7.0979294329881659 8.9176859408617037 11.771699219942091 10.656591430306433 166.36238976567984
leaf_count=724 21 51 31 24 333
internal_value=-0.00205558 0.0456506 0.0168797 -0.0379468 -0.0393213
internal_weight=322.431 138.314 20.6894 184.117 177.019
internal_count=1184 806 82 378 357
is_linear=0
shrinkage=0.05


Tree=38
num_leaves=9
num_cat=0
split_feature=18 55 52 7 25 76 2 57
split_gain=78.5221 12.9052 11.0393 8.68977 7.92727 7.19043 9.38738 1.14164
threshold=-8.8452330012806524e-05 5.4953183551203554e-05 0.19187318235374948 0.1907657359754609 27.562500000000014 0.11392668710579539 0.81761996574204854 0.26776747137869256
decision_type=2 2 2 2 2 2 2 2
left_child=7 3 5 -2 -5 6 -3 -1
right_child=1 2 -4 4 -6 -7 -8 -9
leaf_value=-0.0056705281165930601 0.054279325995292241 -0.0059890721194305607 0.028820518273176134 -0.0039586679724985434 0.032443259060622925 -0.026634833572590128 0.023634391501080518 -0.040287297949402792
leaf_weight=2.8077427297830573 23.585155084729195 80.274661719799042 38.30891939997673 23.90221694111824 38.093014672398567 22.15425206720829 38.894648253917694 93.888023622334003
leaf_count=6 30 112 51 33 49 31 50 822
internal_value=-0.00101365 0.0130591 0.00538286 0.0289233 0.0185685 -0.0011283 0.00379569 -0.0393505
internal_weight=361.909 265.213 179.632 85.5804 61.9952 141.324 119.169 96.6958
internal_count=1184 356 244 112 82 193 162 828
is_linear=0
shrinkage=0.05


Tree=39
num_leaves=8
num_cat=0
split_feature=18 68 54 9 3 66 37
split_gain=63.7344 15.4403 7.66893 11.3191 13.1526 5.55859 1.07223
threshold=-0.0005782804255251362 20.172500000000003 5.5678745740656901e-05 0.00016465195976465065 -1.0371746870072334 18.475000000000005 0.029128575156623513
decision_type=2 2 2 2 2 2 2
left_child=6 -2 3 5 -5 -3 -1
right_child=1 2 -4 4 -6 -7 -8
leaf_value=-0.009029352181612495 -0.034057437234046861 -0.019907184149907598 -0.0039426693666450366 0.037301546684240815 0.010714329789715964 0.01423627731518968 -0.039342820948113547
leaf_weight=3.7637261077761641 14.881406456232069 21.865246348083019 38.108348309993744 104.60876012593508 85.100123971700668 23.920065708458424 69.330109149217606
leaf_count=33 26 35 55 181 117 43 703
internal_value=0.00346517 0.014047 0.016778 0.0201335 0.0254937 -0.00214627 -0.0379249
internal_weight=361.578 288.484 273.603 235.494 189.709 45.7853 73.0938
internal_count=1193 457 431 376 298 78 736
is_linear=0
shrinkage=0.05


Tree=40
num_leaves=7
num_cat=0
split_feature=18 18 44 38 37 56
split_gain=198.872 8.25958 7.56406 3.24835 0.351486 0.325188
threshold=-0.00019654923294621838 -0.0005782804255251362 -0.1007655094278276 0.99664276610861979 0.029128575156623513 4.9598135077439368e-05
decision_type=2 2 2 2 2 2
left_child=1 4 -3 -2 -1 -5
right_child=3 2 -4 5 -6 -7
leaf_value=0.026770047236682821 -0.010388230549753581 0.042511941382631917 -0.014311364804458191 -0.030151569742253005 0.048965217446205751 -0.040331227435718653
leaf_weight=5.832662194967269 11.54217232018709 10.435535401105883 11.241203665733336 25.679283156991005 110.80483084917068 137.83371851593256
leaf_count=33 33 53 31 59 703 281
internal_value=-0.00179925 0.0428414 0.0137127 -0.0371136 0.0480923 -0.0389255
internal_weight=313.369 138.314 21.6767 175.055 116.637 163.513
internal_count=1193 820 84 373 736 340
is_linear=0
shrinkage=0.05


Tree=41
num_leaves=8
num_cat=0
split_feature=18 68 55 52 48 58 24
split_gain=72.7032 13.9938 11.1805 12.835 8.10745 6.21426 5.43519
threshold=-7.6806529542049827e-05 20.172500000000003 4.5347530989999208e-05 0.20508518955534202 0.015977325959660667 0.030748057096567322 157.36250000000004
decision_type=2 2 2 2 2 2 2
left_child=6 -2 5 4 -4 -3 -1
right_child=1 2 3 -5 -6 -7 -8
leaf_value=-0.040093103939795358 0.058186509510617615 0.01009616670923718 0.0088963383154012868 0.034521585350451432 -0.013652899636752258 0.044764240572658875 0.010668496947455731
leaf_weight=96.525740742683411 14.717896483838556 24.164410308003426 81.296736538410187 27.295184560120106 76.338418260216713 28.750135034322739 5.1800479888916007
leaf_count=847 19 31 105 36 110 37 8
internal_value=-0.00194434 0.0124364 0.00937364 0.00351229 -0.00204087 0.0294133 -0.037429
internal_weight=354.269 252.563 237.845 184.93 157.635 52.9145 101.706
internal_count=1193 338 319 251 215 68 855
is_linear=0
shrinkage=0.05


Tree=42
num_leaves=10
num_cat=0
split_feature=71 39 55 1 78 20 7 20 35
split_gain=51.3307 13.4537 12.1509 10.7569 12.3845 11.8852 7.99137 5.31568 2.45958
threshold=9.9677386827035956 -0.28848425077912571 4.5347530989999208e-05 0.47587768439840927 0.039919751425235135 5.8506746800537282e-05 0.24087970079780477 0.00011975647333590954 10.325745549297764
decision_type=2 2 2 2 2 2 2 2 2
left_child=1 7 6 4 -4 -5 -3 -1 -2
right_child=8 2 3 5 -6 -7 -8 -9 -10
leaf_value=-0.036173908093761968 -0.0042228076531902435 -0.032061309162828532 0.008904645600187373 -0.015981752201480855 0.04402400190501482 0.020073013192328695 0.0087196506907232154 -0.00098610567447968839 -0.03951767095618397
leaf_weight=17.446430519223213 5.5989907234907141 19.589664474129677 41.625534564256668 34.267003029584885 64.679114535450935 64.304301097989082 28.076491147279739 25.805361926555634 66.744526095688343
leaf_count=32 44 28 64 84 112 86 41 34 694
internal_value=0.000576937 0.00983154 0.0142448 0.0195178 0.0304835 0.00750443 -0.00835477 -0.0156765 -0.0368809
internal_weight=368.137 295.794 252.542 204.876 106.305 98.5713 47.6662 43.2518 72.3435
internal_count=1219 481 415 346 176 170 69 66 738
is_linear=0
shrinkage=0.05


Tree=43
num_leaves=8
num_cat=0
split_feature=18 71 9 3 54 37 53
split_gain=194.118 6.51374 11.2807 2.83087 0.605744 0.286878 0.0159442
threshold=-0.00019654923294621838 9.9677386827035956 0.0020476334231603909 -2.7595104738104599 -0.00017764514426888266 0.034154168549785702 0.70516948459987394
decision_type=2 2 2 2 2 2 2
left_child=1 2 6 -2 -5 -3 -1
right_child=3 5 -4 4 -6 -7 -8
leaf_value=0.050526450987699117 -0.0046718811512379251 0.027780220726331691 -0.022316071381556706 -0.021094724646049876 -0.038983620350191442 0.048315695989540976 0.027838981250427088
leaf_weight=9.1992617249488848 6.8577965199947348 6.4668338298797599 9.7824129313230497 8.8254977613687497 159.95389792323112 105.99355199933052 4.9538123160600653
leaf_count=55 20 38 23 22 342 692 27
internal_value=-0.00223997 0.0423401 0.017664 -0.0369036 -0.038178 0.0473901 0.0449467
internal_weight=312.033 136.396 23.9355 175.637 168.779 112.46 14.1531
internal_count=1219 835 105 384 364 730 82
is_linear=0
shrinkage=0.05


Tree=44
num_leaves=10
num_cat=0
split_feature=69 52 19 28 20 1 33 28 20
split_gain=75.6227 10.7918 15.1305 11.0671 9.71518 6.55296 2.50619 2.27355 1.33637
threshold=2.8578056549468847 0.19187318235374948 6.5550062661292748e-05 10.575000000000014 6.127914234524763e-05 0.46123846630141035 2.4072321751453503 22.162500000000005 0.0002668004143872664
decision_type=2 2 2 2 2 2 2 2 2
left_child=1 2 3 -1 -5 -4 -2 -3 -8
right_child=6 7 5 4 -6 -7 8 -9 -10
leaf_value=0.043903613176782652 0.027521294887055993 0.023608224670629351 -0.044939306906387005 0.021759605306981875 -0.0030845417653317343 -0.0013042316244862731 -0.039516297492467628 0.047574846763960787 -0.012285035650303831
leaf_weight=28.646750554442406 0.81467646360397239 22.973734378814697 14.02612456679344 85.453172206878662 71.818750083446503 20.27670955657959 86.905195437371731 23.718392193317413 5.9311972483992568
leaf_count=37 1 30 29 115 95 32 821 30 29
internal_value=0.00135029 0.0149194 0.0101941 0.015826 0.0104666 -0.0199138 -0.0370719 0.0365249 -0.037926
internal_weight=360.565 266.914 220.222 185.919 157.272 34.3028 93.6511 46.6921 92.8364
internal_count=1219 368 308 247 210 61 851 60 850
is_linear=0
shrinkage=0.05


Tree=45
num_leaves=11
num_cat=0
split_feature=18 13 19 0 26 19 30 30 4 11
split_gain=51.3551 8.66616 11.0585 8.57987 8.21337 9.23985 7.54307 11.311 7.19969 5.10614
threshold=-0.00062927399415460843 0.0008897350904005847 1.1644651360520056e-05 -2.0054592968496676 181.96750000000003 2.286191775820082e-05 27.112500000000004 18.875000000000004 0.91505474776452145 0.008874583136907371
decision_type=2 2 2 2 2 2 2 2 2 2
left_child=-1 2 -2 8 -4 -6 7 -5 -3 -8
right_child=1 3 4 6 5 -7 9 -9 -10 -11
leaf_value=-0.038487043315841976 0.028978630389102901 -0.042091603973165012 -0.036899481019932102 0.025771951995998729 -0.024928450581662188 0.016499594853264066 0.010180842592054592 -0.0018667520701484361 0.019304965069177876 0.046084369780065193
leaf_weight=64.453311540186405 20.97933055460453 10.352300494909288 21.174551799893379 79.183670237660408 21.99324095249176 31.4605553150177 14.731541544198988 68.526379033923149 7.45363014191389 34.192791298031807
leaf_count=718 28 62 30 112 32 41 30 95 15 54
internal_value=0.00177378 0.0102401 -0.00226585 0.0158005 -0.0113163 -0.000690491 0.0188161 0.0130233 -0.0167309 0.035694
internal_weight=374.501 310.048 95.6077 214.44 74.6283 53.4538 196.634 147.71 17.8059 48.9243
internal_count=1217 499 131 368 103 73 291 207 77 84
is_linear=0
shrinkage=0.05


Tree=46
num_leaves=7
num_cat=0
split_feature=18 74 38 37 78 9
split_gain=181.256 8.30323 1.72329 1.67232 3.88921 0.150013
threshold=-0.00019654923294621838 1.7825567500248705 0.99664276610861979 0.26821345931666779 0.31539597409389891 0.00015968927073407464
decision_type=2 2 2 2 2 2
left_child=1 3 -2 -1 5 -5
right_child=2 -3 -4 4 -6 -7
leaf_value=0.047606577778430026 -0.016729029004461504 0.0029926415283025812 -0.038163211701353311 0.025530400975701074 -0.0078760259997119348 0.048843955759653945
leaf_weight=99.607545182108879 12.29759308695793 13.327386423945425 163.55987230688334 5.4020583331584948 5.1228884905576697 7.6227077394723892
leaf_count=665 33 57 363 32 19 48
internal_value=-0.00368169 0.0406477 -0.0367674 0.0448483 0.0280134 0.0416844
internal_weight=306.94 131.083 175.857 117.755 18.1477 13.0248
internal_count=1217 821 396 764 99 80
is_linear=0
shrinkage=0.05


Tree=47
num_leaves=10
num_cat=0
split_feature=18 77 28 25 26 18 44 59 57
split_gain=70.0379 9.13171 11.2159 7.67107 12.8351 9.93387 6.88499 9.13782 1.76573
threshold=-9.8690372756967361e-05 0.91867319334279895 24.599999999999984 26.262500000000003 193.65250000000006 -7.4170694263368832e-06 1.2120963535466254 1.1987250030069367 0.31986942488874148
decision_type=2 2 2 2 2 2 2 2 2
left_child=8 2 -2 4 5 -3 7 -5 -1
right_child=1 3 -4 6 -6 -7 -8 -9 -10
leaf_value=0.0048504926184105611 0.013514237556949738 -0.0047452974639483787 -0.031201288670541057 0.0084679616712646406 -0.019171483944881669 0.039032433297684965 0.048005080884209059 0.037556870358672542 -0.03910027190880546
leaf_weight=2.1346503496170035 33.840304613113403 21.912914894521236 22.499567791819572 73.164775907993317 31.349399641156197 30.030611276626587 25.777419149875641 42.550936728715897 83.821477435529232
leaf_count=7 44 32 34 98 42 41 32 56 831
internal_value=0.0012706 0.0133594 -0.00457581 0.017855 0.00572154 0.0208235 0.0249073 0.0193947 -0.0379656
internal_weight=367.082 281.126 56.3399 224.786 83.2929 51.9435 141.493 115.716 85.9561
internal_count=1217 379 78 301 115 73 186 154 838
is_linear=0
shrinkage=0.05


Tree=48
num_leaves=12
num_cat=0
split_feature=18 75 1 52 32 4 4 44 19 67 13
split_gain=46.3321 9.79277 11.4258 14.3852 10.9465 8.95478 10.0333 6.64171 4.68433 9.36508 4.32159
threshold=-0.00062927399415460843 0.83689357370480477 0.39113677197564084 0.044879581029628531 40.550000000000004 1.0058459898253951 0.36125914501388606 0.57172447691146189 2.286191775820082e-05 12.175000000000002 0.0022747280198235314
decision_type=2 2 2 2 2 2 2 2 2 2 2
left_child=-1 4 3 -3 10 6 -4 -7 -6 -10 -2
right_child=1 2 5 -5 8 7 -8 -9 9 -11 -12
leaf_value=-0.03809931477675918 -0.020134418760607294 -0.0043123153310205423 0.023681278207886181 0.043992177173398872 0.0031357739671798502 -0.012720287859542628 -0.027210588066847376 0.0254660432574072 0.047359681462861278 0.0082510818664162083 0.012263818880164208
leaf_weight=61.458922512829304 17.07498474419117 31.764993816614151 10.782709367573259 28.646948762238026 13.947708025574682 18.883653253316879 58.035839758813381 25.978496626019478 48.154403381049633 22.93952950835228 22.921944379806519
leaf_count=718 25 47 20 42 21 31 105 36 69 50 35
internal_value=0.0010836 0.00923417 0.00154021 0.0189367 0.0198493 -0.00778911 -0.0190117 0.00946553 0.0298964 0.0350302 -0.00172098
internal_weight=360.59 299.131 174.093 60.4119 125.039 113.681 68.8185 44.8621 85.0416 71.0939 39.9969
internal_count=1199 481 281 89 200 192 125 67 140 119 60
is_linear=0
shrinkage=0.05


Tree=49
num_leaves=6
num_cat=0
split_feature=18 3 54 57 27
split_gain=158.801 13.1686 5.31814 2.61643 0.212621
threshold=-0.00045515209128364759 -3.1072138120524513 -0.00031873595034308944 0.53161626792179584 438.22500000000008
decision_type=2 2 2 2 2
left_child=3 -2 -3 -1 -4
right_child=1 2 4 -5 -6
leaf_value=0.011073984981763652 0.028714129754463531 -0.00069845990286572686 -0.0241764246649738 0.045587449597423627 -0.037974017721085107
leaf_weight=6.5885464549064627 7.7667060494422904 10.609603270888327 9.7597051262855512 103.81921438872814 152.46673249453306
leaf_count=30 34 35 24 727 349
internal_value=-0.00336215 -0.0321816 -0.0350675 0.0436458 -0.0372971
internal_weight=291.011 180.603 172.836 110.408 162.226
internal_count=1199 442 408 757 373
is_linear=0
shrinkage=0.05


Tree=50
num_leaves=11
num_cat=0
split_feature=54 66 2 55 39 55 11 61 41 22
split_gain=73.8472 10.1961 13.1756 8.15686 9.10989 7.7663 7.5177 5.55331 2.96715 1.29479
threshold=-0.00010460736410723659 19.175000000000001 1.0000000180025095e-35 6.9995522685988373e-05 -0.076098724199615705 9.1197890078984409e-05 0.0054021315333011377 59.487500000000004 2.2194388577300903 0.016617333952398703
decision_type=2 2 2 2 2 2 2 2 2 2
left_child=8 3 -3 7 -5 -4 -6 -2 9 -1
right_child=1 2 5 4 6 -7 -8 -9 -10 -11
leaf_value=-0.0033345478741629007 0.047210598135595784 -0.020998523430543283 0.028505527598668243 0.037331882222700126 0.026645030536476984 -0.0038095111085515339 -0.011568691022954616 0.017487676342937124 0.0038780388668183279 -0.039524780548261668
leaf_weight=2.7429550662636748 42.835934415459633 35.627899654209614 44.894701972603798 24.493104368448257 18.340029984712601 30.897887885570526 37.481877446174622 27.217855110764503 4.1587047502398482 85.527680590748787
leaf_count=17 54 56 58 32 28 41 51 35 9 818
internal_value=0.00166085 0.0152306 0.00371467 0.0236827 0.0125664 0.0154538 0.00123422 0.0360711 -0.0365245 -0.0384501
internal_weight=354.219 261.789 111.42 150.369 80.315 75.7926 55.8219 70.0538 92.4293 88.2706
internal_count=1199 355 155 200 111 99 79 89 844 835
is_linear=0
shrinkage=0.05


Tree=51
num_leaves=14
num_cat=0
split_feature=0 3 45 66 11 32 73 78 69 16 45 53 24
split_gain=39.3841 12.7398 11.8987 11.8285 11.0988 10.1252 8.75538 8.31474 7.87951 5.05204 4.94775 1.35161 2.13741
threshold=-1.9706363172299433 -1.3476648111798128 0.14842025522817134 19.962500000000006 0.0029015322908225965 43.900000000000013 0.17787125857124045 0.031842500529085292 2.03723407996636 0.013424474230509841 0.1433235826079203 0.56456641462992974 47.962500000000006
decision_type=2 2 2 2 2 2 2 2 2 2 2 2 2
left_child=8 3 -3 4 -2 9 -7 -6 -1 -4 -5 12 -10
right_child=1 2 5 10 7 6 -8 -9 11 -11 -12 -13 -14
leaf_value=0.035559398971137794 -0.021162895255066271 -0.027153428943294474 0.041376662449034429 0.018033835122145174 -0.0028983272381382392 -0.027770088509906345 0.0065510113745297334 0.039514916093648628 0.010475583742564402 0.0088181325596021348 0.052239768238579037 -0.039070616234254611 -0.036541201941843987
leaf_weight=3.2340491414070121 22.41901932656765 33.429681770503521 21.398301601409912 18.682854488492012 20.28801716864109 26.771413236856461 55.336619608104229 25.457612074911594 3.9710734635591489 26.964752316474915 28.943576380610466 62.166777104139328 4.049723207950592
leaf_count=5 36 57 28 44 29 43 92 43 31 36 48 692 29
internal_value=-0.000582204 0.00799342 -0.000992553 0.0206125 0.00705789 0.00586601 -0.00483892 0.0210452 -0.0329186 0.0237701 0.0394683 -0.036529 -0.0146825
internal_weight=353.113 279.692 163.901 115.791 68.1646 130.471 82.108 45.7456 73.4216 48.3631 47.6264 70.1876 8.0208
internal_count=1213 456 256 200 108 199 135 72 757 64 92 752 60
is_linear=0
shrinkage=0.05


Tree=52
num_leaves=9
num_cat=0
split_feature=18 26 60 73 18 30 78 73
split_gain=154.406 5.6122 2.13013 2.06482 5.0899 0.284497 0.781665 0.196979
threshold=-0.00019654923294621838 205.29250000000005 118.90000000000002 0.23616644577906121 -0.0005782804255251362 62.687500000000007 0.17194235806085137 0.056730343127558813
decision_type=2 2 2 2 2 2 2 2
left_child=1 3 -2 5 -5 -1 -7 -4
right_child=2 -3 7 4 -6 6 -8 -9
leaf_value=0.045624108821748034 -0.013624268388475162 -0.0087735480364379993 -0.025243768591614802 0.041929657750592993 -0.0094961384175977648 0.041876759919068508 0.013874015433529849 -0.038118286594889562
leaf_weight=86.342005550861359 11.774405285716055 5.6150362193584433 11.334694340825079 12.581806525588037 6.963164582848548 6.5236861407756788 5.9122909605503082 134.6911715939641
leaf_count=621 34 21 30 91 21 45 34 316
internal_value=-0.00292156 0.0386727 -0.035628 0.040979 0.0240381 0.0440565 0.0305872 -0.0372974
internal_weight=281.738 123.938 157.8 118.323 19.545 98.778 12.436 146.026
internal_count=1213 833 380 812 112 700 79 346
is_linear=0
shrinkage=0.05


Tree=53
num_leaves=9
num_cat=0
split_feature=69 3 46 58 44 29 16 25
split_gain=62.4051 9.16232 11.3356 9.44597 9.06393 8.26518 2.66098 0.544906
threshold=2.8578056549468847 -2.2242974887585718 0.031629627134972124 0.21768690963903128 1.1914692064208787 537.21500000000003 0.0095285422267191878 53.487500000000004
decision_type=2 2 2 2 2 2 2 2
left_child=1 -1 5 4 -4 -3 -2 -8
right_child=6 2 3 -5 -6 -7 7 -9
leaf_value=-0.015395687984410168 0.0027107342521854407 0.0096814580324717028 -0.0010081898945111896 0.035426058743702027 0.029471959432816431 0.04717279062183774 -0.038584206543126102 -0.011684062335531958
leaf_weight=22.618037045001984 4.1712124571204177 22.705311179161072 117.73223321139812 30.72219443321228 29.743909329175949 44.186245530843735 72.666761763393879 3.0276202932000151
leaf_count=50 25 32 157 39 38 56 801 15
internal_value=0.00296122 0.0145423 0.0173564 0.0106595 0.00529633 0.034777 -0.0355579 -0.0376746
internal_weight=347.574 267.708 245.09 178.198 147.476 66.8916 79.8656 75.6944
internal_count=1213 372 322 234 195 88 841 816
is_linear=0
shrinkage=0.05


Tree=54
num_leaves=11
num_cat=0
split_feature=18 1 52 1 69 71 73 2 29 51
split_gain=38.9753 9.02218 11.7441 7.88528 7.03159 6.97458 11.7232 7.85282 3.94796 3.07882
threshold=-0.00043054359086342712 0.39500428538584526 0.043428285446681376 0.42136762805086225 2.121193942790768 2.8334523440381081 0.31672601975688003 0.17346240245399283 554.32500000000016 0.35639374604565049
decision_type=2 2 2 2 2 2 2 2 2 2
left_child=8 2 4 -3 -2 7 -7 -5 -1 -4
right_child=1 3 9 5 -6 6 -8 -9 -10 -11
leaf_value=-0.037730561740307048 -0.015615164941061646 -0.037424516126179613 0.053566113560740591 0.035669670535226454 0.01827926768150509 -0.02427050904829188 0.011635814920521303 0.002006324817442904 0.019895200371405901 0.025737734508259016
leaf_weight=60.294118955731392 24.344473361968994 11.408654078841208 19.135311275720596 27.92029881477356 37.74971953779459 42.079645551741123 47.228765904903412 43.525285691022873 2.5304839909076682 27.347934141755104
leaf_count=763 35 21 25 37 58 88 66 59 12 41
internal_value=0.000146435 0.00813827 0.0193538 0.000994082 0.00495384 0.00393515 -0.00536366 0.0154724 -0.0351341 0.0380804
internal_weight=343.565 280.74 108.577 172.163 62.0942 160.754 89.3084 71.4456 62.8246 46.4832
internal_count=1205 430 159 271 93 250 154 96 775 66
is_linear=0
shrinkage=0.05


Tree=55
num_leaves=6
num_cat=0
split_feature=71 3 41 18 65
split_gain=148.957 6.22289 4.67618 2.66088 0.0667999
threshold=6.616641124097514 -2.7595104738104599 1.2914669179146594 -0.0002156711586414924 564.3900000000001
decision_type=2 2 2 2 2
left_child=1 -1 3 -2 -3
right_child=2 4 -4 -5 -6
leaf_value=0.0069724192459037944 0.044442394588530186 -0.025603576127463945 -0.0022147243303531133 0.0080196762699696941 -0.037711659024559092
leaf_weight=8.1946424841880781 103.67763641476631 10.298586092889307 6.0408052504062644 5.7834628969430915 134.67540840804577
leaf_count=30 776 26 24 21 328
internal_value=-0.00241327 -0.0346486 0.0402649 0.042608 -0.0370328
internal_weight=268.671 153.169 115.502 109.461 144.974
internal_count=1205 384 821 797 354
is_linear=0
shrinkage=0.05


Tree=56
num_leaves=11
num_cat=0
split_feature=54 27 2 66 31 18 15 77 31 7
split_gain=63.0984 11.1693 8.28687 17.9495 10.0541 7.78347 7.32896 7.0156 5.50099 9.3241
threshold=-0.00010460736410723659 503.23750000000007 0.23458299945379241 18.475000000000005 6.8375000000000004 8.4575853715363712e-07 0.19338682463529996 0.93891766041250169 8.0375000000000032 0.34865271173844703
decision_type=2 2 2 2 2 2 2 2 2 2
left_child=5 6 3 4 -3 -1 -2 -8 9 -4
right_child=1 2 8 -5 -6 -7 7 -9 -10 -11
leaf_value=-0.038755789723933398 0.015956258580126153 0.00817520767414983 0.042888184748005945 -0.015675730254214631 0.052105926394889195 0.017817941807263826 -0.045274472516351895 -0.0016738054575395111 0.045463496886381571 -0.001296685102623326
leaf_weight=80.969423107802868 31.785925939679146 27.892081424593925 21.764663279056549 37.633032068610191 24.189371645450592 6.0027079135179511 12.50814727693796 29.362005345523357 40.920514404773712 24.990169748663902
leaf_count=856 41 36 28 50 30 9 22 49 51 33
internal_value=0.00177079 0.0144908 0.0212546 0.0103965 0.0291762 -0.034693 -0.00186527 -0.0154512 0.0321227 0.019739
internal_weight=338.018 251.046 177.39 89.7145 52.0815 86.9721 73.6561 41.8702 87.6753 46.7548
internal_count=1205 340 228 116 66 865 112 71 112 61
is_linear=0
shrinkage=0.05


Tree=57
num_leaves=14
num_cat=0
split_feature=0 60 54 27 76 38 52 0 15 0 71 19 53
split_gain=38.0746 8.31309 8.09739 9.74282 9.39456 8.31176 12.708 8.19767 6.97494 6.58018 5.30948 3.17339 1.71556
threshold=-2.0054592968496676 272.46250000000003 -5.0355283870266657e-05 508.50000000000006 0.088967795891890925 1.4108266078116209 0.07728658333287608 -0.43552383821835455 0.1960285113068124 -0.88806185552093397 2.7584587802233025 6.0448076138438037e-05 0.56456641462992974
decision_type=2 2 2 2 2 2 2 2 2 2 2 2 2
left_child=1 12 4 8 7 -5 -7 9 -4 -2 -10 -6 -1
right_child=2 -3 3 5 11 6 -8 -9 10 -11 -12 -13 -14
leaf_value=-0.01036313193789166 0.0040702743502910067 0.028190659388357853 0.00034160267698526362 0.021230953289518226 0.059890912068061311 -0.032905898807488156 0.0041293387070267676 -0.018435144544673081 0.049478508030352898 0.049286439149343261 0.015053612737272987 0.024800411011226535 -0.038460062525597555
leaf_weight=7.0052821561694136 17.913668625056744 4.84571349620819 28.309913799166679 27.266302049160004 17.350601315498356 35.622435674071312 62.508131325244904 15.671080209314821 21.499122560024261 13.907018810510637 24.864861831068993 13.484787479043005 55.027299173176289
leaf_count=55 57 7 39 36 22 50 83 31 27 28 34 48 674
internal_value=0.00305974 -0.0305396 0.0112116 0.00581819 0.0247409 -0.00271152 -0.00951117 0.010401 0.0199883 0.0247313 0.0317242 0.0458063 -0.0355018
internal_weight=345.276 66.8783 278.398 200.071 78.3272 125.397 98.1306 47.4918 74.6739 31.8207 46.364 30.8354 62.0326
internal_count=1191 736 455 269 186 169 133 116 100 85 61 70 729
is_linear=0
shrinkage=0.05


Tree=58
num_leaves=7
num_cat=0
split_feature=18 74 9 73 5 67
split_gain=129.852 8.81476 1.94122 1.10428 0.305306 0.370996
threshold=-0.00015900020810196463 1.7269882440257509 0.0094113306262270467 0.057729007923135796 0.47666321271127415 32.937500000000007
decision_type=2 2 2 2 2 2
left_child=1 2 4 -2 5 -1
right_child=3 -3 -4 -5 -6 -7
leaf_value=0.04380425878572905 -0.018486513314939813 -0.0054098101071181903 0.015476629501370812 -0.037221107281340864 0.020661111505304884 0.026884068325995016
leaf_weight=81.055804915726185 11.581309549510477 12.042585447430609 9.4505390524864179 133.46615016460419 4.5826685279607764 9.6506187170743924
leaf_count=630 34 53 48 333 30 63
internal_value=-0.00437665 0.0347018 0.0393212 -0.0358621 0.0415008 0.0423168
internal_weight=261.83 116.782 104.74 145.047 95.2891 90.7064
internal_count=1191 824 771 367 723 693
is_linear=0
shrinkage=0.05


Tree=59
num_leaves=11
num_cat=0
split_feature=54 71 77 43 29 1 10 54 68 57
split_gain=58.4221 8.11125 10.9442 10.3469 8.76017 6.43238 7.07646 5.90557 3.80929 1.39459
threshold=-0.00010460736410723659 2.7390727470354652 0.90784629192067345 0.14856130903920714 548.43500000000006 0.30159748878302589 0.00062749816513972827 1.4422420965399443e-05 269.9575000000001 0.24586989312543797
decision_type=2 2 2 2 2 2 2 2 2 2
left_child=8 3 -3 4 -2 -4 -7 -5 9 -1
right_child=1 2 5 7 -6 6 -8 -9 -10 -11
leaf_value=0.0018427911206374452 -0.0015431713296501512 -0.022487593458200672 0.00055980904905425846 0.0023170562921197716 0.031326257217215554 0.047873360810293614 0.019083778670534252 -0.03178151648869515 0.015500689325501627 -0.038707270357059079
leaf_weight=2.0870360732078543 40.872819766402245 11.891306154429911 19.521108001470566 26.12835992872715 39.041478216648102 39.663028448820114 49.798018872737885 23.473057210445404 3.0003046840429297 78.814129956066608
leaf_count=3 53 21 30 35 49 56 64 31 7 842
internal_value=0.000270799 0.0123812 0.0216428 0.00363787 0.0147036 0.0266187 0.0322359 -0.0141287 -0.0355906 -0.0376515
internal_weight=334.291 250.389 120.873 129.516 79.9143 108.982 89.461 49.6014 83.9015 80.9012
internal_count=1191 339 171 168 102 150 120 66 852 845
is_linear=0
shrinkage=0.05


Tree=60
num_leaves=10
num_cat=0
split_feature=71 6 2 48 59 6 71 71 39
split_gain=32.1531 8.57267 8.61175 8.74284 8.3371 11.1787 7.86585 3.54441 1.19624
threshold=13.076925214585915 -4.1464703841177251 1.0164524484179507 0.015210589595586082 1.3549532336243961 -1.9308714262983961 3.2774122219611721 3.203357658447481 0.2572685745560026
decision_type=2 2 2 2 2 2 2 2 2
left_child=1 -1 4 7 5 -3 -6 -4 -2
right_child=8 2 3 -5 6 -7 -8 -9 -10
leaf_value=-0.017658434354430839 -0.037076598154662486 0.016938594731284312 -0.031982018021203443 0.015753022042249928 0.014968579314138889 0.059749176041899082 -0.026793776213859574 -0.0038400217889320281 0.00010809140453913
leaf_weight=28.269617684185505 46.114826083183289 135.41964791715145 21.020107120275497 33.762244708836079 25.852586805820465 16.49919319152832 18.447261042892933 23.380506753921509 2.2608463242650023
leaf_count=57 649 269 30 56 34 21 78 32 13
internal_value=0.00205547 0.00813461 0.0108466 -0.00316132 0.0164143 0.0219484 -0.0026296 -0.017574 -0.0353718
internal_weight=351.027 302.651 274.382 78.1629 196.219 151.919 44.2998 44.4006 48.3757
internal_count=1239 577 520 118 402 290 112 62 662
is_linear=0
shrinkage=0.05


Tree=61
num_leaves=8
num_cat=0
split_feature=71 56 18 6 75 37 3
split_gain=126.439 8.03072 4.79106 5.83416 1.45712 0.681549 0.356769
threshold=6.616641124097514 -0.0001450424790896186 -0.0005782804255251362 -2.2476032293883716 0.858232031252815 0.029128575156623513 -2.2761069251811201
decision_type=2 2 2 2 2 2 2
left_child=1 -1 5 4 -4 -2 -3
right_child=2 6 3 -5 -6 -7 -8
leaf_value=0.017874680691052799 0.017140154828934315 -0.023788046514431609 0.013589154192921624 -0.020400521459299402 0.05092002167241886 0.042001330674216603 -0.037323076690004779
leaf_weight=6.5960367470979682 4.7916591614484778 12.230443790554999 6.148263633251192 7.4409279227256766 5.3650215715169907 87.315026946365833 131.49026909470558
leaf_count=29 34 32 30 18 33 722 341
internal_value=-0.00406372 -0.033862 0.0362095 0.0124809 0.0336639 0.040906 -0.0363436
internal_weight=261.378 150.317 111.061 18.9542 11.5133 92.1067 143.721
internal_count=1239 402 837 81 63 756 373
is_linear=0
shrinkage=0.05


Tree=62
num_leaves=12
num_cat=0
split_feature=54 55 78 50 61 38 18 77 42 62 51
split_gain=54.3516 10.1865 10.692 13.4304 10.5239 9.38012 8.91641 6.6317 6.29007 5.32823 1.15191
threshold=-9.2802641846916935e-05 6.8938342178296612e-05 0.011482740678577316 0.18208391485530936 72.237500000000026 1.4897588179054291 -7.4170694263368832e-06 0.96882950049130168 -0.55237033266342783 299.72000000000008 0.26278772042191284
decision_type=2 2 2 2 2 2 2 2 2 2 2
left_child=6 5 7 4 -4 -2 10 -3 -7 -10 -1
right_child=1 2 3 -5 -6 8 -8 -9 9 -11 -12
leaf_value=-0.0024642902780670035 -0.0072753775802376699 0.0041675782594296313 -0.03822553249663798 0.019443616761255125 0.0040692767237695236 0.045721636265948107 0.017222390261780986 0.039236022162867812 0.034560685945587082 0.0023251834570971294 -0.038535519097694253
leaf_weight=2.4226316362619391 19.138343513011932 27.658659115433693 33.887059159576893 31.593964084982872 25.122431889176369 39.580291330814362 7.6227557957172385 25.805355370044708 25.026169970631599 25.566264301538467 78.023146815598011
leaf_count=6 27 37 53 41 33 50 13 33 32 34 880
internal_value=0.00100059 0.0127675 0.00398187 -0.00647937 -0.0204514 0.0242055 -0.0326168 0.0215036 0.0308936 0.0186317 -0.0374928
internal_weight=341.447 253.379 144.067 90.6035 59.0095 109.311 88.0685 53.464 90.1727 50.5924 80.4458
internal_count=1239 340 197 127 86 143 899 70 116 66 886
is_linear=0
shrinkage=0.05


Tree=63
num_leaves=10
num_cat=0
split_feature=54 54 42 44 37 76 78 37 28
split_gain=27.7155 12.4419 11.9908 7.96347 7.51732 5.88232 3.52242 1.43551 1.33066
threshold=-0.0004067167122971716 -5.7771218704055117e-05 -0.72042688257903986 -0.47057187416730628 0.47059885419335207 0.059881433290234938 0.56801943398625865 0.0381168625647361 17.662500000000012
decision_type=2 2 2 2 2 2 2 2 2
left_child=6 5 -3 -4 -5 -2 7 -1 -7
right_child=1 2 3 4 -6 8 -8 -9 -10
leaf_value=-0.0030945339006796155 0.0018636224107444668 -0.02496358451380137 0.040682767986583941 -0.0083934009461512273 0.012681254035490714 0.052646614233710025 0.0039085476780995922 -0.038492125705808407 0.02891953877237903
leaf_weight=3.2300541996955863 15.860720299184321 38.465391844511032 13.733528003096579 82.364961430430412 84.978730216622353 12.312660425901411 5.8139142282307139 49.620310943573713 22.36905824393034
leaf_count=41 46 55 20 119 114 20 55 670 42
internal_value=-0.00158309 0.00521208 2.179e-05 0.00543727 0.00232027 0.0273194 -0.0324305 -0.0364264 0.0385825
internal_weight=328.749 270.085 219.543 181.077 167.344 50.5424 58.6643 52.8504 34.6817
internal_count=1182 416 308 253 233 108 766 711 62
is_linear=0
shrinkage=0.05


Tree=64
num_leaves=6
num_cat=0
split_feature=54 62 5 78 37
split_gain=115.83 12.7388 2.27753 1.8975 0.678297
threshold=-0.0004067167122971716 52.882500000000007 -1.2438182612877631 0.56801943398625865 0.0381168625647361
decision_type=2 2 2 2 2
left_child=3 -2 -3 4 -1
right_child=1 2 -4 -5 -6
leaf_value=0.018894117233940022 0.040384213563269447 -0.010551745967809646 -0.036263372292045397 0.014089682084297693 0.042862957600800944
leaf_weight=5.3928624987602225 5.1189745292067519 10.299378432333468 128.93313576281071 8.1718046367168409 80.763773716986179
leaf_count=41 33 37 346 55 670
internal_value=-0.00345995 -0.0315369 -0.0344502 0.0393865 0.0415967
internal_weight=238.68 144.351 139.233 94.3284 86.1566
internal_count=1182 416 383 766 711
is_linear=0
shrinkage=0.05


Tree=65
num_leaves=10
num_cat=0
split_feature=54 42 71 49 33 33 77 36 20
split_gain=57.6375 10.2358 11.26 11.57 7.664 9.05997 5.22372 2.92032 2.19193
threshold=-9.2802641846916935e-05 -0.72042688257903986 2.633392514032328 0.0040119926519191921 2.6851182289391988 2.5485213180670763 0.96512275038590301 1.4266487704467254 0.00024455057276602602
decision_type=2 2 2 2 2 2 2 2 2
left_child=7 -2 3 -3 5 -4 -6 8 -1
right_child=1 2 4 -5 6 -7 -8 -9 -10
leaf_value=-0.038207070082901987 0.036849706478859934 0.013411512351130221 0.012734334296599266 -0.02661145016924206 -0.017605162674898055 0.044950948140774973 0.017203153458089145 0.0083124845229479837 -0.003350674129550531
leaf_weight=67.247328508645296 46.246655970811844 38.12008161842823 48.424757584929466 32.594702064990997 18.424685001373291 40.491444289684296 23.227151997387409 3.5872762948274604 5.0460640341043463
leaf_count=817 59 49 63 43 35 51 33 6 26
internal_value=0.00416542 0.0158571 0.0108755 -0.00515018 0.0195281 0.0277422 0.00175394 -0.0336841 -0.035853
internal_weight=323.41 247.529 201.283 70.7148 130.568 88.9162 41.6518 75.8807 72.2934
internal_count=1182 333 274 92 182 114 68 849 843
is_linear=0
shrinkage=0.05


Tree=66
num_leaves=11
num_cat=0
split_feature=18 1 22 5 27 7 62 53 47 51
split_gain=27.6663 7.89528 10.58 10.1461 10.6906 7.29182 6.13898 7.45497 5.89738 2.18688
threshold=-0.00045515209128364759 0.36189045487236937 0.032594940637991072 -0.068856192547615783 506.15000000000003 0.3272069884276681 341.63750000000005 0.38835359816577442 0.25181578059379967 0.44692021334438109
decision_type=2 2 2 2 2 2 2 2 2 2
left_child=9 6 5 8 -5 -3 7 -2 -4 -1
right_child=1 2 3 4 -6 -7 -8 -9 -10 -11
leaf_value=-0.0020193607599903411 0.0073551061385067219 -0.046191564046634305 0.0076480883852479715 0.02239419995301788 -0.013156800954569737 -0.0029491483218643034 0.00040464211385251035 0.040277072502311308 0.045115025277788684 -0.036327455197688235
leaf_weight=5.2893377467989913 31.188099958002567 16.917930379509926 21.122736789286137 29.552217856049538 67.731466978788376 21.705584719777107 35.295285046100616 38.856687262654305 20.904341846704483 45.990068625658751
leaf_count=48 44 28 57 46 94 34 48 59 32 720
internal_value=0.00053557 0.00668172 0.000238627 0.0066803 -0.00223937 -0.022578 0.0174604 0.0259281 0.0268996 -0.032895
internal_weight=334.554 283.274 177.934 139.311 97.2837 38.6235 105.34 70.0448 42.0271 51.2794
internal_count=1210 442 291 229 140 62 151 103 89 768
is_linear=0
shrinkage=0.05


Tree=67
num_leaves=8
num_cat=0
split_feature=54 63 26 9 1 37 27
split_gain=105.017 9.99462 5.30097 3.45131 6.68416 0.639392 0.318338
threshold=-0.00031873595034308944 222.92500000000004 205.29250000000005 0.0028800504769052374 0.60387166289188143 0.034154168549785702 478.72500000000002
decision_type=2 2 2 2 2 2 2
left_child=2 -2 3 5 -5 -1 -3
right_child=1 6 -4 4 -6 -7 -8
leaf_value=0.019106857904104518 0.021293874105238805 -0.025933455037399324 -0.015386822148536462 -0.019126509906525497 0.042975562421218159 0.042411954182452923 -0.037204642708752358
leaf_weight=5.5271212309598914 7.4946255981922141 18.06098897755146 4.581209383904933 7.3819767385721198 8.1815284192562086 74.89607372879982 111.61432984471321
leaf_count=43 37 52 18 25 64 662 309
internal_value=-0.00423565 -0.0325918 0.0343809 0.0368904 0.0141433 0.0410646 -0.0358453
internal_weight=237.738 137.17 100.568 95.9867 15.5635 80.4232 129.675
internal_count=1210 398 812 794 89 705 361
is_linear=0
shrinkage=0.05


Tree=68
num_leaves=11
num_cat=0
split_feature=54 77 67 6 42 68 43 33 18 1
split_gain=48.9235 8.64978 11.6543 10.8584 10.6951 6.5657 6.30847 7.40093 5.21917 3.03298
threshold=-0.00010460736410723659 0.96882950049130168 9.7250000000000014 -2.903978271798358 -0.72042688257903986 22.232500000000005 0.15178482478059005 2.5565046675521845 8.4575853715363712e-07 0.34139551596255463
decision_type=2 2 2 2 2 2 2 2 2 2
left_child=8 2 4 -4 -2 -6 9 -8 -1 -3
right_child=1 6 3 -5 5 -7 7 -9 -10 -11
leaf_value=-0.037338281208771675 0.02278768433306215 0.021667548111145435 -0.0018759012179881411 0.045950366621126525 0.01328691255765703 -0.021868950462539432 -0.0066722559007143306 0.028156071267185102 0.0061149332169529759 0.049723579981202637
leaf_weight=66.523768045008183 25.630146861076355 19.537412382662296 20.735629521310329 26.516038298606873 16.384669348597527 58.212443709373474 26.403622686862946 34.117842763662338 7.409394994378089 24.819777488708496
leaf_count=855 33 27 31 34 23 84 34 44 11 34
internal_value=0.00254055 0.0130302 0.00516243 0.0253587 -0.00451544 -0.0140736 0.0239405 0.0131001 -0.03296 0.0381163
internal_weight=326.291 252.358 147.479 47.2517 100.227 74.5971 104.879 60.5215 73.9332 44.3572
internal_count=1210 344 205 65 140 107 139 78 866 61
is_linear=0
shrinkage=0.05


Tree=69
num_leaves=12
num_cat=0
split_feature=0 55 68 70 30 5 4 43 63 67 6
split_gain=33.3019 7.8033 6.27281 8.93394 8.90754 6.24192 6.35303 5.49832 4.40028 1.62906 1.2654
threshold=-2.0054592968496676 4.5347530989999208e-05 53.627499999999998 0.32775966696233422 16.175000000000001 -0.48277218963708163 0.36125914501388606 0.10647738887470963 578.92500000000007 13.062500000000002 -4.6001953656599044
decision_type=2 2 2 2 2 2 2 2 2 2 2
left_child=8 7 3 4 -3 9 -7 -2 10 -4 -1
right_child=1 2 5 -5 -6 6 -8 -9 -10 -11 -12
leaf_value=-0.0023969216977793705 -0.026162074526191393 0.037156198726195168 0.050517957101513661 -0.024259524143481162 0.0015979519605800658 0.054388365849504995 0.0077329262383209647 0.0056421855358539264 0.024498459390234022 0.024578456496586652 -0.038646058825362435
leaf_weight=2.6658921279013148 24.915608868002892 22.255362510681152 15.618863597512247 22.382395498454571 72.98715440928936 7.170145407319068 73.952384032309055 27.965427532792091 2.4113876968622199 15.297717973589895 51.854994010180235
leaf_count=19 42 30 25 52 100 10 138 40 4 41 718
internal_value=0.000577779 0.00763396 0.0116149 0.00349895 0.0102066 0.0200292 0.0124687 -0.00955026 -0.0339681 0.0388552 -0.0369487
internal_weight=339.477 282.545 229.664 117.625 95.2425 112.039 81.1225 52.881 56.9323 30.9166 54.5209
internal_count=1219 478 396 182 130 214 148 82 741 66 737
is_linear=0
shrinkage=0.05


Tree=70
num_leaves=7
num_cat=0
split_feature=18 18 74 37 3 65
split_gain=103.258 6.04595 6.28764 3.69786 2.59567 0.101406
threshold=-0.00015900020810196463 -0.00062927399415460843 1.2321516669971015 0.26821345931666779 -2.4680282656007826 567.46500000000015
decision_type=2 2 2 2 2 2
left_child=1 -1 3 -3 -2 -6
right_child=4 2 -4 -5 5 -7
leaf_value=0.040196463147532308 -0.0092551340920220444 0.04395925911355264 -0.028525533687746314 -0.00063002826622277162 -0.023919417681769535 -0.036431445128366352
leaf_weight=76.560484632849693 10.994807980954645 10.459916971623903 6.4061693102121344 7.7774876058101645 9.5796447172760946 111.357162758708
leaf_count=723 35 68 14 28 29 322
internal_value=-0.00449643 0.0333121 0.0111909 0.0258995 -0.0335316 -0.0356446
internal_weight=233.136 101.204 24.6436 18.2374 131.932 120.937
internal_count=1219 833 110 96 386 351
is_linear=0
shrinkage=0.05


Tree=71
num_leaves=12
num_cat=0
split_feature=54 55 78 69 54 28 77 40 36 64 20
split_gain=49.6498 6.70523 8.27326 10.0214 14.8989 7.51228 6.35479 6.04257 4.81155 3.5107 2.31795
threshold=-9.2802641846916935e-05 6.5628127399126475e-05 0.011482740678577316 1.9948925469220988 3.2704712475830067e-05 34.400000000000013 0.96715863076317021 0.44441444406356906 1.4266487704467254 4.6499999999999915 0.00024455057276602602
decision_type=2 2 2 2 2 2 2 2 2 2 2
left_child=8 5 6 -4 -5 7 -3 9 10 -2 -1
right_child=1 2 3 4 -6 -7 -8 -9 -10 -11 -12
leaf_value=-0.038191355681768908 0.032897276390080769 0.0040413080717235997 0.026102080287920978 -0.030645279360092578 0.01555853510600325 -0.0016765656663857856 0.038991203580359408 0.045708181322807392 0.013779820211668065 0.006769920109934437 -0.0018003806905578996
leaf_weight=66.651395384222269 22.094271242618561 25.964255124330521 21.528756827116013 42.32487764954567 28.403079353272915 25.159534394741058 25.590392291545868 33.527034774422646 4.7387714684009543 30.531834691762924 4.7870214171707621
leaf_count=838 28 35 28 64 41 36 32 44 7 42 24
internal_value=0.00257614 0.013162 0.00596345 -0.00302591 -0.0121324 0.0223262 0.0218013 0.0292746 -0.0325878 0.018148 -0.0358113
internal_weight=331.301 255.124 143.811 92.2567 70.728 111.313 51.5546 86.1531 76.1772 52.6261 71.4384
internal_count=1219 350 200 133 105 150 67 114 869 70 862
is_linear=0
shrinkage=0.05


Tree=72
num_leaves=11
num_cat=0
split_feature=0 55 58 31 14 60 31 70 73 53
split_gain=24.6696 8.98814 9.15822 8.38946 7.72077 7.27284 6.88681 5.59982 3.31592 1.85091
threshold=-1.9706363172299433 5.4953183551203554e-05 0.018036770558590983 13.912500000000003 0.0194506146463202 272.46250000000003 10.112500000000001 0.3471855627003067 0.20325457899769092 0.56456641462992974
decision_type=2 2 2 2 2 2 2 2 2 2
left_child=5 2 -2 6 -4 9 7 -3 -5 -1
right_child=1 3 4 8 -6 -7 -8 -9 -10 -11
leaf_value=-0.0072334678641000254 0.017397979185862805 0.019007030391875103 -0.038683767821839764 0.015029954636793578 -0.00046683375116235855 0.025836363679898125 -0.0127234678183798 -0.004506402660459605 0.046136471149662038 -0.037483599172401849
leaf_weight=6.2876818776130667 25.125604018568993 98.140704035758972 24.426539942622185 15.758489072322844 27.570284396409988 4.8935097306966773 31.431232262402773 33.558216776698828 22.186362862586975 45.313609387725592
leaf_count=54 35 132 38 43 44 7 57 73 40 690
internal_value=0.00136663 0.00750443 -0.00694294 0.0130527 -0.0188112 -0.0284626 0.00801802 0.0130268 0.0339356 -0.0340052
internal_weight=334.692 278.197 77.1224 201.075 51.9968 56.4948 163.13 131.699 37.9449 51.6013
internal_count=1213 462 117 345 82 751 262 205 83 744
is_linear=0
shrinkage=0.05


Tree=73
num_leaves=9
num_cat=0
split_feature=54 63 0 78 47 37 20 3
split_gain=94.0888 10.0514 3.70833 6.77433 2.37398 0.61253 0.298993 0.708316
threshold=-0.00031873595034308944 132.37500000000003 -1.9706363172299433 0.29299064086396559 0.42560842933630683 0.034154168549785702 3.0927538458876341e-05 -1.4592993140586141
decision_type=2 2 2 2 2 2 2 2
left_child=2 -2 5 4 -4 -1 7 -3
right_child=1 6 3 -5 -6 -7 -8 -9
leaf_value=0.017339525154641457 0.027079143683296156 -0.01428035161482822 0.048417536805843542 -0.027990213786411661 0.0032850134281521789 0.040191227884105112 -0.036913740931893889 -0.033093556519064364
leaf_weight=5.3061109855771056 6.1702564358711234 9.556434169411661 7.7306530997157115 5.9810599237680426 4.6046146526932716 67.45452219247818 96.429200865328312 20.917054302990437
leaf_count=45 34 31 56 14 25 663 283 62
internal_value=-0.00520556 -0.0319108 0.0337364 0.0127212 0.0330798 0.0387824 -0.0349683 -0.0278349
internal_weight=224.15 133.073 91.077 18.3163 12.3353 72.7606 126.903 30.4735
internal_count=1213 410 803 95 81 708 376 93
is_linear=0
shrinkage=0.05


Tree=74
num_leaves=9
num_cat=0
split_feature=54 48 75 28 7 27 29 60
split_gain=44.0564 10.2533 6.8278 8.85173 5.81806 6.38424 5.35489 3.47738
threshold=-5.7771218704055117e-05 0.0061290001532761122 0.90823077482527015 10.575000000000014 0.150438311230254 507.18750000000006 556.51750000000004 204.00000000000003
decision_type=2 2 2 2 2 2 2 2
left_child=1 -1 3 -2 -5 -6 -3 -4
right_child=2 6 7 4 5 -7 -8 -9
leaf_value=0.038287595946196469 0.033437539920902898 -0.038241748959217794 0.045742619001129622 0.027777150408203333 -0.013409044425529443 0.0089426778804648482 -0.0095092023269883908 0.017118659786798062
leaf_weight=4.8601770326495162 30.982694894075394 64.428717948496342 20.881451591849327 21.963115274906158 50.221949860453606 83.89971786737442 22.637477729469538 24.422178387641907
leaf_count=9 41 847 29 30 71 110 44 32
internal_value=0.00219265 -0.02693 0.0137797 0.00946291 0.0045214 0.000535765 -0.030964 0.031015
internal_weight=324.297 91.9264 232.371 187.067 156.085 134.122 87.0662 45.3036
internal_count=1213 900 313 252 211 181 891 61
is_linear=0
shrinkage=0.05


Tree=75
num_leaves=13
num_cat=0
split_feature=0 3 78 46 71 46 68 68 35 72 53 9
split_gain=23.4873 13.0901 7.14029 11.0725 8.33975 7.12772 11.5655 6.13005 5.15086 5.10005 1.98505 1.64755
threshold=-2.0054592968496676 -1.0854527076160447 0.14788329067116171 0.030040760949498518 2.7584587802233025 0.041789761538897609 95.77500000000002 33.660000000000004 2.8897312710587868 0.32704306523474302 0.56456641462992974 0.0017864931185906186
decision_type=2 2 2 2 2 2 2 2 2 2 2 2
left_child=8 2 3 9 -5 -3 7 -7 -1 -2 -10 -4
right_child=1 5 11 4 -6 6 -8 -9 10 -11 -12 -13
leaf_value=0.022415278252178348 0.006113528852714491 -0.024192153691332475 0.023028353960403911 0.037856587091895766 0.0046753678149607895 -0.0035613838195619231 -0.023435988036145744 0.027632096403441338 -0.0061313975562959366 -0.033972430270549608 -0.037255238878737676 0.045270534664635535
leaf_weight=3.8624333441257468 15.230858452618124 31.234538372606039 19.640345133841038 36.877193570137024 38.514991652220488 26.463381797075272 27.499309923499823 37.169866789132357 6.3448254466056815 14.997718274593351 40.558191448450089 21.71757498010993
leaf_count=6 25 56 36 48 73 38 48 60 59 39 667 40
internal_value=0.00218932 0.00809082 0.0180982 0.0110147 0.0211887 -0.00397859 0.00313674 0.0148052 -0.0286736 -0.0142259 -0.0332608 0.035501
internal_weight=320.111 269.346 146.979 105.621 75.3922 122.367 91.1326 63.6332 50.7655 30.2286 46.903 41.3579
internal_count=1195 463 261 185 121 202 146 98 732 64 726 76
is_linear=0
shrinkage=0.05


Tree=76
num_leaves=6
num_cat=0
split_feature=60 18 8 37 38
split_gain=87.4945 6.7149 10.6516 0.876647 0.510025
threshold=105.62500000000001 -0.0005782804255251362 -1.8178645538845932 0.032645505739384996 1.182357276671073
decision_type=2 2 2 2 2
left_child=1 3 -3 -1 -2
right_child=4 2 -4 -5 -6
leaf_value=0.011602824489373567 -0.021298016331587857 0.045495749695710047 -0.021157356817599629 0.039184027508033792 -0.035533264472806483
leaf_weight=4.084252066910266 12.571806795895098 9.1621089056134242 13.665926598012446 67.483130551874638 103.38173454254866
leaf_count=34 41 60 39 703 318
internal_value=-0.00522169 0.0303419 0.00638074 0.0377916 -0.0341852
internal_weight=210.349 94.3954 22.828 71.5674 115.954
internal_count=1195 836 99 737 359
is_linear=0
shrinkage=0.05


Tree=77
num_leaves=12
num_cat=0
split_feature=54 5 55 70 74 54 43 67 72 7 18
split_gain=40.1566 10.3947 9.1565 7.1857 7.84479 6.19952 5.85489 9.90485 8.27695 4.83102 3.30517
threshold=-0.00010460736410723659 -0.34580774994584118 5.3346868840150928e-05 0.064213423945071194 0.58832801917743305 -8.8145642504688878e-06 0.21387253127316622 9.7250000000000014 0.42051794910224766 0.30819964586874432 8.4575853715363712e-07
decision_type=2 2 2 2 2 2 2 2 2 2 2
left_child=10 3 9 -2 -5 -6 8 -8 -4 -3 -1
right_child=1 2 6 4 5 -7 7 -9 -10 -11 -12
leaf_value=-0.037004648268927735 0.026626593851120806 0.050319745349224343 0.0016984570605403358 -0.038727023594836277 -0.025718608207184496 0.012083953149662834 -0.020820122664188208 0.018752596642748209 0.04175840878671979 0.019729239762854886 0.00093275462198343312
leaf_weight=58.691663224250078 14.233187124133108 24.68324838578701 26.092812016606331 17.86838099360466 15.268033035099505 31.540361844003201 30.909290380775928 30.348821818828583 24.662498950958252 30.39478412270546 6.2984251827001563
leaf_count=846 19 34 35 26 26 45 42 39 33 40 10
internal_value=0.00128395 0.010537 0.0175674 -0.00438347 -0.0115093 -0.00052658 0.00921269 -0.00122849 0.0215947 0.0340912 -0.0333696
internal_weight=310.992 246.001 167.091 78.91 64.6768 46.8084 112.013 61.2581 50.7553 55.078 64.9901
internal_count=1195 339 223 116 97 71 149 81 68 74 856
is_linear=0
shrinkage=0.05


Tree=78
num_leaves=12
num_cat=0
split_feature=0 3 7 1 28 32 0 60 20 25 37
split_gain=28.9664 9.53866 7.26945 5.46887 5.08286 10.4403 7.27717 4.88307 4.60473 3.17475 2.07076
threshold=-1.9706363172299433 -1.5379661381598861 0.150438311230254 0.47304697698676007 16.874999999999989 35.095000000000006 -0.85163798079013009 272.46250000000003 6.4861424496085013e-05 16.737500000000008 0.029128575156623513
decision_type=2 2 2 2 2 2 2 2 2 2 2
left_child=7 3 -3 9 5 -4 -6 10 -5 -2 -1
right_child=1 2 4 8 6 -7 -8 -9 -10 -11 -12
leaf_value=0.0084327998754667559 0.01478316535643954 -0.017858218465780298 -0.010260176481599093 -0.012985664808408494 -0.016887693441455798 0.038659996697592645 0.010730143795659732 0.017853288321729322 0.0224266035850029 0.04391358606268346 -0.037840363104285638
leaf_weight=2.204916574060916 15.15433771163225 32.371514044702053 16.306673914194107 14.098370939493178 34.201944854110479 29.9228186160326 73.01898742094636 4.1013013124465934 22.824766114354134 31.216539762914181 44.90905836969614
leaf_count=31 38 53 24 44 54 48 118 6 33 50 716
internal_value=0.00309461 0.0096755 0.0033278 0.0236292 0.00788383 0.0215523 0.0018458 -0.0310084 0.00891926 0.0349066 -0.0355445
internal_weight=320.331 269.116 185.822 83.294 153.45 46.2295 107.221 51.2153 36.9231 46.3709 47.114
internal_count=1215 462 297 165 244 72 172 753 77 88 747
is_linear=0
shrinkage=0.05


Tree=79
num_leaves=7
num_cat=0
split_feature=35 3 0 65 14 67
split_gain=81.5913 6.7797 3.21563 0.825021 0.782613 1.57967
threshold=7.1250695069628724 -2.739350810948777 -1.3089337750345023 559.56500000000005 0.35748637723069027 16.262500000000003
decision_type=2 2 2 2 2 2
left_child=1 -1 4 -3 5 -2
right_child=2 3 -4 -5 -6 -7
leaf_value=0.0080433011948529629 0.036240636896507541 -0.016688272818495831 0.0066191604258038512 -0.034931309194715349 0.039677136047000787 -0.0015966439745831039
leaf_weight=10.297553882002829 5.8005978390574437 9.4953963011503202 10.207945279777048 106.07467915862799 61.453264735639095 4.5043451339006424
leaf_count=50 53 32 51 336 667 26
internal_value=-0.00495473 -0.0301459 0.033626 -0.0335885 0.0373241 0.0210235
internal_weight=207.834 125.868 81.9662 115.57 71.7582 10.3049
internal_count=1215 418 797 368 746 79
is_linear=0
shrinkage=0.05


Tree=80
num_leaves=12
num_cat=0
split_feature=54 18 7 71 27 3 77 72 54 54 48
split_gain=33.4307 5.94436 5.52165 12.387 7.73197 7.70452 6.7159 7.0886 5.87972 4.00779 1.48276
threshold=-9.2802641846916935e-05 -7.4170694263368832e-06 0.26433193457030763 2.7584587802233025 530.20000000000016 -1.5379661381598861 0.93891766041250169 0.67092817153248863 1.4422420965399443e-05 2.6306520020433264e-06 0.0064944217019784513
decision_type=2 2 2 2 2 2 2 2 2 2 2
left_child=1 10 4 8 5 -2 -5 -8 -4 -7 -1
right_child=2 -3 3 6 -6 9 7 -9 -10 -11 -12
leaf_value=0.0077555384457305967 -0.019621544038873971 0.0063876877960300565 0.00031858212583246075 -0.0093942712172683952 0.042946286277508537 0.0021974272444709657 0.042359205634027119 0.0087946727825807276 -0.029494940288211525 0.031103227800498286 -0.037108164359654347
leaf_weight=1.5758786797523487 15.975668370723723 9.3382512181997281 37.090889409184456 19.657370254397392 23.386116802692413 20.314173206686974 27.416647389531136 36.767395421862602 28.81320858001709 28.85022234916687 58.549309965223074
leaf_count=5 28 15 50 30 30 29 40 48 38 38 864
internal_value=0.000130604 -0.0301398 0.00904442 0.00314831 0.0188713 0.00970948 0.0158154 0.0235619 -0.0129619 0.0194416 -0.0358246
internal_weight=307.735 69.4634 238.272 149.746 88.5262 65.1401 83.8414 64.184 65.9041 49.1644 60.1252
internal_count=1215 884 331 206 125 95 118 88 88 67 869
is_linear=0
shrinkage=0.05


Tree=81
num_leaves=10
num_cat=0
split_feature=18 39 55 78 70 46 59 55 37
split_gain=22.5968 8.50123 9.02765 6.99443 10.7634 6.58881 4.65702 2.45635 2.04547
threshold=-0.0005782804255251362 -0.28848425077912571 4.5347530989999208e-05 0.11928031970044506 0.3471855627003067 0.030040760949498518 1.3380237245446616 7.2262843462095639e-05 0.026231240688507313
decision_type=2 2 2 2 2 2 2 2 2
left_child=8 6 5 4 -4 -3 -2 -5 -1
right_child=1 2 3 7 -6 -7 -8 -9 -10
leaf_value=0.012129423165703658 0.0053745259941632159 -0.031696208880941608 0.01901832983243576 0.015089710340306019 -0.01319361981002746 0.0058755082368054917 -0.026459981077338691 0.038855312270081301 -0.03522524617800854
leaf_weight=1.9616387523710717 21.198888719081879 16.320328012108803 98.970024079084396 17.588583670556545 34.217178329825401 35.033541083335876 23.368657924234867 38.406536050140858 35.484150692820549
leaf_count=27 32 31 136 27 81 51 35 82 723
internal_value=0.00351189 0.00833792 0.012052 0.0170798 0.0107061 -0.00644219 -0.011532 0.031786 -0.0324936
internal_weight=322.55 285.104 240.536 189.182 133.187 51.3539 44.5675 55.9951 37.4458
internal_count=1225 475 408 326 217 82 67 109 750
is_linear=0
shrinkage=0.05


Tree=82
num_leaves=7
num_cat=0
split_feature=18 18 17 38 37 56
split_gain=75.2568 6.67723 6.16552 2.44503 0.746499 0.16919
threshold=-0.00019654923294621838 -0.0005782804255251362 0.48995539544819655 0.99664276610861979 0.034154168549785702 4.611747372487969e-05
decision_type=2 2 2 2 2 2
left_child=1 4 -3 -2 -1 -5
right_child=3 2 -4 5 -6 -7
leaf_value=0.013182973459465411 -0.0064334668039647287 0.032931845173662648 -0.019512865785623362 -0.025286579945520082 0.038382893586936535 -0.035619055969769102
leaf_weight=4.4936804994940749 9.1002068296074849 9.1676135733723658 11.516253642737864 16.758912518620491 61.612003453075886 89.300287708640099
leaf_count=41 33 51 40 56 709 295
internal_value=-0.00573636 0.029232 0.0041787 -0.0321149 0.0368919 -0.0342378
internal_weight=201.949 86.7896 20.6839 115.159 66.1057 106.059
internal_count=1225 841 91 384 750 351
is_linear=0
shrinkage=0.05


Tree=83
num_leaves=8
num_cat=0
split_feature=69 39 10 64 42 8 27
split_gain=30.1389 8.11622 6.00019 6.5678 6.18486 3.4804 2.55745
threshold=2.8578056549468847 -0.28848425077912571 1.4329773163157703e-05 33.975000000000001 -0.72042688257903986 -1.6864429597477761 553.9000000000002
decision_type=2 2 2 2 2 2 2
left_child=1 5 -3 4 -4 -1 -2
right_child=6 2 3 -5 -6 -7 -8
leaf_value=0.010991649198244616 -0.03674656467969202 0.035246468559721689 0.015613998226676355 0.019481388173437055 -0.0084353460611078842 0.039263636095356519 0.012531948397950528
leaf_weight=21.660353783518076 49.447686992585659 12.50121834874153 32.608968406915665 37.15561394020915 130.21085607260466 23.295670747756958 2.3139605522155753
leaf_count=40 850 17 43 55 185 32 3
internal_value=9.00023e-05 0.00712049 0.00298466 0.000802515 -0.00355292 0.0261774 -0.0343478
internal_weight=309.194 257.433 212.477 199.975 162.82 44.956 51.7616
internal_count=1225 372 300 283 228 72 853
is_linear=0
shrinkage=0.05


Tree=84
num_leaves=14
num_cat=0
split_feature=3 1 8 71 8 43 25 71 43 8 42 47 39
split_gain=20.2504 5.97096 10.6278 9.29722 7.10605 7.07775 6.91619 6.70036 4.99922 4.95386 4.42932 1.31989 3.11744
threshold=-3.1072138120524513 0.38617311826938533 -2.5571799345341781 3.592845538020391 -1.0519989750272336 0.15332235998947938 36.287500000000009 2.6877349867860043 0.10077732895066439 -3.2714449684945559 -0.5697683358912089 0.28822176680070039 -0.036493008785658025
decision_type=2 2 2 2 2 2 2 2 2 2 2 2 2
left_child=11 2 9 5 -5 8 -6 -7 -3 -2 -4 -1 -13
right_child=1 3 10 4 6 7 -8 -9 -10 -11 -12 12 -14
leaf_value=-0.037053103443877244 0.013029165457955275 0.0081430685476865279 0.014396078196510821 -0.044688417642764322 0.017667035311220367 0.036890050767769494 -0.030339814885900887 0.0062742027438159381 -0.02392726459705374 -0.017803984170758978 0.042399939959655943 0.031871808342362438 -0.030888781759106573
leaf_weight=29.874143417924643 26.848673693835735 23.597702607512474 27.789297461509705 15.804405428469179 16.082191325724128 25.702193170785904 12.394710652530192 55.669602572917938 23.251565620303154 23.48437949642539 31.318842545151711 2.0287724398076534 4.9353932179510585
leaf_count=555 43 37 38 71 86 35 23 75 33 40 52 21 99
internal_value=0.00183242 0.00642093 0.0154987 0.000605556 -0.0188944 0.007434 -0.00354859 0.016275 -0.00794104 -0.00142354 0.0296926 -0.0325275 -0.0108994
internal_weight=318.782 281.944 109.441 172.502 44.2813 128.221 28.4769 81.3718 46.8493 50.3331 59.1081 36.8383 6.96417
internal_count=1208 533 173 360 180 180 109 110 70 83 90 675 120
is_linear=0
shrinkage=0.05


Tree=85
num_leaves=8
num_cat=0
split_feature=18 41 65 65 72 4 54
split_gain=75.8104 4.44947 3.06185 1.56241 1.22588 1.24174 0.34614
threshold=-0.00019654923294621838 1.5644982397640281 554.65500000000009 574.59500000000014 0.95179118416605368 0.20812970085229224 -7.3093981811021833e-05
decision_type=2 2 2 2 2 2 2
left_child=1 3 -2 4 5 -1 -4
right_child=2 -3 6 -5 -6 -7 -8
leaf_value=0.014438542103817216 -0.0029575057652104953 -0.020114811595587326 -0.022639650563550339 -0.00058669499665827806 0.0020631559390536219 0.039104067536569878 -0.035482608499249599
leaf_weight=7.2323890849947921 8.7544634938240034 3.3496665060520163 13.106118783354757 3.0815833732485762 2.7574541345238677 63.44672329723835 90.792415782809258
leaf_count=66 32 12 44 15 19 710 310
internal_value=-0.00541742 0.0316177 -0.0317215 0.0341127 0.0355571 0.0368168 -0.0340938
internal_weight=192.521 79.8678 112.653 76.5181 73.4366 70.6791 103.899
internal_count=1208 822 386 810 795 776 354
is_linear=0
shrinkage=0.05


Tree=86
num_leaves=10
num_cat=0
split_feature=54 39 19 71 66 0 45 35 67
split_gain=34.3683 6.61374 6.6662 8.05429 9.63335 6.12398 5.64583 4.3925 1.90982
threshold=-5.7771218704055117e-05 -0.38161267606434129 6.9909969400964216e-05 2.7390727470354652 18.562500000000004 0.68989142471755371 0.19066235479883129 2.9820130502733897 0.90000000000000047
decision_type=2 2 2 2 2 2 2 2 2
left_child=5 -2 3 4 -3 7 -5 -1 -9
right_child=1 2 -4 6 -6 -7 -8 8 -10
leaf_value=-0.0060664399735402474 0.032353274385825921 0.016808942906293981 -0.010996507128359275 0.0080638855425020691 -0.016055629964012566 0.035870950967253123 0.035859789895771106 0.0088250453570999435 -0.038320586732144071
leaf_weight=15.224587462842463 30.65184623003006 47.520406141877174 37.906554944813251 32.877700202167034 40.267419829964638 2.8417226225137702 42.276906847953796 1.8816749304532994 55.802243530750275
leaf_count=25 40 63 57 48 55 6 56 19 839
internal_value=0.00150011 0.0110722 0.00768026 0.0120658 0.00172324 -0.0275163 0.0239655 -0.0304388 -0.0366585
internal_weight=307.251 231.501 200.849 162.942 87.7878 75.7502 75.1546 72.9085 57.6839
internal_count=1208 319 279 222 118 889 104 883 858
is_linear=0
shrinkage=0.05


Tree=87
num_leaves=12
num_cat=0
split_feature=18 42 3 3 9 26 67 28 67 37 70
split_gain=17.2887 5.781 7.19438 5.38166 7.89742 10.5852 6.99718 6.75698 4.56023 1.9941 1.61687
threshold=-0.00062927399415460843 -0.6985817309375707 -1.3213352033222836 -1.0371746870072334 0.0014999915681399394 176.66500000000002 9.7250000000000014 30.649999999999967 15.162500000000001 0.026231240688507313 0.12870472103482669
decision_type=2 2 2 2 2 2 2 2 2 2 2
left_child=9 2 10 4 5 -3 7 -5 -8 -1 -2
right_child=1 3 -4 6 -6 -7 8 -9 -10 -11 -12
leaf_value=0.012262517360059969 -0.006436361304778382 -0.01686311276381507 -0.028163201437889307 -0.0024196211418375303 0.037689994913811364 0.020920106766917634 -0.028003254003032114 0.033999200789456195 0.00245774917543869 -0.034667130132483903 0.015633498236903392
leaf_weight=1.957303762435912 12.634443044662474 26.120226763188839 23.331908717751503 26.963558912277222 33.59724423289299 58.154586493968964 22.053439527750015 22.930218279361725 25.993118032813072 30.286772876977921 20.930983155965805
leaf_count=28 20 91 40 38 57 87 31 31 37 692 40
internal_value=0.00252442 0.00665199 -0.00742975 0.0103817 0.0175328 0.00914911 0.00168504 0.0146569 -0.0118098 -0.0315352 0.00738026
internal_weight=304.954 272.71 56.8973 215.812 117.872 84.2748 97.9403 49.8938 48.0466 32.2441 33.5654
internal_count=1192 472 100 372 235 178 137 69 68 720 60
is_linear=0
shrinkage=0.05


Tree=88
num_leaves=7
num_cat=0
split_feature=54 3 29 18 18 53
split_gain=65.6251 4.73117 4.25298 3.23462 0.578529 0.543453
threshold=-0.00031873595034308944 -2.7595104738104599 567.48500000000024 -0.00045515209128364759 -7.0449325958978317e-05 0.50285919790908939
decision_type=2 2 2 2 2 2
left_child=2 -2 3 5 -3 -1
right_child=1 4 -4 -5 -6 -7
leaf_value=0.014222627586790812 0.0085793515919702322 -0.018839175168631313 -0.023306938747575886 0.0079169849191421358 -0.035510122742746029 0.037689968560520731
leaf_weight=4.2641157731413832 6.5497744753956786 9.4283403977751714 3.0218867138028136 12.783964373171328 89.793022014200687 56.215339988470078
leaf_count=34 32 32 8 56 318 712
internal_value=-0.00605855 -0.0314295 0.0290703 0.0315154 -0.0341298 0.0362937
internal_weight=182.056 105.771 76.2853 73.2634 99.2214 60.4795
internal_count=1192 382 810 802 350 746
is_linear=0
shrinkage=0.05


Tree=89
num_leaves=9
num_cat=0
split_feature=54 55 52 42 1 21 7 44
split_gain=32.947 10.3705 8.14609 5.7651 5.47224 4.47206 6.82408 3.98108
threshold=-0.00010460736410723659 5.3346868840150928e-05 0.22018780696669177 -0.69540994315603077 0.26090029193138548 0.13416439101290986 0.26172601236523124 1.6508235126149555
decision_type=2 2 2 2 2 2 2 2
left_child=7 5 3 -3 -5 6 -2 -1
right_child=1 2 -4 4 -6 -7 -8 -9
leaf_value=-0.036875816215845431 0.032913359773009181 0.015444428868216809 0.028660383815113551 -0.030676751059281599 -0.0024341136507943228 0.043325950318625316 -0.0035143385472621714 0.017502439890917265
leaf_weight=51.353170342743397 26.760564923286438 33.430635362863541 23.817326784133911 20.437955103814602 86.824077114462852 22.03412589430809 23.619831249117851 3.0283448882400981
leaf_count=852 35 44 32 30 122 32 32 13
internal_value=0.00115188 0.00923302 0.00224527 -0.00239715 -0.00804918 0.0248608 0.016099 -0.0335863
internal_weight=291.306 236.925 164.51 140.693 107.262 72.4145 50.3804 54.3815
internal_count=1192 327 228 196 152 99 67 865
is_linear=0
shrinkage=0.05


Tree=90
num_leaves=9
num_cat=0
split_feature=0 60 55 39 71 6 45 24
split_gain=20.9519 9.56217 6.70401 8.01567 6.34319 8.89319 7.48967 5.51369
threshold=-2.0054592968496676 272.46250000000003 4.5347530989999208e-05 -0.28848425077912571 2.7390727470354652 -3.4231987366108059 0.17104258075101 144.13750000000002
decision_type=2 2 2 2 2 2 2 2
left_child=1 -1 7 -4 6 -6 -5 -2
right_child=2 -3 3 4 5 -7 -8 -9
leaf_value=-0.03755982756378716 -0.024642677105940525 0.036231847918976851 -0.010632480867474894 0.010334171989992771 -0.021949058551767219 0.014135156128588587 0.042165269821866413 0.008575870604881906
leaf_weight=38.239904467016459 25.459006175398827 4.1445532739162436 34.523539908230305 37.325752332806587 19.7273875400424 97.465757731348276 37.351074516773224 22.925969392061234
leaf_count=730 42 6 51 51 38 209 49 35
internal_value=0.00263401 -0.0296753 0.00770725 0.0113122 0.0152954 0.00792671 0.0266019 -0.00904799
internal_weight=317.163 42.3845 274.778 226.394 191.87 117.193 74.6768 48.385
internal_count=1211 736 475 398 347 247 100 77
is_linear=0
shrinkage=0.05


Tree=91
num_leaves=7
num_cat=0
split_feature=69 9 71 20 74 66
split_gain=68.5079 5.76234 6.89096 1.46504 0.702418 0.116732
threshold=2.8578056549468847 0.0005391237080374522 9.9677386827035956 4.5311669908658149e-06 2.0627611432572839 27.075000000000006
decision_type=2 2 2 2 2 2
left_child=3 -2 -3 -1 -4 -5
right_child=1 2 4 5 -6 -7
leaf_value=-0.011604343643369004 0.039420113609355503 -0.014606853903859199 0.039606495401690922 -0.035581495152657669 0.0082903885341670935 -0.023366906598887665
leaf_weight=8.9141016080975515 49.308715961873531 13.44841378182173 10.896002419292925 84.465230081230402 2.8403069153428069 10.151643514633177
leaf_count=41 627 53 119 307 25 39
internal_value=-0.00630567 0.029359 0.0103585 -0.0326851 0.0341331 -0.0345291
internal_weight=180.024 76.4934 27.1847 103.531 13.7363 94.6169
internal_count=1211 824 197 387 144 346
is_linear=0
shrinkage=0.05


Tree=92
num_leaves=10
num_cat=0
split_feature=18 61 55 24 68 71 46 75 3
split_gain=24.3666 6.69471 7.63599 6.78514 9.11777 5.9984 5.41755 3.85994 1.77888
threshold=-8.8452330012806524e-05 80.762500000000017 4.5347530989999208e-05 158.66250000000005 38.937500000000007 2.7584587802233025 0.063861381371968853 0.84779550921576508 -0.44978875400004154
decision_type=2 2 2 2 2 2 2 2 2
left_child=8 2 7 5 -5 -4 -3 -2 -1
right_child=1 6 3 4 -6 -7 -8 -9 -10
leaf_value=-0.035794056888310957 0.0043961976280945158 0.0071509554886291559 -0.023390644057281942 0.030036223485674887 -0.011591751825106505 0.0015204373783638668 0.035021223739325549 0.033081623912649301 0.012421009750500351
leaf_weight=40.760228045284748 23.206560298800468 39.671084880828857 50.083365052938461 27.267514169216156 23.833352655172348 45.640768125653267 31.065921351313591 23.460711106657982 1.5386772193014611
leaf_count=831 31 55 71 36 33 71 41 34 8
internal_value=0.000986692 0.00666092 0.00181419 -0.00380701 0.0107712 -0.0116202 0.0197084 0.0192085 -0.0337938
internal_weight=306.528 264.229 193.492 146.825 51.1009 95.7241 70.737 46.6673 42.2989
internal_count=1211 372 276 211 69 142 96 65 839
is_linear=0
shrinkage=0.05


Tree=93
num_leaves=13
num_cat=0
split_feature=18 10 23 5 71 33 5 61 11 18 72 37
split_gain=15.9377 8.71698 11.8191 7.83067 6.92566 6.26889 6.02275 7.25855 4.63002 4.23629 3.0949 2.52193
threshold=-0.0005782804255251362 0.0006081756497289709 0.32826531656502594 -0.058701428680439725 3.4810296747150873 2.6788413438272256 -0.092179438963260613 60.9375 0.028711037823183308 -1.2879231125891632e-05 0.56590021165089044 0.026231240688507313
decision_type=2 2 2 2 2 2 2 2 2 2 2 2
left_child=11 4 -3 -4 6 -5 7 -2 -8 10 -6 -1
right_child=1 2 3 5 9 -7 8 -9 -10 -11 -12 -13
leaf_value=0.02195301805303573 0.0012637640969656331 -0.010358032044534766 0.043434213618206985 0.0021121494912502009 0.015790593979258517 0.033589795178322994 -0.024132599485538701 0.035351802594240082 0.0068254617875598824 -0.043973500744514615 -0.027691874832196435 -0.034343877690283318
leaf_weight=1.4746877178549791 44.265586361289024 31.357589155435562 34.750741198658943 41.941080540418625 7.8219486251473445 24.536700651049614 24.933325037360191 23.19512440264225 21.950941115617752 12.556553132832049 6.6714540645480156 28.237754888832569
leaf_count=21 64 49 57 58 34 37 37 31 31 24 39 718
internal_value=0.00325048 0.0070558 0.0162151 0.0244675 -0.00158646 0.014056 0.00384376 0.0133295 -0.00979837 -0.0238597 -0.00472028 -0.0309259
internal_weight=303.693 273.981 132.586 101.229 141.395 66.4778 114.345 67.4607 46.8843 27.05 14.4934 29.7124
internal_count=1200 461 201 152 260 95 163 95 68 97 73 739
is_linear=0
shrinkage=0.05


Tree=94
num_leaves=8
num_cat=0
split_feature=54 63 71 78 47 78 3
split_gain=58.7565 4.48787 3.46809 6.13367 1.63901 1.51953 0.313091
threshold=-0.00031873595034308944 222.92500000000004 12.33263970139776 0.34290824797313313 0.24584404074945904 0.10523049052827464 -1.9780515683378732
decision_type=2 2 2 2 2 2 2
left_child=2 -2 3 4 -1 -6 -3
right_child=1 6 -4 -5 5 -7 -8
leaf_value=0.041946453206452759 0.0095126249225280565 -0.022402203297956044 0.037005304319304953 -0.025390915742321343 0.026385414872252738 -0.012535294626785133 -0.034925237899534313
leaf_weight=8.9587554410100037 6.0569927617907515 13.072660759091375 43.802445285022259 6.708069033920764 4.87833124399185 3.5718302503228188 83.585996389389038
leaf_count=86 31 47 627 27 44 24 314
internal_value=-0.00713475 -0.0308759 0.0286964 0.0127329 0.0280042 0.0103483 -0.0334783
internal_weight=170.635 102.716 67.9194 24.117 17.4089 8.45016 96.6587
internal_count=1200 392 808 181 154 68 361
is_linear=0
shrinkage=0.05


Tree=95
num_leaves=11
num_cat=0
split_feature=69 5 21 35 1 28 59 18 18 50
split_gain=21.002 6.67951 9.97481 8.67829 6.18541 9.34587 5.05923 4.60088 4.03448 2.94655
threshold=2.7542854367386576 -0.092179438963260613 0.19200323179763465 2.8416173241193099 0.37837625287179139 33.375000000000007 1.0410601432551563 -8.7748415173792979e-06 6.5889773029194386e-05 0.039143034048678985
decision_type=2 2 2 2 2 2 2 2 2 2
left_child=1 2 3 -1 -3 7 -4 -6 9 -2
right_child=8 4 6 -5 5 -7 -8 -9 -10 -11
leaf_value=0.035785637567979416 0.004720685648421024 -0.0076679118522734917 -0.038603503649770693 -0.0040016026945692926 0.011887468639073896 -0.00045122988353013305 -0.0042856972687340452 0.038287030096865335 0.027519027179716594 -0.036998994500355147
leaf_weight=20.334895193576813 4.479792781174182 27.051812052726746 20.408404186367989 37.841360591351986 26.778871946036816 41.410050511360168 22.116441547870636 47.801725745201111 2.215730980038642 40.276597872376442
leaf_count=27 13 37 33 55 40 57 42 63 6 827
internal_value=0.000802745 0.00672951 -0.00312144 0.0102753 0.013638 0.0186302 -0.0212639 0.0290907 -0.0294511 -0.0328112
internal_weight=290.716 243.744 100.701 58.1763 143.042 115.991 42.5248 74.5806 46.9721 44.7564
internal_count=1200 354 157 82 197 160 75 103 846 840
is_linear=0
shrinkage=0.05


Tree=96
num_leaves=13
num_cat=0
split_feature=3 5 5 24 75 32 43 26 49 41 5 76
split_gain=18.1376 5.85643 6.19843 6.02086 7.18228 6.30771 5.58108 4.79642 4.03426 3.12906 2.44832 1.76615
threshold=-2.78612913952175 -0.31552527588241169 3.048232842062323 144.13750000000002 0.89928247935346184 86.912500000000023 0.0639510200956422 233.37000000000003 0.003340498575947151 1.2914669179146594 0.47666321271127415 0.19000146778763358
decision_type=2 2 2 2 2 2 2 2 2 2 2 2
left_child=9 6 3 5 -5 -3 -2 8 -8 10 11 -1
right_child=1 2 -4 4 -6 -7 7 -9 -10 -11 -12 -13
leaf_value=-0.037090256675101844 -0.0096638389275241453 -0.018590560806437485 0.027541436887777073 -0.00081551926156675839 0.0312095511175648 0.014389142734390521 0.052562913651869304 0.0034149660591764525 0.022026159928011782 0.024627581216913448 0.021286738600955372 0.010824515059272989
leaf_weight=32.393767356872559 13.798199623823164 56.991240069270134 21.841116040945053 56.513348698616028 24.333765298128128 18.507047727704048 16.254988923668861 20.26759871840477 37.340428419411182 1.9207548722624768 1.4357557892799366 1.6197211667895306
leaf_count=686 33 131 30 82 34 35 23 28 76 9 23 21
internal_value=0.00384616 0.00845619 0.00321134 -0.000340956 0.00908709 -0.0104238 0.0189608 0.0243657 0.0320808 -0.028315 -0.0317805 -0.0345646
internal_weight=303.218 265.848 178.187 156.345 80.8471 75.4983 87.6612 73.863 53.5954 37.37 35.4492 34.0135
internal_count=1211 472 312 282 116 166 160 127 99 739 730 707
is_linear=0
shrinkage=0.05


Tree=97
num_leaves=7
num_cat=0
split_feature=18 18 17 3 21 33
split_gain=56.1074 5.6207 6.84574 2.20656 1.33929 0.139141
threshold=-0.00015900020810196463 -0.00062927399415460843 0.49693773998036506 -2.4680282656007826 0.38063810109581869 2.8089102621310533
decision_type=2 2 2 2 2 2
left_child=1 -1 4 -2 -3 -5
right_child=3 2 -4 5 -6 -7
leaf_value=0.036604298630479669 -0.0056921427370578747 0.049476219996207209 -0.019842943650588959 -0.035034822362132734 0.011096702101316653 -0.024560325628346012
leaf_weight=48.763419095426798 8.2604119554162008 5.3634811267256755 11.518171004950998 71.723535664379597 4.682034082710743 15.251576416194437
leaf_count=728 30 35 46 284 29 59
internal_value=-0.0062959 0.0273536 0.00573911 -0.0311705 0.0342123 -0.0334981
internal_weight=165.563 70.3271 21.5637 95.2355 10.0455 86.9751
internal_count=1211 838 110 373 64 343
is_linear=0
shrinkage=0.05


Tree=98
num_leaves=8
num_cat=0
split_feature=54 61 42 76 30 18 31
split_gain=22.2459 7.82874 9.50737 8.66564 8.81484 5.96347 5.41917
threshold=-9.2802641846916935e-05 80.762500000000017 -0.72042688257903986 0.033607387656014932 16.337500000000006 -7.4170694263368832e-06 6.3625000000000016
decision_type=2 2 2 2 2 2 2
left_child=5 2 -2 -4 -5 -1 -3
right_child=1 6 3 4 -6 -7 -8
leaf_value=-0.036633303220135714 0.026636148549622686 0.0015508989848840189 -0.037434333731988421 -0.023355871671928555 0.007243020816821555 0.0071058741218343324 0.031108906478006567
leaf_weight=44.44338777475059 27.887373983860016 24.264755189418793 16.818637333810329 30.075942382216454 96.014069557189941 9.0525811016559583 42.506165221333504
leaf_count=858 38 31 27 44 141 15 57
internal_value=-0.000415691 0.00616976 0.000461529 -0.00479582 -0.000182003 -0.0292372 0.0205488
internal_weight=291.063 237.567 170.796 142.909 126.09 53.496 66.7709
internal_count=1211 338 250 212 185 873 88
is_linear=0
shrinkage=0.05


Tree=99
num_leaves=13
num_cat=0
split_feature=0 1 30 5 72 32 32 33 55 71 37 50
split_gain=14.0373 7.74252 13.2041 9.08595 6.08501 8.0754 6.06279 5.6116 4.21346 3.96765 2.25827 2.16489
threshold=-2.0054592968496676 0.39500428538584526 16.125000000000004 -0.43219966868659887 0.27874259452268363 25.117500000000003 85.56750000000001 2.4982477268811407 5.6567730947579857e-05 2.3483013117637275 0.029128575156623513 0.065964681446855467
decision_type=2 2 2 2 2 2 2 2 2 2 2 2
left_child=9 4 7 -4 -2 -6 -5 -3 -7 -1 -11 -12
right_child=1 2 3 6 5 8 -8 -9 -10 10 11 -13
leaf_value=0.028962619459595676 -8.5206813544109328e-05 0.049416267638811538 0.017083336468363325 -0.02359806303033667 -0.015099339934930421 0.008098193137044879 0.0036930358620812622 0.0079277569227391795 0.038582914836093815 0.016776531139108101 0.015970770545140487 -0.03725072373355464
leaf_weight=2.1817816495895377 40.179397568106651 13.67293459177017 25.490204695612192 70.957941625267267 10.572760269045828 15.792988076806067 28.03344713896513 19.390155468136072 45.727467853575945 1.7279183641076077 1.497079599648713 30.987543368712068
leaf_count=3 58 18 51 136 19 25 50 43 76 29 4 689
internal_value=0.00161221 0.0055722 -0.00158678 -0.00907149 0.0155433 0.0241354 -0.0159098 0.026032 0.0310118 -0.02711 -0.0314068 -0.0343943
internal_weight=306.212 269.817 157.545 124.482 112.273 72.0932 98.9914 33.0631 61.5205 36.3943 34.2125 32.4846
internal_count=1201 476 298 237 178 120 186 61 101 725 722 693
is_linear=0
shrinkage=0.05


Tree=100
num_leaves=8
num_cat=0
split_feature=54 29 61 74 8 8 30
split_gain=53.0668 4.43901 4.02675 2.21807 1.02264 3.31898 0.0616116
threshold=-0.00031873595034308944 567.48500000000024 12.800000000000001 1.7825567500248705 -3.4517544872396075 -3.5227016754785616 43.875000000000007
decision_type=2 2 2 2 2 2 2
left_child=1 3 -2 4 5 -1 -4
right_child=2 -3 6 -5 -6 -7 -8
leaf_value=0.032831839782175146 0.0023774079454353938 -0.027667469552829976 -0.034463158948460901 0.0015408126422799691 0.037229198746119505 -0.025733971936770402 -0.021955498281969372
leaf_weight=7.3487110882997513 8.3382369056344015 2.697604961693286 83.832928441464901 6.0030573345720759 43.76157408952713 2.5563563294708711 7.9961728304624549
leaf_count=114 43 7 330 51 605 22 29
internal_value=-0.00820264 0.0277353 -0.0306317 0.0306547 0.0338236 0.0167431 -0.0336223
internal_weight=162.535 62.3673 100.167 59.6697 53.6666 9.90507 91.8291
internal_count=1201 799 402 792 741 136 359
is_linear=0
shrinkage=0.05


Tree=101
num_leaves=10
num_cat=0
split_feature=54 30 19 55 52 61 72 44 12
split_gain=26.4344 8.05585 5.3542 7.15227 6.3466 4.11201 3.91415 3.72737 2.06213
threshold=-0.00010460736410723659 16.337500000000006 1.0304555959913872e-05 6.9995522685988373e-05 0.19187318235374948 36.35000000000003 0.37976044894392941 1.6508235126149555 0.0016059439180294767
decision_type=2 2 2 2 2 2 2 2 2
left_child=7 6 -3 5 -5 -4 -2 8 -1
right_child=1 2 3 4 -6 -7 -8 -9 -10
leaf_value=0.015909983970853657 -0.022245439884006686 -0.010968900625193786 0.0099658935054414057 0.0014981972644421216 0.029254461499501866 0.038140839175875324 0.0037645423175087633 0.019216982863785526 -0.036646476882518972
leaf_weight=1.4181047827005375 22.927094340324402 17.911704018712044 19.081979185342789 76.49329025298357 27.242775321006775 46.103313803672791 35.976509466767311 2.8381225131452075 42.78629744425416
leaf_count=4 31 25 30 112 38 63 49 12 837
internal_value=0.00288015 0.00947777 0.0145426 0.0172964 0.00899716 0.0301683 -0.00656169 -0.0310638 -0.0346458
internal_weight=292.779 245.737 186.833 168.921 103.736 65.1853 58.9036 47.0425 44.2044
internal_count=1201 348 268 243 150 93 80 853 841
is_linear=0
shrinkage=0.05


Tree=102
num_leaves=8
num_cat=0
split_feature=71 73 51 75 68 15 9
split_gain=12.4344 6.68588 6.55035 6.19162 8.07497 5.15119 2.23353
threshold=13.076925214585915 0.58843120107203273 0.23004343503573291 0.85026909600346279 109.27500000000002 0.36811869532940716 1.1838891353022715e-05
decision_type=2 2 2 2 2 2 2
left_child=1 2 -1 5 -5 -4 -2
right_child=6 -3 3 4 -6 -7 -8
leaf_value=-0.025889475136494401 0.017976893316386622 0.031694151587358041 0.0086595170588581443 0.0054314109116561649 -0.024738775457813389 0.033851739761781137 -0.035071374701060053
leaf_weight=16.028544664382935 1.5723730809986616 23.086776867508888 102.44913716241717 87.58172564022243 28.594298839569092 24.70398585870862 21.607711337506771
leaf_count=26 31 34 193 162 77 85 591
internal_value=0.00355761 0.00648272 0.00412541 0.00620041 -0.0021421 0.01378 -0.0308783
internal_weight=305.625 282.444 259.358 243.329 116.176 127.153 23.1801
internal_count=1199 577 543 517 239 278 622
is_linear=0
shrinkage=0.05


Tree=103
num_leaves=7
num_cat=0
split_feature=71 3 14 76 27 66
split_gain=51.1464 4.70934 4.07064 3.22711 3.42172 0.585447
threshold=6.616641124097514 -2.7595104738104599 0.37886420752688382 0.059881433290234938 143.92500000000001 27.400000000000002
decision_type=2 2 2 2 2 2
left_child=1 -1 3 -2 -5 -3
right_child=2 5 -4 4 -6 -7
leaf_value=0.0059169045158515947 0.033632475871940723 -0.034702057896107426 0.037593821187607152 -0.03067937005517582 0.021258991626808763 -0.01954077448597457
leaf_weight=8.2038766443729383 6.4952072314918068 79.063136540353298 40.418416757136583 6.232363495975731 4.7237549014389515 11.811329774558542
leaf_count=36 63 326 654 29 44 47
internal_value=-0.00801076 -0.0297191 0.0290294 0.00823135 -0.00838091 -0.0329656
internal_weight=156.948 99.0783 57.8697 17.4513 10.9561 90.8745
internal_count=1199 409 790 136 73 373
is_linear=0
shrinkage=0.05


Tree=104
num_leaves=9
num_cat=0
split_feature=54 12 44 62 40 66 49 17
split_gain=21.319 5.24711 4.48655 4.42089 3.92157 4.59989 5.96488 1.86544
threshold=-9.2802641846916935e-05 0.0016059439180294767 1.6508235126149555 417.26000000000016 0.92385783746003258 11.962500000000002 0.00078934960919717465 1.8508389491712394
decision_type=2 2 2 2 2 2 2 2
left_child=1 -1 7 4 5 -2 -7 -3
right_child=3 2 -4 -5 -6 6 -8 -9
leaf_value=0.041835674606119422 0.025933487786310317 -0.037618538903629817 0.027042209098891126 0.023007403640262224 -0.015661707121019452 -0.024426161365075527 0.0064468204086817367 0.010961179729496628
leaf_weight=1.6853325702249993 24.749527081847191 44.138959288597107 2.3308087699115267 34.702807724475861 21.842656433582306 16.543105915188789 144.51106411963701 1.651023719459771
leaf_count=3 35 826 10 47 30 22 210 16
internal_value=0.000595022 -0.0288664 -0.0321438 0.00674349 0.00392814 0.00630259 0.00314446 -0.0356701
internal_weight=292.155 49.8061 48.1208 242.349 207.646 185.804 161.054 45.79
internal_count=1199 855 852 344 297 267 232 842
is_linear=0
shrinkage=0.05


Tree=105
num_leaves=10
num_cat=0
split_feature=71 40 71 1 68 7 43 4 16
split_gain=13.0882 4.8396 7.47471 8.62311 7.61984 5.75856 5.71615 5.34956 2.12338
threshold=13.076925214585915 0.9929962532367681 2.8334523440381081 0.47304697698676007 66.850000000000023 0.65794005243528864 0.14856130903920714 0.52258104178718756 0.045223224378508446
decision_type=2 2 2 2 2 2 2 2 2
left_child=1 2 6 4 -4 -5 7 -1 -8
right_child=-2 -3 3 5 -6 -7 8 -9 -10
leaf_value=-0.008027437536577536 -0.034882339232226146 0.025709617407734545 -0.015754347609430491 -0.032889570153274671 0.023166146606528701 -0.0027642063106109185 0.035693513186009475 0.0163244854452812 0.013574160977599552
leaf_weight=49.085104167461395 21.652760470286012 23.850892767310143 19.522033147513866 33.61770074814558 31.779242504388094 29.648644383996725 21.807330727577209 40.07415360212326 24.558922410011292
leaf_count=72 634 35 42 122 124 62 31 56 34
internal_value=0.00165537 0.0046597 0.00255782 -0.0068118 0.00833742 -0.0190345 0.0104704 0.00297761 0.0245114
internal_weight=295.597 273.944 250.093 114.568 51.3013 63.2663 135.526 89.1593 46.3663
internal_count=1212 578 543 350 166 184 193 128 65
is_linear=0
shrinkage=0.05


Tree=106
num_leaves=9
num_cat=0
split_feature=60 71 78 18 8 20 21 23
split_gain=46.6329 7.22943 5.13727 3.90109 2.5834 1.51634 1.0193 0.453592
threshold=118.90000000000002 12.33263970139776 0.11928031970044506 -0.00045515209128364759 -0.35922663973780394 1.3695885651832469e-05 0.85491572753786305 1.2272697769707779
decision_type=2 2 2 2 2 2 2 2
left_child=1 2 4 6 7 -2 -4 -1
right_child=5 -3 3 -5 -6 -7 -8 -9
leaf_value=0.05029472209414191 -0.01150446141599828 0.037965163394814538 0.030883208811920006 -0.031709283226758499 -0.007379391832220715 -0.033853743872829571 -0.0078620072097394435 0.016472947551957717
leaf_weight=5.5201224125921708 9.9402751475572568 39.174631558358669 3.5348791554570189 9.9617968276143056 3.3316939696669605 73.159146189689636 2.1762941926717758 2.7588505372405052
leaf_count=55 43 654 45 25 20 314 26 30
internal_value=-0.00654779 0.0244686 0.00443262 -0.0139454 0.0283793 -0.0313489 0.0171475 0.042014
internal_weight=149.558 66.4583 27.2836 15.673 11.6107 83.0994 5.71117 8.27897
internal_count=1212 855 201 96 105 357 71 85
is_linear=0
shrinkage=0.05


Tree=107
num_leaves=13
num_cat=0
split_feature=54 27 59 26 5 78 77 72 78 65 25 54
split_gain=23.0764 6.56077 5.44118 5.20695 5.09748 7.71739 5.01372 7.55786 4.40743 3.964 1.82226 1.67343
threshold=-5.7771218704055117e-05 508.50000000000006 0.27687973614783706 272.19000000000005 0.7331732016053979 0.024538872160765009 0.97651960812525751 0.26813125280134437 0.03916555797943768 585.69500000000016 1.8499999999999972 -7.3093981811021833e-05
decision_type=2 2 2 2 2 2 2 2 2 2 2 2
left_child=2 6 -1 4 5 -3 7 -2 -9 10 11 -4
right_child=1 3 9 -5 -6 -7 -8 8 -10 -11 -12 -13
leaf_value=0.04857486147669135 0.01626969265850026 0.029657901133647236 -0.024253711796369024 -0.0015593584676896887 0.038845624585554822 -0.0021840218737119613 0.015204074513128732 -0.042132622000911404 -0.0074748614219422929 -0.0078240793098480182 -0.038139320486156834 0.030442427101187847
leaf_weight=1.6011866331100453 17.322471290826797 38.314576029777527 2.2963932324200869 31.526940166950226 29.701733127236366 36.630596667528152 28.212080106139183 15.788667544722555 21.41352066770196 20.055372472852468 39.741728158667684 1.4300755858421319
leaf_count=2 24 52 80 42 41 51 41 25 36 34 782 2
internal_value=0.00173608 0.00951779 -0.0241698 0.0162255 0.0215475 0.0142708 -0.00158407 -0.010388 -0.0229015 -0.0267278 -0.0350775 -0.0012636
internal_weight=284.035 218.911 65.1248 136.174 104.647 74.9452 82.7367 54.5247 37.2022 63.5236 43.4682 3.72647
internal_count=1212 312 900 186 144 103 126 85 61 898 864 82
is_linear=0
shrinkage=0.05


Tree=108
num_leaves=12
num_cat=0
split_feature=71 78 71 42 73 25 73 67 48 54 29
split_gain=12.9496 5.88928 9.45872 8.34354 8.08297 7.96695 4.28958 3.94099 2.80835 1.16456 0.954696
threshold=12.33263970139776 0.26274211107903039 3.6393344909380847 -0.26997894457582111 0.19373236374402206 15.475000000000005 0.54288920883431946 5.6374999999999966 0.013756015023820293 -5.7771218704055117e-05 502.90000000000003
decision_type=2 2 2 2 2 2 2 2 2 2 2
left_child=1 2 4 9 5 -1 -5 -6 -3 -4 -10
right_child=-2 8 3 6 7 -7 -8 -9 10 -11 -12
leaf_value=-0.028085469133285371 -0.034791295403493905 0.0044310944516202187 -0.01910997747075013 -0.014854363490843861 -7.4342899604585812e-05 0.0051136124462780458 0.027625417461917563 0.024902186086100456 0.020441413277447498 -0.044108333232875732 0.044914233618095871
leaf_weight=21.930581510066986 21.063083060085773 12.11831624060869 9.7222575340420025 11.656837500631811 20.962200179696083 84.343378067016602 10.257401378825305 62.980399489402771 10.333007527515294 16.477316007018089 11.333706878125666
leaf_count=33 653 18 90 52 31 127 20 87 51 27 17
internal_value=0.00206455 0.00503432 0.00221952 -0.0173641 0.00723795 -0.00193526 0.00536702 0.0187376 0.0242561 -0.0358755 0.0346597
internal_weight=293.178 272.115 238.33 48.1138 190.217 106.274 21.9142 83.9426 33.785 26.1996 21.6667
internal_count=1206 553 467 189 278 160 72 118 86 117 68
is_linear=0
shrinkage=0.05


Tree=109
num_leaves=7
num_cat=0
split_feature=71 71 24 3 41 43
split_gain=43.8646 4.18648 3.55525 3.44295 1.59875 0.823828
threshold=6.616641124097514 12.33263970139776 26.412500000000005 -2.739350810948777 0.63679050627192413 0.060985699616391088
decision_type=2 2 2 2 2 2
left_child=3 2 -2 -1 -4 -5
right_child=1 -3 4 5 -6 -7
leaf_value=0.002173560639271262 -0.024443743014180268 0.037392317729014329 0.032734808618510906 -0.014984845300161762 -0.0060491709130785359 -0.033295338572876504
leaf_weight=8.2349805533885938 5.226164065301421 36.767129670828581 8.1905724667012674 9.305647596716879 3.3494072631001464 73.824495315551758
leaf_count=37 31 653 104 43 17 321
internal_value=-0.00747857 0.0281397 0.00688673 -0.028427 0.0218933 -0.0314481
internal_weight=144.898 53.5333 16.7661 91.3651 11.54 83.1301
internal_count=1206 805 152 401 121 364
is_linear=0
shrinkage=0.05


Tree=110
num_leaves=9
num_cat=0
split_feature=54 71 28 5 78 37 37 18
split_gain=19.6994 4.97361 6.36671 5.98376 5.74486 8.39861 6.00065 2.42438
threshold=-0.00010460736410723659 3.6393344909380847 10.287499999999978 0.69145112953750532 0.024538872160765009 0.4110957555495644 0.15501521332904952 8.4575853715363712e-07
decision_type=2 2 2 2 2 2 2 2
left_child=7 2 -2 -3 5 -4 -6 -1
right_child=1 3 4 -5 6 -7 -8 -9
leaf_value=-0.035135509705489579 0.021838819754631967 0.0010555988698329375 0.030931371802195157 0.039138826319000147 -0.033227273694316606 -0.0048687800231616623 -0.0020433825908741697 -0.0017142115017271913
leaf_weight=34.278497381135821 38.559609264135361 18.123394671827555 27.977378562092781 23.113843739032745 18.441932171583176 37.163999557495117 75.437527433037758 6.5374667197465888
leaf_count=847 53 40 39 32 27 50 107 11
internal_value=0.00172383 0.00723972 0.0038888 0.0228229 -0.000573023 0.0107421 -0.00845487 -0.0299515
internal_weight=279.634 238.818 197.58 41.2372 159.021 65.1414 93.8795 40.816
internal_count=1206 348 276 72 223 89 134 858
is_linear=0
shrinkage=0.05


Tree=111
num_leaves=14
num_cat=0
split_feature=71 3 24 31 66 42 2 59 63 68 15 51 45
split_gain=10.7865 8.92774 7.78423 6.50824 6.26824 6.19195 5.77623 4.69944 4.53352 4.39374 4.38909 3.39445 0.827671
threshold=4.8196120572340186 -1.3213352033222836 158.66250000000005 5.7125000000000012 14.812500000000002 -0.55923494231509296 0.95797337392188853 1.3020273984345729 565.68750000000011 57.059999999999981 0.30522357603283967 0.45378086383560395 0.079178352374463731
decision_type=2 2 2 2 2 2 2 2 2 2 2 2 2
left_child=1 2 4 -3 -1 -5 -7 9 -6 -2 -11 -12 -9
right_child=7 3 -4 5 8 6 -8 12 -10 10 11 -13 -14
leaf_value=-0.0015227146409152921 -0.035687681680933669 0.016801093140736061 -0.00058000945834726708 -0.023069610335259224 0.015074125874789186 0.017499182676696253 -0.01223541614606953 0.00041075156176845548 0.046544317449780936 -0.025339614583931882 0.052292196203954103 0.0016397755926123047 -0.036673145187550958
leaf_weight=13.577889829874037 6.1071233581751612 39.054377198219299 33.430595964193344 36.680458471179008 18.511414028704166 31.291279405355453 32.076981544494629 1.5927824396640087 35.78907111287117 5.082742381840947 5.4370816797018033 6.9413320031017065 20.75178406573832
leaf_count=23 111 55 48 56 37 43 44 19 52 27 14 85 568
internal_value=0.00373631 0.00798765 0.0191994 -0.000256638 0.0288079 -0.00701556 0.0024913 -0.0182206 0.0362825 -0.00236646 0.0105896 0.026134 -0.0341253
internal_weight=286.325 240.412 101.309 139.103 67.8784 100.049 63.3683 45.9128 54.3005 23.5683 17.4612 12.3784 22.3446
internal_count=1182 358 160 198 112 143 87 824 89 237 126 99 587
is_linear=0
shrinkage=0.05


Tree=112
num_leaves=9
num_cat=0
split_feature=54 61 10 78 26 37 25 4
split_gain=39.6823 4.43696 3.48513 4.2035 2.57393 1.80987 1.32134 0.109389
threshold=-0.00030429114072600668 12.800000000000001 0.0010254257299814348 0.33827343739877908 191.85250000000002 0.029128575156623513 48.250000000000014 1.5135275800907049
decision_type=2 2 2 2 2 2 2 2
left_child=2 -2 5 4 -4 -1 -7 -3
right_child=1 7 3 -5 -6 6 -8 -9
leaf_value=-0.0082411148404862387 0.0063828814792377233 -0.033828564802494729 0.038141380322101626 -0.031916307535939777 -0.013229320210473945 0.037587601878653051 -0.0050048102999541919 -0.020130688742655202
leaf_weight=2.1575643569231024 7.5946215018630019 70.805404279381037 6.4375292994081956 4.5168772116303435 3.0134034939110279 34.905025899410248 1.6862740777432907 6.9360158964991561
leaf_count=26 45 313 85 10 17 638 15 33
internal_value=-0.0084094 -0.0293501 0.0254041 0.00364146 0.0220634 0.0329599 0.0355438 -0.0328776
internal_weight=138.053 85.336 52.7167 13.9678 9.45093 38.7489 36.5913 77.7414
internal_count=1182 391 791 112 102 679 653 346
is_linear=0
shrinkage=0.05


Tree=113
num_leaves=11
num_cat=0
split_feature=3 24 18 49 33 29 27 48 41 57
split_gain=16.7648 12.9506 8.78498 6.04815 7.69059 8.20216 6.58461 5.83234 2.04236 1.95333
threshold=-1.3213352033222836 158.66250000000005 5.6486210530644188e-05 0.013141039418244094 2.5051450515151923 527.51750000000004 512.02500000000009 0.0165343801364977 2.3789130123009907 0.25002792137968333
decision_type=2 2 2 2 2 2 2 2 2 2
left_child=1 2 7 4 -2 -6 -5 -1 -9 -7
right_child=3 -3 -4 6 5 9 -8 8 -10 -11
leaf_value=-0.006682051776991535 -0.0051213967301210073 0.012580339258602398 0.031881899725558396 -0.028598951397917984 0.0016797010767159841 0.024495266744492053 0.0097246021010200211 -0.037558879362012854 0.0086388036514780022 0.04655631151318259
leaf_weight=24.96114157885313 24.750252395868301 34.685483939945698 5.9490293413400641 15.423654302954672 22.627876434475183 21.569056987762451 34.336560621857643 56.774177979677916 2.1440533623099318 29.221423983573914
leaf_count=45 34 50 12 58 35 29 49 827 4 39
internal_value=0.000350406 -0.0131122 -0.0230621 0.011694 0.018833 0.0268687 -0.00248355 -0.0272887 -0.0357616 0.0378416
internal_weight=272.443 124.514 89.8284 147.929 98.1686 73.4184 49.7602 83.8794 58.9182 50.7905
internal_count=1182 938 888 244 137 103 107 876 831 68
is_linear=0
shrinkage=0.05


Tree=114
num_leaves=13
num_cat=0
split_feature=71 59 39 23 33 40 27 11 42 41 10 14
split_gain=9.92589 5.23608 4.97529 5.87912 5.14443 7.45502 4.65992 4.45072 3.91142 6.17568 2.46646 1.45611
threshold=4.7284258922274383 1.2733614776069582 -0.436310828232846 0.5232853072171586 2.4768078697417599 0.67204600795148906 351.8250000000001 0.010854768970988221 -0.72042688257903986 0.89342339145558591 3.3318088711905065e-05 0.084448313333069999
decision_type=2 2 2 2 2 2 2 2 2 2 2 2
left_child=2 6 -1 8 -5 -6 7 10 -4 -10 -2 -3
right_child=1 11 3 4 5 -7 -8 -9 9 -11 -12 -13
leaf_value=-0.013743504391402012 0.029773771554070447 0.011309188601303604 -0.01663212864245953 0.035855481350980226 0.024872744954124847 -0.011357876101148264 -0.03897827994091066 0.028099485469356578 0.026993919618604107 -0.00075546248008055467 -0.033070499151993289 -0.037363468751733298
leaf_weight=27.713602185249329 1.1870556380599797 1.207960426807406 22.669332630932331 27.975478172302246 32.634628556668758 23.780647128820419 5.3763483501970759 11.738501045852898 25.182442754507065 85.387838408350945 5.7198324166238308 23.071902949362993
leaf_count=41 27 2 37 38 49 35 24 52 39 126 120 632
internal_value=0.00178222 -0.0187042 0.00587498 0.00842469 0.0186678 0.00966868 -0.00190655 0.010223 0.0018462 0.00574977 -0.0198702 -0.0345904
internal_weight=293.646 48.3016 245.344 217.63 84.3908 56.4153 24.0217 18.6454 133.24 110.57 6.90689 24.2799
internal_count=1222 857 365 324 122 84 223 199 202 165 147 634
is_linear=0
shrinkage=0.05


Tree=115
num_leaves=8
num_cat=0
split_feature=60 14 17 38 41 15 20
split_gain=36.1622 6.43897 4.44945 2.59898 2.17648 1.81095 1.6475
threshold=118.90000000000002 0.35748637723069027 0.45413670078607149 1.1027289413329198 1.5644982397640281 0.38646914946825534 1.3695885651832469e-05
decision_type=2 2 2 2 2 2 2
left_child=1 2 3 -1 -3 -4 -2
right_child=6 4 5 -5 -6 -7 -8
leaf_value=0.03849869126250987 -0.011603933699358665 0.036203300473167152 -0.039527621051945419 -0.0074837882561193366 -0.0085370807714427611 -0.00030199693901589825 -0.03406313664617585
leaf_weight=6.5918939709663409 10.820316508412359 34.403207246214151 5.7806024178862554 4.6936672031879425 2.5744053721427909 5.2255656383931637 66.550395786762238
leaf_count=63 48 695 16 23 13 50 314
internal_value=-0.00877053 0.0204244 -0.000868695 0.020322 0.0329457 -0.0224802 -0.0311104
internal_weight=136.64 59.2693 22.2917 11.2856 36.9776 11.0062 77.3707
internal_count=1222 860 152 86 708 66 362
is_linear=0
shrinkage=0.05


Tree=116
num_leaves=9
num_cat=0
split_feature=63 39 41 11 38 25 45 16
split_gain=15.2718 4.95177 7.91895 8.82429 7.15319 5.91823 5.28395 2.01474
threshold=411.2000000000001 -0.436310828232846 0.9451921614629577 0.0054021315333011377 1.7745430461824874 26.262500000000003 0.15360693174446163 0.0095285422267191878
decision_type=2 2 2 2 2 2 2 2
left_child=7 -2 3 6 -4 -6 -3 -1
right_child=1 2 4 -5 5 -7 -8 -9
leaf_value=0.015108658187612254 0.025030488207489651 0.022405259635315825 0.036120879469832667 -0.036743855976726338 -0.0081624099604660199 0.01278558874849358 -0.014528473159304981 -0.035940498665967921
leaf_weight=1.5498387478292013 29.975205961614847 17.314784435555339 20.600385934114456 21.45370901376009 52.075138047337532 91.904471151530743 19.577323311939836 25.515830598771572
leaf_count=26 49 29 30 50 75 131 43 789
internal_value=0.00242753 0.00628797 0.00366727 -0.0120252 0.00926949 0.00520499 0.00293967 -0.0325831
internal_weight=279.967 252.901 222.926 58.3458 164.58 143.98 36.8921 27.0657
internal_count=1222 407 358 122 236 206 72 815
is_linear=0
shrinkage=0.05


Tree=117
num_leaves=11
num_cat=0
split_feature=23 43 71 78 25 66 59 5 15 54
split_gain=8.84489 5.95381 9.26518 6.87115 6.01618 6.20183 5.63362 7.25201 5.01294 4.55467
threshold=1.6017700009721731 0.14856130903920714 2.6589251747528935 0.10523049052827464 15.475000000000005 17.687500000000004 0.23925320735650399 -0.15993790392494037 0.18464556385037287 1.7040378045979723e-05
decision_type=2 2 2 2 2 2 2 2 2 2
left_child=1 3 -3 4 -1 -6 -5 -8 -4 -10
right_child=-2 2 8 6 5 -7 7 -9 9 -11
leaf_value=-0.040271926319432855 -0.03660393407614014 0.033779150542947695 -0.032995238976274051 0.056626691896269302 -0.023618345805338916 0.008263435157525062 0.013205186267687817 -0.040452579096828888 0.013876468375923413 -0.0069127048587358207
leaf_weight=15.577903443947433 13.154038324952124 32.36038202047348 7.5495557487010947 4.8347479701042166 26.654289267957211 33.195960721001029 35.737092858180404 6.6078966930508605 75.08068017475307 39.54535984992981
leaf_count=61 391 44 15 6 44 65 208 25 271 56
internal_value=0.00196266 0.00391816 0.0104172 -0.00429126 -0.013584 -0.00608991 0.0105389 0.00409185 0.00400533 0.00670656
internal_weight=290.298 277.144 154.536 122.608 75.4282 59.8502 47.1797 42.345 122.176 114.626
internal_count=1186 795 386 409 170 109 239 233 342 327
is_linear=0
shrinkage=0.05


Tree=118
num_leaves=8
num_cat=0
split_feature=54 71 78 47 63 38 48
split_gain=33.2439 4.08692 3.87729 2.93692 2.55744 0.435092 0.152037
threshold=-0.00030429114072600668 12.33263970139776 0.34290824797313313 0.28822176680070039 456.83750000000003 1.182357276671073 0.13233249752957191
decision_type=2 2 2 2 2 2 2
left_child=1 2 3 6 -2 -6 -1
right_child=4 -3 -4 -5 5 -7 -8
leaf_value=0.041398960875499283 -0.0039435797067602476 0.035223683241549023 -0.023554215835633108 -0.0070831981885939093 -0.017315085221886444 -0.033530802572468918 0.015199242153430811
leaf_weight=6.4908246807754058 9.465167395770548 27.414072599261999 6.6489364318549624 5.8363276943564406 8.0750462599098665 65.02804646641016 2.3781037181615829
leaf_count=69 45 609 31 44 37 319 32
internal_value=-0.00966219 0.0227799 0.00594382 0.0199318 -0.0288672 -0.0319974 0.0366258
internal_weight=131.337 48.7683 21.3542 14.7053 82.5683 73.1031 8.86893
internal_count=1186 785 176 145 401 356 101
is_linear=0
shrinkage=0.05


Tree=119
num_leaves=11
num_cat=0
split_feature=69 25 43 75 12 59 53 3 30 46
split_gain=15.2772 4.86744 7.87262 5.8127 6.2481 6.83182 5.26014 4.02334 2.20567 1.34461
threshold=2.8578056549468847 26.262500000000003 0.14856130903920714 0.80073479385961355 0.0031970226494053362 1.3380237245446616 0.56934689148100104 -1.3810582517549002 211.31250000000003 0.16602004666938383
decision_type=2 2 2 2 2 2 2 2 2 2
left_child=1 2 7 6 -5 -6 -3 -1 9 -2
right_child=8 3 -4 4 5 -7 -8 -9 -10 -11
leaf_value=-0.0091020940479729986 -0.036497566984719364 -0.025062582847818406 -0.020410277753350324 0.034450957250159626 -0.0022304480702964309 0.027426697380572199 0.010779569577211951 0.018736680917944178 0.021680434864022071 0.01230472533148178
leaf_weight=19.067960172891617 26.567904857918627 16.717248555272818 36.1415148191154 36.411218762397766 48.836682023480535 31.088332341983914 23.3274220302701 36.613746672868729 1.2210399210453022 1.0280336439609516
leaf_count=31 805 30 53 50 77 46 38 51 2 3
internal_value=0.00254277 0.00658094 -0.00254217 0.0119199 0.0175374 0.00950162 -0.00442934 0.00921102 -0.0312927 -0.0343128
internal_weight=277.021 248.204 91.8232 156.381 116.336 79.925 40.0447 55.6817 28.817 27.5959
internal_count=1186 376 135 241 173 123 68 82 810 808
is_linear=0
shrinkage=0.05


Tree=120
num_leaves=9
num_cat=0
split_feature=2 40 77 16 54 63 65 25
split_gain=10.5791 6.55448 6.28192 6.16647 5.81256 7.53248 5.61167 2.00972
threshold=-1.2605295557700609 0.98026876289464582 0.90784629192067345 0.026077360288183419 -5.3255477496428503e-05 572.12500000000011 575.09500000000014 57.875000000000007
decision_type=2 2 2 2 2 2 2 2
left_child=7 2 3 -2 6 -6 -4 -1
right_child=1 -3 4 -5 5 -7 -8 -9
leaf_value=-0.035699291180483504 0.0026804023272784445 0.029858189911455682 -0.0060178860861130421 0.037631463032926672 -0.016846065143818256 0.0055535742273571326 0.028715652940994325 0.022135784197560762
leaf_weight=18.330710990354422 27.846228007227182 24.244778960943222 19.488075425848365 22.334718257188797 75.270633939653635 73.15536293387413 26.793949782848358 0.97370733693241973
leaf_count=600 51 35 198 56 110 107 42 5
internal_value=0.00298714 0.00559351 0.00307957 0.0186679 -0.00101277 -0.00584258 0.0142724 -0.0318356
internal_weight=288.438 269.134 244.889 50.1809 194.708 148.426 46.282 19.3044
internal_count=1204 599 564 107 457 217 240 605
is_linear=0
shrinkage=0.05


Tree=121
num_leaves=8
num_cat=0
split_feature=71 11 54 54 78 20 4
split_gain=35.3375 3.08447 5.30889 2.12449 1.51929 0.483373 0.782724
threshold=6.616641124097514 0.019540228754839021 -0.00050146819822579768 -0.00031873595034308944 0.31539597409389891 3.0927538458876341e-05 0.6012963448358527
decision_type=2 2 2 2 2 2 2
left_child=3 -2 4 -1 -3 6 -5
right_child=1 2 -4 5 -6 -7 -8
leaf_value=-0.0023784793717264523 0.036131380375567963 0.034865794886083677 -0.029218816908859708 -0.027786283015364829 -0.011282697772996383 -0.033378870933628922 -0.0053920513845318405
leaf_weight=7.5562962964177123 29.073256250470877 9.3591474778950232 5.3083268739283076 13.760108150541784 1.654409386217593 54.116744659841061 6.0752372927963725
leaf_count=33 589 178 19 63 15 276 31
internal_value=-0.00840373 0.0265868 0.00848113 -0.0279773 0.0275714 -0.0305263 -0.0215153
internal_weight=126.904 45.3951 16.3219 81.5084 11.0136 73.9521 19.8353
internal_count=1204 801 212 403 193 370 94
is_linear=0
shrinkage=0.05


Tree=122
num_leaves=10
num_cat=0
split_feature=69 9 77 65 51 14 7 15 25
split_gain=13.0901 4.37314 5.65094 5.98113 9.51278 5.22916 2.64456 2.04594 1.36985
threshold=2.8578056549468847 3.0889204034327542e-05 0.90784629192067345 574.74250000000018 0.3492940916286596 0.026316632168098594 0.11660973962414513 0.28963106881457046 57.875000000000007
decision_type=2 2 2 2 2 2 2 2 2
left_child=1 -1 5 -4 -5 -3 7 -2 -8
right_child=6 2 3 4 -6 -7 8 -9 -10
leaf_value=0.031188519785076425 0.037954232646881365 0.004796229869113342 0.029674644819205943 -0.0080780441677394954 0.015762408023535734 -0.030508558171444281 -0.037477668770396495 -0.023057866442753837 0.011611833083073914
leaf_weight=13.59865754842758 1.7424704544246226 19.584676686674356 23.449057139456272 87.967078372836113 78.057510782033205 21.010441359132528 25.370333380997184 1.8194434605538843 1.0658196210861195
leaf_count=20 5 29 42 130 115 39 742 74 8
internal_value=0.000765563 0.00464102 0.00294369 0.0065782 0.00315796 -0.0137703 -0.0298481 0.00856614 -0.0351474
internal_weight=273.665 243.667 230.069 189.474 166.025 40.5951 29.9981 3.56191 26.4362
internal_count=1204 375 355 287 245 68 829 79 750
is_linear=0
shrinkage=0.05


Tree=123
num_leaves=13
num_cat=0
split_feature=0 49 49 10 4 62 39 53 69 55 4 70
split_gain=9.49623 5.31815 8.05059 7.80855 7.26395 9.79417 5.61464 5.13529 5.0227 2.2546 1.72917 1.41334
threshold=-2.0054592968496676 0.013170910975428538 0.0093770253146957198 0.0078213759862989316 0.25878609003017022 281.76750000000004 -0.436310828232846 0.85059770001864365 2.03723407996636 0.00014745209655133318 0.20812970085229224 2.6455425626716962
decision_type=2 2 2 2 2 2 2 2 2 2 2 2
left_child=8 2 4 6 -2 -6 -3 -8 -1 -5 11 -10
right_child=1 3 -4 9 5 -7 7 -9 10 -11 -12 -13
leaf_value=0.026720159043228237 -0.019552621734258761 -0.016067976915722877 -0.027390294741636019 0.050556881927436542 -0.016813285558301739 0.019772727506588469 -0.00078753802135147837 0.025693815437049107 -0.02188578123339607 0.018183425824045044 -0.03708748139984195 0.034888965757999928
leaf_weight=3.3349356353282955 24.910979822278023 21.19018343091011 23.765632061287761 13.618140757083895 23.845554377883673 69.509729281067848 35.903614096343517 36.23225449770689 1.4161552023142605 11.201355587691067 22.2304950915277 1.0282882172614334
leaf_count=5 39 33 52 20 48 101 70 55 40 55 658 27
internal_value=0.00205942 0.00506707 -0.00145794 0.0128577 0.00393914 0.0103485 0.00605373 0.0126829 -0.0250896 0.0372165 -0.0328599 0.00519255
internal_weight=288.187 260.177 142.032 118.146 118.266 93.3553 93.3261 72.1359 28.0099 24.8195 24.6749 2.44444
internal_count=1203 473 240 233 188 149 158 125 730 75 725 67
is_linear=0
shrinkage=0.05


Tree=124
num_leaves=7
num_cat=0
split_feature=60 18 78 54 3 67
split_gain=31.5576 4.32321 3.54879 2.14587 1.88546 1.04429
threshold=105.62500000000001 -0.00050954082800443526 0.32345498135009859 -0.00030429114072600668 -2.2761069251811201 32.937500000000007
decision_type=2 2 2 2 2 2
left_child=1 5 3 -3 -2 -1
right_child=4 2 -4 -5 -6 -7
leaf_value=0.034733589272457031 -0.0061260966603415984 0.040771857457432961 -0.020940828699535393 -0.0039060326882362547 -0.033047700264390065 0.0039328246757846762
leaf_weight=28.561282593756918 7.7877135500311843 5.0152311846613884 8.5365212261676771 4.5686957314610499 64.75208543613553 3.3366100527346125
leaf_count=681 35 46 26 20 338 57
internal_value=-0.00938155 0.0209263 0.00124464 0.021117 -0.0302801 0.0317292
internal_weight=122.558 50.0183 18.1204 9.58393 72.5398 31.8979
internal_count=1203 830 92 66 373 738
is_linear=0
shrinkage=0.05


Tree=125
num_leaves=10
num_cat=0
split_feature=54 30 27 3 54 22 18 49 16
split_gain=14.4453 6.51886 7.88441 5.47803 7.66958 6.03998 5.45312 4.64077 6.03584
threshold=-9.2802641846916935e-05 16.125000000000004 511.0125000000001 -1.0854527076160447 2.2128293518589261e-05 0.046656865799154727 -7.4170694263368832e-06 0.013608238633270115 0.023701318368816563
decision_type=2 2 2 2 2 2 2 2 2
left_child=6 2 -2 4 5 -3 -1 8 -5
right_child=1 3 -4 7 -6 -7 -8 -9 -10
leaf_value=-0.035858651134052039 -0.033154304547684678 0.0071663360447001877 0.0054829849841157071 0.014193456695584823 0.020806444614622187 -0.023881390519901381 0.0081824470912022947 0.0031229593204525471 0.047670794836382237
leaf_weight=29.828553441911936 19.281937126070261 32.255860354751348 37.18689252436161 32.928849667310715 37.378369428217411 28.826506044715643 8.6817115694284421 26.121373698115349 23.377740263938904
leaf_count=840 29 47 51 47 56 48 16 38 31
internal_value=0.00203566 0.00667006 -0.0080575 0.0112867 0.00326301 -0.00763463 -0.0259743 0.0207169 0.0286821
internal_weight=275.868 237.358 56.4688 180.889 98.4607 61.0824 38.5103 82.428 56.3066
internal_count=1203 347 80 267 151 95 856 116 78
is_linear=0
shrinkage=0.05


Tree=126
num_leaves=9
num_cat=0
split_feature=0 19 19 25 25 47 69 9
split_gain=9.76595 5.4222 8.85521 5.76671 6.25359 6.22194 4.94325 1.97838
threshold=-2.0054592968496676 1.1013448113117779e-05 1.914558938843833e-05 27.162500000000009 38.462499999999999 0.33493826111734043 2.03723407996636 9.1908152060394968e-06
decision_type=2 2 2 2 2 2 2 2
left_child=6 -2 -3 5 -5 -4 -1 -8
right_child=1 2 3 4 -6 -7 7 -9
leaf_value=0.025456785720990499 0.026395410517405002 -0.026905630169883482 0.0020196715700618192 -0.013910932943348204 0.0082098508310937523 0.031011008065031223 0.012649815413508073 -0.03729236751428671
leaf_weight=3.344907313585284 23.847606331110001 23.080129250884056 37.921589123085141 54.707208808511496 73.933988112956285 35.427977614104748 1.6828583814203764 23.657790716737509
leaf_count=5 35 40 114 89 120 72 11 721
internal_value=0.00101041 0.0042274 0.0017722 0.00516543 -0.00123219 0.0162513 -0.0261071 -0.0336214
internal_weight=277.604 248.918 225.071 201.991 128.641 73.3496 28.6856 25.3406
internal_count=1207 470 435 395 209 186 737 732
is_linear=0
shrinkage=0.05


Tree=127
num_leaves=8
num_cat=0
split_feature=54 61 78 18 29 66 33
split_gain=31.656 4.25869 2.89438 5.83586 1.08198 0.691415 0.509443
threshold=-0.00031873595034308944 13.525 0.33827343739877908 -0.00050954082800443526 557.67500000000007 6.2500000000000009 2.8923060667254061
decision_type=2 2 2 2 2 2 2
left_child=2 -2 4 -4 5 -1 -3
right_child=1 6 3 -5 -6 -7 -8
leaf_value=0.0016806746477940491 0.009619078669541016 -0.032661746051142047 0.031514723146911415 -0.035556011619696778 -0.0048366993759028989 0.038232976450543354 -0.017394655680479706
leaf_weight=1.4529310911893905 6.8056688904762259 57.476459801197052 7.0425388738512993 4.4481605887413007 1.4354146234691132 27.950001671910286 10.248324323445557
leaf_count=26 45 308 177 9 9 585 48
internal_value=-0.00739515 -0.0268835 0.0267472 0.00478304 0.034524 0.0365415 -0.0306382
internal_weight=116.859 74.5305 42.329 11.4907 30.8383 29.4029 67.7248
internal_count=1207 401 806 186 620 611 356
is_linear=0
shrinkage=0.05


Tree=128
num_leaves=12
num_cat=0
split_feature=54 27 24 30 66 66 51 67 44 53 16
split_gain=13.2198 5.16912 6.91502 5.09979 4.99076 4.64726 4.58205 4.34189 3.92056 3.47247 2.40357
threshold=-0.00010460736410723659 508.50000000000006 143.03750000000005 16.337500000000006 19.962500000000006 14.175000000000002 0.35937282092617323 5.8000000000000007 1.6508235126149555 0.72213790798776401 0.0015240957629305276
decision_type=2 2 2 2 2 2 2 2 2 2 2
left_child=8 3 9 -2 6 -5 -4 -7 10 -3 -1
right_child=1 2 4 5 -6 7 -8 -9 -10 -11 -12
leaf_value=0.027748502571695696 -0.02628082198548214 0.042623410093197062 0.0013360670543065565 0.028981117748534402 -0.010129349086018855 -0.024801528155897132 0.027983225086650066 0.0051326275889030035 0.026654818177567249 0.013981988517064002 -0.03557625273484627
leaf_weight=0.87112814188004151 17.794625982642174 21.269497513771057 37.162480250000954 12.882124610245226 35.43474280834198 15.715202268213032 27.652202010154724 43.149898361414671 2.3106749951839438 22.9682627171278 28.191927652806044
leaf_count=3 28 30 55 20 50 26 39 70 12 32 842
internal_value=0.00221501 0.00633308 0.0121525 -0.00308781 0.00477739 0.00294667 0.0129571 -0.00313969 -0.0277501 0.0283906 -0.0328183
internal_weight=265.403 234.029 144.487 89.5419 100.249 71.7472 64.8147 58.8651 31.3737 44.2378 29.0631
internal_count=1207 350 206 144 144 116 94 96 857 62 845
is_linear=0
shrinkage=0.05


Tree=129
num_leaves=14
num_cat=0
split_feature=50 59 19 62 42 37 39 4 66 55 49 78 39
split_gain=7.4581 5.91983 8.11092 6.4391 8.54344 5.97017 4.85957 4.60036 4.44914 6.21365 4.08946 3.94163 2.35455
threshold=0.45918565397122246 1.3888964933307555 6.6279334394094737e-05 281.76750000000004 -0.72042688257903986 0.24587502943090925 0.21911307077024084 0.40092890650420548 21.475000000000005 0.00019290197185948261 0.023690249121079632 0.011482740678577316 -0.69227577925207273
decision_type=2 2 2 2 2 2 2 2 2 2 2 2 2
left_child=1 2 3 7 -5 10 8 -1 12 -10 -4 -7 -3
right_child=-2 6 5 4 -6 11 -8 -9 9 -11 -12 -13 -14
leaf_value=-0.00051442622862061464 0.044784098737736699 0.0077863472554942914 -0.0294454476701142 -0.020676668116711594 0.0089245897589911253 0.0044360827455215846 0.011683643953851203 -0.038911854160707277 0.027041386742866561 -0.030456438662128917 0.025093935229959941 0.038042384485746525 -0.041076565313175883
leaf_weight=13.658966744318606 8.4444325519725663 2.4318733513355246 8.2785294549539667 30.327538922429085 108.97081075422466 12.539337523281572 12.40234683640301 17.271846897900105 8.0584741989150661 8.7737861433997733 4.5345444791018954 30.036627908237278 22.415953811258081
leaf_count=30 16 4 187 50 160 23 24 52 58 185 57 90 271
internal_value=0.00108356 -0.000390641 0.00318423 -0.0022475 0.00237847 0.0196216 -0.0150912 -0.0225028 -0.0231454 -0.0029565 -0.00972462 0.0284737 -0.0361781
internal_weight=288.145 279.701 225.618 170.229 139.298 55.389 54.0824 30.9308 41.6801 16.8323 12.8131 42.576 24.8478
internal_count=1207 1191 649 292 210 357 542 82 518 243 244 113 275
is_linear=0
shrinkage=0.05


Tree=130
num_leaves=8
num_cat=0
split_feature=69 14 17 74 77 39 38
split_gain=26.6429 5.08153 3.60244 2.45207 1.84836 1.44884 1.38141
threshold=2.7768079167508843 0.37886420752688382 0.45413670078607149 0.86067341444456369 0.95593464449656529 0.29089038612093771 1.182357276671073
decision_type=2 2 2 2 2 2 2
left_child=6 2 4 -4 -2 -3 -1
right_child=1 5 3 -5 -6 -7 -8
leaf_value=-0.0097835195956727187 0.038324676878172939 0.035394847160757491 -0.036487143387608577 0.0077002862010761043 -0.0019214541777167115 -0.011167736732859996 -0.032719622444440453
leaf_weight=8.5484355241060239 5.3911111317574996 24.686458606272939 6.5111863277852517 4.8886920996010303 4.9885328598320484 1.340949460864066 59.995086040347815
leaf_count=52 54 651 36 44 34 6 330
internal_value=-0.0102378 0.0181888 0.000206917 -0.0184451 0.020513 0.0326715 -0.030041
internal_weight=116.35 47.8069 21.7795 11.3999 10.3796 26.0274 68.5435
internal_count=1207 825 168 80 88 657 382
is_linear=0
shrinkage=0.05


Tree=131
num_leaves=10
num_cat=0
split_feature=54 71 12 46 24 73 76 38 65
split_gain=13.4509 4.92437 5.4641 6.92263 6.07107 5.8011 4.81127 6.80401 2.87227
threshold=-9.2802641846916935e-05 3.3903357348971475 0.030645528787784152 0.033315467343933487 163.20000000000002 0.10517571591475948 0.042999126552929319 1.8909640222986763 585.03250000000014
decision_type=2 2 2 2 2 2 2 2 2
left_child=6 2 3 5 -5 -2 7 -1 -3
right_child=1 8 -4 4 -6 -7 -8 -9 -10
leaf_value=-0.032300032218724448 0.0016379641864305121 0.010662705358373449 -0.018904155230120651 -0.0079414126056677626 0.021040799461454561 0.031170566903313719 -0.036554002802990634 0.042795191640862852 0.035443768202325733
leaf_weight=5.3455525171011669 28.296571806073189 28.810252930969 22.408490180969238 79.179181456565857 22.330156117677689 39.730587512254715 25.13956424407661 4.7574478965252638 20.304510369896889
leaf_count=192 42 51 31 111 31 58 650 10 31
internal_value=0.00320267 0.0074452 0.00377939 0.00687085 -0.00142281 0.0190879 -0.0252211 0.00373138 0.0214103
internal_weight=276.302 241.06 191.945 169.536 101.509 68.0272 35.2426 10.103 49.1148
internal_count=1207 355 273 242 142 100 852 202 82
is_linear=0
shrinkage=0.05


Tree=132
num_leaves=12
num_cat=0
split_feature=0 27 28 30 20 73 78 68 6 76 51
split_gain=9.56252 4.75013 5.32248 6.43676 6.69107 3.86603 3.32592 3.40552 2.68928 3.87004 4.29687
threshold=-2.0054592968496676 508.50000000000006 29.099999999999998 24.512500000000003 6.127914234524763e-05 0.086095543349604189 -0.010103919476875002 34.630000000000003 -4.016707287585616 0.073354423687632189 0.45378086383560395
decision_type=2 2 2 2 2 2 2 2 2 2 2
left_child=8 5 3 4 -3 -2 -7 -8 9 10 -1
right_child=1 2 -4 -5 -6 6 7 -9 -10 -11 -12
leaf_value=0.065478163611302251 -0.0052189717215756519 -0.017948762244665014 -0.017902552199560492 0.026622738069994961 0.0096261919684370069 -0.00476354346793419 0.0033449178235820582 0.028782718555475192 -0.036705036192592952 -0.033612163488994921 -0.02244582060772117
leaf_weight=2.1997021213173897 21.098558366298676 35.825244963169098 31.896851181983948 25.323552757501602 53.659662902355194 12.722726903855799 17.691632874310017 53.793025799095631 17.205548961646855 3.7067454475909472 1.7686253953725097
leaf_count=5 52 61 47 38 78 25 37 142 553 95 87
internal_value=0.00272374 0.00567555 -0.00015528 0.0048874 -0.00148979 0.0137237 0.0184755 0.0226202 -0.0262387 -0.00124925 0.0296612
internal_weight=276.892 252.011 146.705 114.808 89.4849 105.306 84.2074 71.4847 24.8806 7.67507 3.96833
internal_count=1220 480 224 177 139 256 204 179 740 187 92
is_linear=0
shrinkage=0.05


Tree=133
num_leaves=9
num_cat=0
split_feature=18 18 47 27 71 33 46 16
split_gain=25.6845 3.22804 4.27071 2.22901 2.49378 0.869788 1.16895 0.189801
threshold=-0.00015900020810196463 -0.00097638312134233239 0.19112770915788738 95.08750000000002 6.9027750259435789 2.8089102621310533 0.035084618018740861 0.060519163949800552
decision_type=2 2 2 2 2 2 2 2
left_child=1 -1 7 -4 -5 -2 -7 -3
right_child=5 2 3 4 -6 6 -8 -9
leaf_value=0.033653300949832758 -0.032340921250102267 0.036558343915604495 -0.036416458052076731 -0.01527700540967513 0.031367299383431489 -0.00017197122557176237 -0.027163913274223808 0.012053713027482829
leaf_weight=20.596361489966512 51.406107559800148 6.5142393447458762 4.3437123373150817 6.3248887397348863 3.7189797200262547 6.4093214944005039 9.777519188821314 2.3743026684969664
leaf_count=606 295 82 35 22 64 32 50 34
internal_value=-0.00982707 0.0196934 0.00646319 -0.0102992 0.00327053 -0.0289956 -0.0171081 0.0318936
internal_weight=111.465 43.8725 23.2761 14.3876 10.0439 67.5929 16.1868 8.88854
internal_count=1220 843 237 121 86 377 82 116
is_linear=0
shrinkage=0.05


Tree=134
num_leaves=10
num_cat=0
split_feature=20 29 66 30 56 21 5 3 33
split_gain=9.60177 4.63726 5.86819 6.40091 5.85376 7.92228 6.24982 5.31429 3.7945
threshold=-1.9770484429977725e-05 545.44000000000017 22.975000000000005 16.675000000000001 0.00014218220378849284 0.1589943743513855 -0.058701428680439725 -1.2519227232398611 2.5366709265902405
decision_type=2 2 2 2 2 2 2 2 2
left_child=-1 2 3 -2 8 -6 -7 -5 -3
right_child=1 4 -4 7 5 6 -8 -9 -10
leaf_value=-0.033481351603004458 -0.024835652112413096 0.008077280472477329 -0.027737542350034505 0.031549696241974207 -0.025258186795298471 -0.00978203761165433 0.019328638521026453 -0.0037070616386538444 0.031595219054444457
leaf_weight=17.447049141861498 14.752566005103288 36.356125444173813 21.449470037594438 18.677426181733605 21.754163384437561 28.984002318233252 47.424101814627647 22.989426106214527 33.128260914236307
leaf_count=780 47 59 55 44 30 44 69 38 54
internal_value=0.00131951 0.00391834 -0.00611181 0.00244972 0.00858579 0.000685124 0.00830233 0.012466 0.0195792
internal_weight=262.963 245.516 77.8689 56.4194 167.647 98.1623 76.4081 41.6669 69.4844
internal_count=1220 440 184 129 256 143 113 82 113
is_linear=0
shrinkage=0.05


Tree=135
num_leaves=10
num_cat=0
split_feature=19 19 19 30 25 25 70 44 21
split_gain=7.51932 5.97852 8.26834 6.07671 4.85911 8.23714 5.76971 1.4575 0.742885
threshold=0.00025367484347757816 1.0304555959913872e-05 2.286191775820082e-05 16.562500000000004 27.162500000000009 16.525000000000002 0.35882007949206535 1.5203680489357738 0.40440979673564154
decision_type=2 2 2 2 2 2 2 2 2
left_child=1 -1 3 -3 5 -4 -6 8 -2
right_child=7 2 4 -5 6 -7 -8 -9 -10
leaf_value=0.029660414598900654 0.0052604313337420855 0.0094399293081474083 -0.0018510728961911905 -0.029770446252266061 0.0053663648913249984 0.030098850271053152 -0.020844411986617257 0.015840795021241177 -0.03794379992170669
leaf_weight=19.73505923897028 0.82515617460012158 13.814279183745382 37.013563421554863 30.528296312317252 96.050974801182747 43.052524893544614 25.792273310944438 0.97324994951486665 13.403814475052057
leaf_count=32 3 24 340 57 141 89 64 8 453
internal_value=0.00187277 0.00387341 0.0016952 -0.0176162 0.00600222 0.0154882 -0.000306555 -0.0312103 -0.0352574
internal_weight=281.189 265.987 246.252 44.3426 201.909 80.0661 121.843 15.2022 14.229
internal_count=1211 747 715 81 634 429 205 464 456
is_linear=0
shrinkage=0.05


Tree=136
num_leaves=9
num_cat=0
split_feature=60 71 1 50 10 16 54 33
split_gain=26.9641 4.78193 3.22054 2.71741 1.89681 2.43852 0.713843 0.0360776
threshold=118.90000000000002 12.33263970139776 0.53953791501875836 0.19265052345316377 0.0011219936227497098 0.02544831149393945 -9.2802641846916935e-05 2.8234669961925549
decision_type=2 2 2 2 2 2 2 2
left_child=1 2 4 -4 5 -1 -2 -8
right_child=6 -3 3 -5 -6 -7 7 -9
leaf_value=-0.026800259320965553 -0.013879060963662614 0.035882306436097244 0.047334660230238544 -0.0087650309319110085 -0.028114452541034365 0.025435510051501915 -0.03363285793246059 -0.021779730219538111
leaf_weight=2.6090475730597991 8.2689717896282655 22.583553995937109 4.8300681151449671 2.9968805424869061 6.7524782530963421 4.9587455168366432 46.390868593007326 8.4837609156966192
leaf_count=20 41 642 56 22 24 79 279 48
internal_value=-0.0092312 0.0202063 0.00336175 0.027295 -0.0106471 0.00640075 -0.0300745 -0.0322229
internal_weight=107.874 44.7308 22.1472 7.82695 14.3203 7.56779 63.1436 54.8746
internal_count=1211 843 201 78 123 99 368 327
is_linear=0
shrinkage=0.05


Tree=137
num_leaves=8
num_cat=0
split_feature=63 19 19 25 4 74 71
split_gain=12.2534 5.81587 6.21282 6.8667 7.95775 4.75913 3.84937
threshold=417.40000000000003 1.0304555959913872e-05 2.286191775820082e-05 27.162500000000009 0.54912171890070915 0.54457170826853252 2.6699752289050518
decision_type=2 2 2 2 2 2 2
left_child=-1 -2 6 4 -4 -5 -3
right_child=1 2 3 5 -6 -7 -8
leaf_value=-0.035895203526904389 -0.021673928291304448 0.010051022561052793 0.0075080808563276064 -0.019452329970991493 -0.028916090894636839 0.01250810351833451 0.038956045956803242
leaf_weight=19.007490774616599 18.260164991021156 27.431352332234383 28.487063055858016 12.07444768399 29.906864628195763 113.23691379837692 20.156529486179352
leaf_count=805 27 40 46 27 48 184 34
internal_value=0.00176794 0.0047684 0.00694029 0.00271917 -0.0113196 0.00929892 0.0228439
internal_weight=268.561 249.553 231.293 183.705 58.3939 125.311 47.5879
internal_count=1211 406 379 305 94 211 74
is_linear=0
shrinkage=0.05


Tree=138
num_leaves=14
num_cat=0
split_feature=0 42 71 1 19 55 7 57 7 7 37 69 22
split_gain=6.69216 4.62493 8.69179 7.056 6.67256 6.31405 6.03854 4.30501 3.87102 3.03596 3.36295 3.32157 2.78191
threshold=-2.0054592968496676 -0.72042688257903986 2.7390727470354652 0.28825725275763109 7.3332719520591961e-05 8.1789041944576351e-05 0.26433193457030763 0.25759842242951686 0.5225260940516504 0.54455380846038437 0.02421193039624377 2.081731481729177 0.032594940637991072
decision_type=2 2 2 2 2 2 2 2 2 2 2 2 2
left_child=9 5 6 -4 -5 -2 7 -3 -8 10 -1 -11 -13
right_child=1 2 3 4 -6 -7 8 -9 -10 11 -12 12 -14
leaf_value=0.034744394771753714 -0.030658785908821463 -0.0090949388019016027 0.025849294019392746 -0.01673210326164663 0.011302038622341262 0.0069532758641420722 0.046902718186293907 0.022289135368312091 0.016982993649301739 0.044286299548089596 -0.037047819516215198 0.041648010833593825 -0.032255623548795187
leaf_weight=1.0166713241487801 17.903292149305344 20.907605797052383 19.950772572308779 56.158377133309841 32.892603768035769 26.536100530996919 23.755118787288666 20.98230043053627 22.317713305354118 2.4387882947921744 16.878239654004574 0.7318015694618224 4.5303444033488631
leaf_count=18 33 31 41 94 109 52 32 30 33 3 553 1 173
internal_value=0.00328996 0.00589082 0.00917358 -0.000288738 -0.00636666 -0.00854074 0.0207706 0.00677824 0.0330783 -0.0205389 -0.0313461 0.00529053 -0.0169684
internal_weight=267 241.404 196.964 109.002 89.051 44.4394 87.9627 41.8899 46.0728 25.5958 17.8949 7.70093 5.26215
internal_count=1203 455 370 244 203 85 126 61 65 748 571 177 174
is_linear=0
shrinkage=0.05


Tree=139
num_leaves=9
num_cat=0
split_feature=18 18 8 8 33 8 73 54
split_gain=22.0286 2.84186 3.39288 3.12423 1.29231 1.99235 0.983229 0.154914
threshold=-0.00015900020810196463 -0.00097638312134233239 -1.5551320108757014 -3.3952032687777058 2.8089102621310533 -1.7087408333970631 0.24882870268713275 -7.3093981811021833e-05
decision_type=2 2 2 2 2 2 2 2
left_child=1 -1 3 -3 7 -6 -5 -2
right_child=4 2 -4 6 5 -7 -8 -9
leaf_value=0.033265642061433183 -0.018529913245856833 -0.019467105076627796 -0.0183647311229015 0.039882720734958702 0.0064277914324957497 -0.029099681678797441 0.0021235928529126937 -0.033369441442042146
leaf_weight=18.27381875179708 6.3458031117916098 3.0243935994803914 7.8367490582168093 8.5462883748114091 6.6389065273106098 7.7523909062147123 2.2464862558990726 41.626314353197813
leaf_count=602 34 31 42 142 37 39 18 258
internal_value=-0.00944872 0.0192572 0.00648887 0.0208733 -0.0278414 -0.0133576 0.0328698 -0.0318249
internal_weight=102.291 39.9277 21.6539 13.8172 62.3634 14.3913 10.7928 47.9721
internal_count=1203 835 233 191 368 76 160 292
is_linear=0
shrinkage=0.05


Tree=140
num_leaves=13
num_cat=0
split_feature=56 78 27 20 11 23 26 23 42 5 73 29
split_gain=7.92039 5.10646 5.51442 7.74605 8.48569 5.35844 5.25136 6.38876 5.03187 6.49346 3.50699 1.97109
threshold=-2.9032474268949504e-05 0.011482740678577316 504.50000000000006 6.127914234524763e-05 0.019540228754839021 0.19565282592348651 147.95500000000001 0.60077719109397376 -0.54484561752335015 1.1963491201840444 0.16535085280010389 569.23000000000013
decision_type=2 2 2 2 2 2 2 2 2 2 2 2
left_child=11 8 6 5 -5 -4 7 -3 -2 -10 -8 -1
right_child=1 2 3 4 -6 -7 10 -9 9 -11 -12 -13
leaf_value=-0.035282176254289435 0.026828561003052722 0.034086787037979065 -0.0022131334313493303 -0.029273145282616604 0.0086468777284237699 0.033474829047611447 -0.0095356151590467245 -0.032738824419686167 -0.016193785608011591 0.02152687554132994 -0.039072099000937471 0.022528167372334026
leaf_weight=16.578359172679487 35.415380477905273 9.1539034955203515 16.630081832408905 24.480486512184143 34.255085736513138 27.077305905520916 21.853665512055159 4.5831166654825202 23.19155534543097 20.599587634205818 19.083851356059313 0.94281002134084602
leaf_count=727 53 19 24 34 50 46 40 103 37 31 36 3
internal_value=0.000369876 0.00282608 -0.00240008 0.00444513 -0.00738333 0.0201503 -0.0150753 0.0110829 0.0130936 0.00163467 -0.023908 -0.031123
internal_weight=253.845 236.324 157.117 102.443 58.7356 43.7074 54.6745 13.737 79.2065 43.7911 40.9375 17.5212
internal_count=1203 473 352 154 84 70 198 122 121 68 76 730
is_linear=0
shrinkage=0.05


Tree=141
num_leaves=15
num_cat=0
split_feature=1 5 20 5 32 62 25 64 24 28 76 18 25 32
split_gain=5.76957 7.46011 7.43224 6.03115 5.86471 7.56394 5.29979 8.72666 6.03401 4.98727 4.26901 4.17383 4.04828 4.02541
threshold=0.31050621835967257 -0.041340743198152917 5.8506746800537282e-05 -0.64590810600597914 89.31750000000001 314.28750000000008 26.837500000000002 11.175000000000002 141.71250000000003 8.3375000000000146 0.11600668045305083 -6.323911636204223e-05 7.8125000000000009 28.185000000000006
decision_type=2 2 2 2 2 2 2 2 2 2 2 2 2 2
left_child=1 9 4 -4 10 -6 7 -5 -8 12 11 -2 -1 -11
right_child=2 -3 3 6 5 -7 8 -9 -10 13 -12 -13 -14 -15
leaf_value=0.0087402901066310681 -0.0045438133167270143 0.040745487789424432 0.031711729219175998 -0.0115347150824909 -0.017069573819777313 0.045173535595956063 -0.027662711604082166 0.038146750641067616 0.0026117692706689494 -0.016983641119911661 0.006217026433889627 -0.040035443446242255 -0.045443961119272236 0.019369439311720173
leaf_weight=5.5840324265882355 11.512616058811544 17.614268183708191 16.391035130247474 15.441261092200874 11.333786562085153 7.1210883241146794 23.994851510971785 18.588585621677339 47.751128792762756 8.7567588696256262 9.0939080482348782 31.326044201850891 6.9806858543306589 36.037420096807182
leaf_count=55 293 26 40 28 213 13 41 40 71 50 59 57 12 216
internal_value=0.0015568 0.0132285 -0.00303256 0.00442487 -0.0158566 0.0080353 -6.09037e-05 0.0159177 -0.00775436 0.00422491 -0.0243383 -0.0308185 -0.0224942 0.0120471
internal_weight=267.527 74.9732 192.554 122.167 70.3874 18.4549 105.776 34.0298 71.746 57.3589 51.9326 42.8387 12.5647 44.7942
internal_count=1214 359 855 220 635 226 180 68 112 333 409 350 67 266
is_linear=0
shrinkage=0.05


Tree=142
num_leaves=8
num_cat=0
split_feature=18 26 3 44 37 45 65
split_gain=20.6658 2.8776 1.93716 1.89829 1.89346 1.70888 0.842317
threshold=-0.00015900020810196463 205.29250000000005 -2.6290644507366587 1.4660978689710635 0.02421193039624377 0.10073778098408921 554.65500000000009
decision_type=2 2 2 2 2 2 2
left_child=1 3 -2 4 -1 -6 -4
right_child=2 -3 6 -5 5 -7 -8
leaf_value=-0.020097226147959984 0.001379885222106844 -0.021894871914567158 -0.0090459587665756708 -0.016931895131238248 0.0089918561346647701 0.035172169467560389 -0.032316002652353758
leaf_weight=1.4949877895414818 5.1579289659857741 3.283974550664424 5.225806087255477 2.2017019800841799 9.5969807580113393 22.863758314400911 51.069190930575132
leaf_count=20 23 22 26 14 125 658 326
internal_value=-0.00975533 0.018211 -0.0277087 0.0223448 0.025303 0.027932 -0.0303515
internal_weight=100.894 39.4414 61.4529 36.1574 33.9557 32.4607 56.295
internal_count=1214 839 375 817 803 783 352
is_linear=0
shrinkage=0.05


Tree=143
num_leaves=15
num_cat=0
split_feature=5 40 58 44 44 71 3 42 33 18 46 56 42 12
split_gain=10.4197 6.55245 6.47841 5.7489 6.2451 5.45577 4.24802 3.8299 3.68441 4.14608 1.82938 1.9406 1.83006 1.42186
threshold=-1.153494313126936 0.17232556890743289 0.10270022387173075 0.58424363293787518 1.2120963535466254 3.0029823264050637 -0.778461978019372 -0.75197596139467615 2.781648910634734 -7.8743160002195854e-06 0.01213571535539266 0.0004132018959498206 -0.80803318648593081 0.0057355123173792972
decision_type=2 2 2 2 2 2 2 2 2 2 2 2 2 2
left_child=10 6 8 5 -5 -4 7 -2 9 -3 13 12 -12 -1
right_child=1 2 3 4 -6 -7 -8 -9 -10 -11 11 -13 -14 -15
leaf_value=0.031843871000707742 0.0066931087834535058 0.0048022765754916624 -0.0023220351799056525 -0.02645895246036958 0.010714839368679783 0.029157459854163709 0.016095215110024836 -0.046411718420151418 -0.0017432335771136072 0.029064056411193452 0.020460189173956894 0.016170594218806223 -0.039906153745810857 -0.021269402017710902
leaf_weight=1.5196361541748076 4.3199799582362219 25.790048412978649 34.295610249042511 30.399565194733441 16.95172464940697 21.842055373825133 5.4022403964772812 11.705678971484303 20.680987924337387 57.76324337720871 0.7482376191765131 1.32961603719741 19.459371159784496 1.5659412350505588
leaf_count=2 7 41 49 57 33 72 11 133 40 85 2 16 586 80
internal_value=0.00226071 0.00561946 0.00835731 -0.000520544 -0.0132044 0.010222 -0.0201107 -0.0325441 0.0170929 0.0217206 -0.0279968 -0.0329683 -0.0368116 0.00628037
internal_weight=253.774 229.151 207.723 103.489 47.3513 56.1377 21.4279 16.0257 104.234 83.5533 24.6228 21.5372 20.2076 3.08558
internal_count=1214 528 377 211 90 121 151 140 166 126 686 604 588 82
is_linear=0
shrinkage=0.05


Tree=144
num_leaves=15
num_cat=0
split_feature=61 72 76 0 20 78 30 56 54 75 74 56 54 28
split_gain=7.28535 4.39027 4.54626 5.72774 5.6186 4.90773 4.06261 3.48082 3.17696 2.77924 2.20987 1.61536 4.0057 1.6039
threshold=20.300000000000008 0.65706769508132312 0.10613140081742174 0.27333669066062566 5.8506746800537282e-05 0.024538872160765009 45.287500000000001 0.00014218220378849284 -5.3255477496428503e-05 0.84057303161651564 0.28418632185215925 3.8021008467221493e-05 -0.00030429114072600668 23.675000000000022
decision_type=2 2 2 2 2 2 2 2 2 2 2 2 2 2
left_child=6 2 3 4 -2 -4 10 8 -3 13 -1 12 -12 -8
right_child=1 7 5 -5 -6 -7 9 -9 -10 -11 11 -13 -14 -15
leaf_value=0.013586787541264564 -0.011926046349807068 0.018511958916045457 -0.0056398484525152772 -0.031543277674771407 0.01116627761412883 0.030927753880919576 0.052190369648110219 0.023557059287255277 -0.013717674428788957 -0.024252069222181934 -0.031835583935114493 -0.041444285729049062 0.027911504897526931 0.00398438978191338
leaf_weight=2.472387075424197 52.680235410109162 13.093107243999841 15.87683946918696 16.491996794939041 50.722982808947563 19.910052955150604 2.4231078457087261 41.979765981435776 15.719374418258665 3.172195341438055 8.7221973296254891 16.081733154132962 3.0648626722395411 3.8459480814635754
leaf_count=11 121 40 28 27 76 48 9 60 24 88 515 86 11 62
internal_value=0.000827296 0.00431319 -0.0004013 -0.00508204 -0.000599979 0.0149922 -0.0186365 0.0145422 0.00105795 0.00926872 -0.0273384 -0.0313139 -0.0153323 0.0272334
internal_weight=266.257 226.474 155.682 119.895 103.403 35.7869 39.7824 70.7922 28.8125 9.44125 30.3412 27.8688 11.7871 6.26906
internal_count=1206 424 300 224 197 76 782 124 64 159 623 612 526 71
is_linear=0
shrinkage=0.05


Tree=145
num_leaves=10
num_cat=0
split_feature=71 18 21 14 37 52 68 18 35
split_gain=21.6182 3.11741 2.23911 2.13924 1.90879 0.748716 0.193035 0.186773 0.0459472
threshold=6.616641124097514 -8.8452330012806524e-05 0.27550819358225453 0.15087222314825335 0.02421193039624377 0.28902965828192195 207.65000000000003 -3.4421821670916014e-05 3.5386210799418332
decision_type=2 2 2 2 2 2 2 2 2
left_child=1 3 -2 -1 -4 6 -6 -3 -9
right_child=2 7 4 -5 5 -7 -8 8 -10
leaf_value=0.016546293335599274 -0.01918061771238376 -0.018459532064565406 -0.015536190487440274 -0.022583538046844567 0.035509207714359434 0.00059827257327509217 0.0067972907043884539 -0.03313634821848687 -0.019159607923753652
leaf_weight=6.4523566253483278 1.9481815919280077 8.0646210834383947 1.6775217428803468 5.5822538919746876 23.528356933966286 1.7779370956122864 1.147213065996765 39.941585663706064 5.5916598662734023
leaf_count=38 8 50 21 22 729 30 8 264 36
internal_value=-0.00916668 -0.0251472 0.0253897 -0.00194419 0.0290289 0.0323179 0.0344911 -0.030226 -0.0318686
internal_weight=95.7117 65.6325 30.0792 12.0346 28.131 26.4535 24.6756 53.5979 45.5332
internal_count=1206 410 796 60 788 767 737 350 300
is_linear=0
shrinkage=0.05


Tree=146
num_leaves=12
num_cat=0
split_feature=54 0 67 61 56 29 61 72 45 69 75
split_gain=10.2581 6.50131 4.0205 3.92351 4.52701 6.97768 6.46849 5.5766 5.30907 3.31466 1.26158
threshold=-5.7771218704055117e-05 1.0362226977599047 0.76250000000000095 22.125000000000004 0.00014218220378849284 545.44000000000017 50.537500000000016 0.67092817153248863 0.18771034212227369 2.1026071442566692 0.95713385549030483
decision_type=2 2 2 2 2 2 2 2 2 2 2
left_child=1 2 -1 -2 5 -5 -6 -8 -7 -4 -11
right_child=3 -3 9 4 6 8 7 -9 -10 10 -12
leaf_value=0.027051349517911712 0.027278581176103357 0.044401151283096893 -0.0012016165200749382 -0.004010875997545473 -0.022747156029247009 0.038016298692026558 0.015839590696123656 -0.011880931919405551 0.0052083330612702865 -0.038085536340157461 0.0033480610854693346
leaf_weight=2.8243905408307901 21.060427263379097 2.8805662989616385 9.051662936806677 34.439216613769531 26.921688973903656 30.116589546203613 46.900786355137825 28.301043450832367 21.022500425577164 28.94161705579609 1.7926972256973375
leaf_count=14 37 4 16 52 39 47 69 39 31 819 39
internal_value=0.00260692 -0.0186556 -0.0238387 0.00730703 0.00493351 0.0133463 -0.00217733 0.00538839 0.024888 -0.0280261 -0.0356394
internal_weight=254.253 45.4909 42.6104 208.762 187.702 85.5783 102.124 75.2018 51.1391 39.786 30.7343
internal_count=1206 892 888 314 277 130 147 108 78 874 858
is_linear=0
shrinkage=0.05


Tree=147
num_leaves=11
num_cat=0
split_feature=0 42 71 19 59 37 44 76 78 52
split_gain=8.10835 5.69635 5.59156 6.44677 10.3313 6.35572 4.64997 4.29847 4.13654 1.76059
threshold=-2.0054592968496676 -0.72042688257903986 2.633392514032328 6.8615955078197918e-05 1.3740424243321689 0.32129738439614292 -0.52422006288190592 0.061664048189842287 0.031842500529085292 0.32397050915937614
decision_type=2 2 2 2 2 2 2 2 2 2
left_child=6 8 5 7 -5 -3 -1 -4 -2 -8
right_child=1 2 3 4 -6 -7 9 -9 -10 -11
leaf_value=0.038603522378699906 -0.027865097411616226 0.0068609456703142696 -0.020110743634221526 0.035896207098322981 -0.015600640752909071 0.037514081699216682 -0.037122638758847935 0.0028911591883013358 0.0027537355167873852 0.016485644541598395
leaf_weight=1.6710759475827242 19.22489064373076 40.255569934844971 30.457115307450294 27.392806829884648 14.11654777266085 28.885498046875 18.634741162881259 56.737866058945656 23.90844851732254 1.1076395669952024
leaf_count=4 39 58 50 79 62 40 705 91 46 19
internal_value=0.00241403 0.00507016 0.00865923 0.00244918 0.0184281 0.0200194 -0.0263696 -0.00528031 -0.0112155 -0.0334652
internal_weight=262.392 240.979 197.845 128.704 41.5094 69.1411 21.4135 87.195 43.1333 19.7424
internal_count=1193 465 380 282 141 98 728 141 85 724
is_linear=0
shrinkage=0.05


Tree=148
num_leaves=9
num_cat=0
split_feature=18 41 26 3 78 71 65 7
split_gain=23.423 3.4687 1.82664 1.81695 0.938465 1.8068 0.4544 0.140979
threshold=-0.00015900020810196463 1.5644982397640281 205.29250000000005 -2.4680282656007826 0.43611460796248697 9.9677386827035956 561.94500000000005 0.086484184388468957
decision_type=2 2 2 2 2 2 2 2
left_child=1 2 4 -2 7 -6 -5 -1
right_child=3 -3 -4 6 5 -7 -8 -9
leaf_value=0.0098395461812960036 -0.0029050059723186106 -0.023488395113242314 -0.013308335911896091 -0.013257429060211066 -0.019533389475828888 0.029503325551101408 -0.032866790233936814 0.037335232420822449
leaf_weight=1.351232117041955 6.5908658355474463 2.8191520757973185 1.9130406193435181 5.139767460525035 2.1875849217176428 3.872861921787262 46.814991980791092 21.563675474375486
leaf_count=36 30 12 19 27 8 120 318 623
internal_value=-0.00918351 0.0235852 0.0284834 -0.0281293 0.0315945 0.0115434 -0.0312139 0.0361931
internal_weight=92.2532 33.7075 30.8884 58.5456 28.9754 6.06045 51.9548 22.9149
internal_count=1193 818 806 375 787 128 345 659
is_linear=0
shrinkage=0.05


Tree=149
num_leaves=12
num_cat=0
split_feature=54 45 0 58 40 58 61 61 69 56 68
split_gain=12.8253 6.41452 4.90901 4.2031 6.32761 6.27496 5.88978 3.81882 2.98641 2.75581 2.62009
threshold=-5.0355283870266657e-05 0.14132630934835919 -0.032783827775623157 0.10687757798033921 0.23606320999313965 0.16288660200932883 72.237500000000026 82.549999999999997 1.83442023377688 0.00062496106725269641 269.9575000000001
decision_type=2 2 2 2 2 2 2 2 2 2 2
left_child=2 7 8 4 -3 -5 -6 -2 -1 10 -10
right_child=1 3 -4 5 6 -7 -8 -9 9 -11 -12
leaf_value=0.029555324663564156 0.037316719162803963 -0.014462280814634534 0.012451482755700299 -0.031907822550405709 0.005889946085074111 0.0030892667460674151 0.036243751170083917 0.0071163228192107327 -0.036719426490965039 0.01420577204517434 0.0087491601086857346
leaf_weight=1.4537967443466175 22.717748451977968 22.867056474089622 8.7645984217524511 18.467402830719948 53.790134593844414 36.994137302041054 22.050570487976074 19.766696751117706 37.262970600277185 2.7808348815888158 3.0794712491333476
leaf_count=2 38 37 26 27 79 54 32 29 832 30 7
internal_value=0.000878719 0.00678986 -0.0206377 0.0019926 0.00815361 -0.00892268 0.0150721 0.0237522 -0.027274 -0.0298163 -0.033121
internal_weight=249.995 196.654 53.3417 154.169 98.7078 55.4615 75.8407 42.4844 44.5771 43.1233 40.3424
internal_count=1193 296 897 229 148 81 111 67 871 869 839
is_linear=0
shrinkage=0.05


Tree=150
num_leaves=8
num_cat=0
split_feature=50 9 19 36 49 56 7
split_gain=5.7191 4.87925 7.84209 4.40512 8.42959 4.56676 2.87561
threshold=0.45918565397122246 3.0889204034327542e-05 1.1013448113117779e-05 0.80368869479957206 0.013774904804351071 0.00050443563032905145 0.38772448591235514
decision_type=2 2 2 2 2 2 2
left_child=1 6 -3 5 -5 -4 -1
right_child=-2 2 3 4 -6 -7 -8
leaf_value=-0.041497851739551825 0.041800953517921041 0.03434168594001246 -0.0024466310275069307 0.00010698982974099293 0.030421789567454196 -0.032321345010338433 0.0059539690800915288
leaf_weight=8.893703621812163 8.3153399499133211 18.076544038951397 79.155196463689208 103.85982203483582 28.432246714830399 14.305256574414669 4.379336259327828
leaf_count=105 20 31 756 163 43 49 54
internal_value=0.00330975 0.00190772 0.00355728 0.000951715 0.00680161 -0.00731308 -0.0265213
internal_weight=265.417 257.102 243.829 225.753 132.292 93.4605 13.273
internal_count=1221 1201 1042 1011 206 805 159
is_linear=0
shrinkage=0.05


Tree=151
num_leaves=10
num_cat=0
split_feature=54 61 37 78 20 41 29 28 73
split_gain=16.5137 3.64997 1.84318 2.34899 2.29384 1.16175 1.01456 0.474524 0.274768
threshold=-0.0004067167122971716 12.800000000000001 0.02421193039624377 0.43611460796248697 -0.00016248616214993491 0.39968541508082728 570.83000000000004 69.987499999999997 0.14292306174304856
decision_type=2 2 2 2 2 2 2 2 2
left_child=2 -2 -1 6 -5 -3 -4 8 -7
right_child=1 5 3 4 -6 7 -8 -9 -10
leaf_value=-0.023227290908776194 0.010440242036785612 -0.0080143240730282256 0.034786937929605348 0.025240297821478793 -0.031082269124562883 -0.022954265758310471 -0.0077827025590523667 -0.011567138150847681 -0.035421863766011037
leaf_weight=1.3665781877934957 6.5654801595956078 7.6184749826788893 19.877045555040247 2.5324017386883497 2.7232174780219784 15.37571184709668 1.1478166431188572 4.6772500351071349 30.780854493379593
leaf_count=19 55 48 653 99 8 103 5 25 206
internal_value=-0.00992249 -0.0235904 0.0219218 0.025035 -0.00424693 -0.0275241 0.0322151 -0.030237 -0.0318435
internal_weight=92.6648 65.0178 27.6471 26.2805 5.25562 58.4523 21.0249 50.8338 46.1566
internal_count=1221 437 784 765 107 382 658 334 309
is_linear=0
shrinkage=0.05


Tree=152
num_leaves=11
num_cat=0
split_feature=20 30 66 45 4 75 44 34 61 41
split_gain=7.80274 5.23226 5.81837 7.05221 5.02542 4.68278 7.92592 4.40644 3.62713 3.15297
threshold=4.5311669908658149e-06 16.337500000000006 21.337500000000002 0.2491619195493556 1.0185376414391207 0.79654980188342794 1.0000000180025095e-35 0.1767237890121163 73.037500000000009 1.117461378325654
decision_type=2 2 2 2 2 2 2 2 2 2
left_child=9 5 4 8 7 -2 -7 -3 -4 -1
right_child=1 2 3 -5 -6 6 -8 -9 -10 -11
leaf_value=-0.037620535506220909 -0.03254937350649395 0.033689784382158264 -0.026284431107565509 0.020069763376585455 -0.0056575710391148087 0.023993042441352645 -0.018747089042126696 0.010251158796118093 0.00343379517845851 0.0013624120222540939
leaf_weight=16.80551748722792 15.313332228921352 34.5927076889202 27.566660708747804 19.096005626022816 23.588660799898207 17.546230465173721 25.133206449449062 48.983137504197657 15.700347919017075 7.2229418959468594
leaf_count=780 24 52 62 28 50 25 58 82 27 33
internal_value=0.00018853 0.00309059 0.00751898 -0.00457981 0.014537 -0.00976272 -0.00102888 0.0202362 -0.0156666 -0.026316
internal_weight=251.549 227.52 169.528 62.363 107.165 57.9928 42.6794 83.5758 43.267 24.0285
internal_count=1221 408 301 117 184 107 83 134 89 813
is_linear=0
shrinkage=0.05


Tree=153
num_leaves=14
num_cat=0
split_feature=19 45 27 2 11 43 62 66 23 24 78 69 13
split_gain=4.89712 6.02268 4.19819 8.05441 8.00339 6.08638 6.39196 5.11842 6.63417 4.88714 4.2578 2.11485 0.411139
threshold=0.00022063324856008555 0.24169193584033477 508.50000000000006 -0.06795276737596144 0.0029015322908225965 0.15178482478059005 348.2050000000001 14.112500000000002 0.32826531656502594 162.57500000000002 0.043868630787870629 2.6510778818195848 0.020847696634333435
decision_type=2 2 2 2 2 2 2 2 2 2 2 2 2
left_child=2 12 7 4 -4 -5 -7 8 -1 10 -9 -10 -2
right_child=1 -3 3 5 -6 6 -8 9 11 -11 -12 -13 -14
leaf_value=-0.041302865254154407 -0.0027195342749914342 0.031821800152151351 -0.0031053201341922562 -0.030964018864940952 0.033293883670219994 -0.018110122282580087 0.013372546281854575 0.032654341388570866 0.040296456206304704 -0.01958286674914286 0.0088785281682965123 -0.0072088134430371561 -0.038662833600209563
leaf_weight=8.480924107134344 1.0109204249456549 3.2880061408504835 33.843765772879124 24.970272094011307 26.048419654369354 30.70442008972168 31.822797879576683 38.055506849661469 4.08858698606491 7.4270848631858817 38.344108762219548 3.8627721779048443 12.998968726955352
leaf_count=20 9 31 56 43 41 48 48 77 6 10 282 69 469
internal_value=0.00255965 -0.022421 0.00438766 -0.000990936 0.0130123 -0.0106149 -0.00212895 0.0122264 -0.0127116 0.0172071 0.0209904 0.0189912 -0.0364232
internal_weight=264.947 17.2979 247.649 147.39 59.8922 87.4975 62.5272 100.259 16.4323 83.8267 76.3996 7.95136 14.0099
internal_count=1209 509 700 236 97 139 96 464 95 369 359 75 478
is_linear=0
shrinkage=0.05


Tree=154
num_leaves=9
num_cat=0
split_feature=54 71 27 26 60 24 20 18
split_gain=17.178 2.52698 2.63046 2.67195 1.58662 1.14731 0.528229 0.48153
threshold=-0.00030429114072600668 12.33263970139776 109.17500000000003 192.25750000000002 118.90000000000002 37.612500000000004 3.0927538458876341e-05 -3.4421821670916014e-05
decision_type=2 2 2 2 2 2 2 2
left_child=1 2 -1 5 -2 -4 7 -6
right_child=4 -3 3 -5 6 -7 -8 -9
leaf_value=-0.030362999441533391 -0.0063465066868894238 0.033376305996198556 -0.0023846944614986827 -0.021578662359126852 -0.0054893137762301305 0.03816081381634516 -0.032917124732303731 -0.025742107819832213
leaf_weight=3.1622287146747139 9.3295919075608236 15.238098660483955 2.1347463913261873 2.7979557942599049 5.4059487506747246 6.4093054551631212 37.335809215903282 7.8043558783829194
leaf_count=30 53 633 32 16 32 91 269 53
internal_value=-0.0108186 0.0198067 0.00431735 0.0156632 -0.0261068 0.028842 -0.0295602 -0.0184237
internal_weight=89.618 29.7423 14.5042 11.342 59.8757 8.54405 50.5461 13.2103
internal_count=1209 802 169 139 407 123 354 85
is_linear=0
shrinkage=0.05


Tree=155
num_leaves=12
num_cat=0
split_feature=54 48 27 78 46 24 69 69 15 25 26
split_gain=9.83045 6.7182 6.27077 3.90783 3.71956 8.38091 5.91511 2.99422 2.09244 1.14807 0.46495
threshold=-5.5492854454442947e-05 0.0061290001532761122 508.50000000000006 0.045033152149903034 0.028512295815030449 141.32500000000002 2.0697420173942538 2.1170412690601155 0.21411391978597241 1.7000000000000013 298.84250000000009
decision_type=2 2 2 2 2 2 2 2 2 2 2
left_child=1 -1 3 8 -4 -6 -7 -3 -2 10 -9
right_child=2 7 4 -5 5 6 -8 9 -10 -11 -12
leaf_value=0.029585673882197502 -0.0039757420629572601 -0.0065983204982780243 0.030944216867013347 0.0068453057829587676 0.029178576728793062 -0.018707661895021568 0.010094833620223558 -0.01494965508480893 -0.02659593943242999 -0.037698539688074094 0.021580371922256449
leaf_weight=5.3833806570619336 20.19589963555336 14.089835502207277 21.997193098068237 34.431370638310909 32.898724168539047 27.734685957431793 45.958505779504776 0.78454053867608553 20.598297581076622 26.099112591706216 0.74007582664489746
leaf_count=11 29 25 36 58 48 40 68 62 32 799 1
internal_value=0.00118944 -0.0191579 0.00596182 -0.00545956 0.012634 0.00860284 -0.000850419 -0.0259939 -0.0157605 -0.0353107 0.00430688
internal_weight=250.912 47.0969 203.815 75.2256 128.589 106.592 73.6932 41.7136 40.7942 27.6237 1.52462
internal_count=1209 898 311 119 192 156 108 887 61 862 63
is_linear=0
shrinkage=0.05


Tree=156
num_leaves=13
num_cat=0
split_feature=4 1 30 72 9 62 5 68 30 1 78 9
split_gain=5.73497 6.47631 7.19092 6.58797 6.07846 5.83335 8.01877 5.20692 4.48393 5.52694 2.63251 0.960955
threshold=0.15979697800884932 0.39500428538584526 16.125000000000004 0.36974699917253112 0.00083212641242987647 366.24500000000006 -1.0260286590045677 28.500000000000004 17.212500000000002 0.42771179845929402 0.024538872160765009 0.0016740139767017694
decision_type=2 2 2 2 2 2 2 2 2 2 2 2
left_child=11 5 3 -3 -5 6 7 -2 -4 -10 -8 -1
right_child=1 2 8 4 -6 -7 10 -9 9 -11 -12 -13
leaf_value=-0.040815658699234925 -0.040611878325960596 0.047480775353859389 -0.03726003168682223 -0.03671465138058437 0.016424027545271249 -0.011990527678889078 0.016477791630433017 0.012461280344872891 -0.036524661556352443 -0.0010575092974729249 0.041125727211935213 -0.010728292807638474
leaf_weight=7.2479458590969426 6.2446758532896665 10.923017960973082 11.042597201652823 6.3344200709834722 19.239594331942499 15.770518481731413 20.301460356451571 11.88892200309783 11.376666599884627 98.240364748984575 28.858448569662869 5.2948044585064054
leaf_count=59 83 21 32 136 52 24 32 216 45 410 57 13
internal_value=0.00182697 0.00359752 -0.0023803 0.0167813 0.00237582 0.0148013 0.0211637 -0.00698287 -0.00826658 -0.0050354 0.0314784 -0.0298446
internal_weight=252.763 240.221 157.157 36.497 25.574 83.064 67.2935 18.1336 120.66 109.617 49.1599 12.5428
internal_count=1180 1108 696 209 188 412 388 299 487 455 89 72
is_linear=0
shrinkage=0.05


Tree=157
num_leaves=10
num_cat=0
split_feature=54 61 78 49 8 46 30 49 64
split_gain=15.9748 3.87749 2.15276 2.48861 1.40435 1.65274 1.43927 0.529504 0.284922
threshold=-0.00030429114072600668 12.800000000000001 0.42232824935116314 0.028740234048967462 -3.512715537948941 0.16602004666938383 58.712500000000006 0.062964240559615206 66.887500000000031
decision_type=2 2 2 2 2 2 2 2 2
left_child=2 -2 4 -4 6 7 -1 -6 -3
right_child=1 8 3 -5 5 -7 -8 -9 -10
leaf_value=0.020611734123489458 0.013428433027305823 -0.030347268184720708 0.023567549663831313 -0.031632906546834032 0.037657190284846896 -0.014986893164162213 -0.03783194709994013 -0.000356591799299958 -0.012663467995914749
leaf_weight=1.4244715105742281 5.4144774861633769 46.179371295496821 3.0857394579797974 3.1066447757184505 17.421349843963988 1.209701508283614 0.89299574308097351 0.94436458125710387 4.4998437091708174
leaf_count=61 41 322 114 9 573 3 12 15 30
internal_value=-0.00951698 -0.0247887 0.0207882 -0.00467359 0.0278795 0.0320716 -0.006524 0.035785 -0.0290525
internal_weight=84.179 56.0937 28.0853 6.19238 21.8929 19.5754 2.31747 18.3657 50.6792
internal_count=1180 393 787 123 664 591 73 588 352
is_linear=0
shrinkage=0.05


Tree=158
num_leaves=8
num_cat=0
split_feature=54 39 7 73 48 69 20
split_gain=10.5992 4.59 4.67302 4.506 4.29503 3.80418 3.63753
threshold=-5.7771218704055117e-05 -0.28848425077912571 0.150438311230254 0.10517571591475948 0.005281771935035524 2.1170412690601155 3.491329173018097e-05
decision_type=2 2 2 2 2 2 2
left_child=4 -2 -3 -4 -1 -6 -5
right_child=1 2 3 6 5 -7 -8
leaf_value=0.02533557108723259 0.023182318108951376 0.021580649171239551 -0.022044430184535023 0.022368942314253442 -0.00082848019820656773 -0.037723928805181516 -0.00096427698818940099
leaf_weight=3.4795732460916033 31.729074358940125 26.536809891462326 20.469227604568005 18.87536059692502 9.6169736385345441 24.992486363276839 104.20032453536987
leaf_count=6 47 43 39 32 18 841 154
internal_value=0.00144055 0.00602961 0.00271294 -0.000900262 -0.0224063 -0.0277829 0.00276564
internal_weight=239.9 201.811 170.082 143.545 38.089 34.6095 123.076
internal_count=1180 315 268 225 865 859 186
is_linear=0
shrinkage=0.05


Tree=159
num_leaves=12
num_cat=0
split_feature=13 25 25 76 76 71 4 67 31 49 67
split_gain=5.39983 3.69194 5.30382 4.79351 3.6071 3.80492 3.46195 3.45283 3.28446 1.97962 1.329
threshold=0.094027493709046991 16.525000000000002 26.262500000000003 0.029713365102898907 0.043572870618908945 2.3112758671106106 0.52258104178718756 5.0374999999999996 19.525000000000002 0.13915662022924827 0.76250000000000095
decision_type=2 2 2 2 2 2 2 2 2 2 2
left_child=1 4 6 -4 10 -6 -3 -5 -7 -2 -1
right_child=9 2 3 7 5 8 -8 -9 -10 -11 -12
leaf_value=-0.0010741184155900379 -0.036073615522813483 0.005910789799808653 -0.025206732928554187 -0.0091974013635845835 -0.033116691985025988 0.014737477297682107 0.034082344840042703 0.0092996857142502633 -0.019328433686767354 0.02499007780504808 -0.042073216619719127
leaf_weight=2.6008959347382179 10.731993746943768 20.251209679991007 13.600633576512335 32.226571504026651 6.7080838978290549 25.285490087233484 23.969154918566346 105.04927093721926 8.7326569752767664 0.79134809970855791 8.0040602013468725
leaf_count=8 477 49 26 54 11 179 50 198 67 1 102
internal_value=0.00182298 0.00343741 0.00657436 0.0020582 -0.00838313 -0.00134212 0.0215969 0.00492224 0.00569033 -0.0302195 -0.0329771
internal_weight=257.951 246.428 195.097 150.876 51.3312 40.7262 44.2204 137.276 34.0181 11.5233 10.605
internal_count=1222 744 377 278 367 257 99 252 246 478 110
is_linear=0
shrinkage=0.05


Tree=160
num_leaves=8
num_cat=0
split_feature=69 69 78 3 66 18 35
split_gain=16.6911 2.71112 4.0881 2.72343 1.24686 1.16365 0.135224
threshold=2.8578056549468847 9.0574359108601712 0.17194235806085137 -3.7638993326078345 27.075000000000006 -7.6806529542049827e-05 2.6552945452268024
decision_type=2 2 2 2 2 2 2
left_child=4 2 5 -4 6 -2 -1
right_child=1 -3 3 -5 -6 -7 -8
leaf_value=-0.015674699721493195 0.038182297068779084 0.034473444860184908 0.025472025559595081 -0.025751956007124089 -0.0057814305023463977 -0.0054741410661799097 -0.031914815224150676
leaf_weight=4.4150098673999301 6.8787113074213266 13.154421056620775 2.60550208762288 9.0964964888989908 6.2978171929717055 1.6080739274621025 38.455946914851665
leaf_count=32 160 544 85 51 53 8 289
internal_value=-0.00933953 0.0176552 0.00558717 -0.0132393 -0.0276327 0.0302052 -0.0306378
internal_weight=82.512 33.3432 20.1888 11.702 49.1688 8.48679 42.871
internal_count=1222 848 304 136 374 168 321
is_linear=0
shrinkage=0.05


Tree=161
num_leaves=10
num_cat=0
split_feature=54 25 25 32 53 59 18 4 38
split_gain=5.71932 4.46812 6.46589 6.07516 5.62392 5.1738 4.43674 4.40151 3.43136
threshold=-0.00010460736410723659 16.525000000000002 26.262500000000003 35.095000000000006 0.68276646291983545 1.3994610044682274 8.4575853715363712e-07 0.52258104178718756 1.8740586459678796
decision_type=2 2 2 2 2 2 2 2 2
left_child=6 8 7 4 -4 -5 -1 -3 -2
right_child=1 2 3 5 -6 -7 -8 -9 -10
leaf_value=-0.034037850985363868 0.034422690454229347 -0.00013824384757522799 0.0018763672199067268 -0.0071694436215876999 0.038455831277306798 0.019519851123097426 0.014146545134214329 -0.033363609470669901 0.004845957710859123
leaf_weight=17.363006822764877 17.841574713587761 19.218563541769981 19.982469752430916 80.371471263468266 21.415337450802326 22.377838015556335 5.8235045149922362 19.727249264717102 21.25495545566082
leaf_count=860 38 30 31 126 32 33 10 31 31
internal_value=0.00124972 0.00374753 0.000434477 0.00533469 0.0212599 -0.00122465 -0.0218514 -0.0173818 0.0188651
internal_weight=245.376 222.189 183.093 144.147 41.3978 102.749 23.1865 38.9458 39.0965
internal_count=1222 352 283 222 63 159 870 61 69
is_linear=0
shrinkage=0.05


Tree=162
num_leaves=9
num_cat=0
split_feature=63 21 4 4 20 58 74 18
split_gain=5.0234 4.58816 3.86739 5.48509 4.28318 2.49831 2.52733 1.97775
threshold=583.05000000000007 0.7281129259891167 0.25878609003017022 0.35764995204731043 3.2587764729604163e-05 0.68806783203069066 1.7825567500248705 -1.3710216728700478e-05
decision_type=2 2 2 2 2 2 2 2
left_child=1 2 7 -4 -5 6 -3 -1
right_child=-2 5 3 4 -6 -7 -8 -9
leaf_value=-0.0012954123774499612 0.032220037358289946 -0.037968893210105353 0.028633034437997969 -0.012072600359861531 0.006079028818245436 0.021002370798779726 0.010259639706767196 -0.029782600759308893
leaf_weight=11.667683147825302 12.002927243709562 13.593090038746601 20.308512378484011 41.655856408178806 135.66006574966013 2.1270267535001031 2.885333525016903 11.972481489181517
leaf_count=43 19 608 46 189 221 4 50 20
internal_value=0.00195183 0.000309753 0.00235376 0.00466167 0.00177098 -0.0228787 -0.0294204 -0.0163458
internal_weight=251.873 239.87 221.265 197.624 177.316 18.6055 16.4784 23.6402
internal_count=1200 1181 519 456 410 662 658 63
is_linear=0
shrinkage=0.05


Tree=163
num_leaves=9
num_cat=0
split_feature=54 61 78 18 29 4 46 55
split_gain=16.6514 3.37384 2.8265 3.1154 1.60217 0.856393 0.569558 0.690121
threshold=-0.00031873595034308944 12.800000000000001 0.34290824797313313 -0.00050954082800443526 567.48500000000024 1.5135275800907049 0.026744269580877323 6.0765555168822438e-05
decision_type=2 2 2 2 2 2 2 2
left_child=2 -2 4 -4 -1 6 7 -3
right_child=1 5 3 -5 -6 -7 -8 -9
leaf_value=0.037222876430953004 0.011682270207955207 -0.028312309972729145 0.027325730714742681 -0.030585602423055882 -0.011846163208099874 -0.004942728881650797 -0.033603755362254378 -0.0010791034728001318
leaf_weight=17.352689279243357 5.2311362624168387 4.2159052565693838 3.5094829490408301 3.7973178997635832 1.3707670364528883 3.9430820420384398 36.033828493207693 4.3479313142597675
leaf_count=618 43 33 165 9 6 32 262 32
internal_value=-0.008886 -0.0246396 0.0233646 -0.00282948 0.033212 -0.0287108 -0.0306577 -0.0160443
internal_weight=79.8021 53.7719 26.0303 7.3068 18.7235 48.5407 44.5977 8.56384
internal_count=1200 402 798 174 624 359 327 65
is_linear=0
shrinkage=0.05


Tree=164
num_leaves=11
num_cat=0
split_feature=54 78 7 1 39 7 26 13 73 65
split_gain=5.90706 5.39608 4.58269 4.54832 4.33098 4.86789 6.34612 3.43758 2.45283 2.39122
threshold=-5.7771218704055117e-05 -0.018065846913799543 0.23013061575097485 0.36189045487236937 -0.28848425077912571 0.44877952600255261 209.60250000000005 0.00049812368921060032 0.16602128312205053 587.61750000000018
decision_type=2 2 2 2 2 2 2 2 2 2
left_child=1 -1 3 -2 -4 8 -7 -3 -6 -9
right_child=2 7 4 -5 5 6 -8 9 -10 -11
leaf_value=0.029040371132261596 0.0057020555720037874 0.011562550637892645 0.017710307527230667 0.035189039395149613 -0.029348540195752205 0.021557877595484113 -0.0095236053750272082 -0.038197496370094612 -0.0066264838082267762 -0.0088717985761320502
leaf_weight=5.0480360346846274 36.380959067493677 5.8329257965087882 26.158564180135727 19.856379568576813 19.814723495393991 28.920665103942156 35.50748048722744 20.819215504452586 29.507538139820099 11.299125891178845
leaf_count=23 57 9 39 36 34 46 53 835 44 24
internal_value=0.000934612 -0.0156346 0.0046278 0.0165463 -0.000246327 -0.00449407 0.00454458 -0.02217 -0.0161567 -0.0284602
internal_weight=239.146 42.9993 196.146 56.2373 139.909 113.75 64.4281 37.9513 49.3223 32.1183
internal_count=1200 891 309 93 216 177 99 868 78 859
is_linear=0
shrinkage=0.05


Tree=165
num_leaves=15
num_cat=0
split_feature=74 35 73 30 71 62 74 25 2 55 7 27 53 63
split_gain=4.39757 4.85953 4.76759 4.72743 4.85119 4.65518 4.59258 4.34193 4.70645 4.43326 5.39311 3.86158 3.64383 3.57479
threshold=0.58447786386014744 3.0563297163556506 0.17787125857124045 34.837500000000006 3.203357658447481 290.56500000000011 0.81184699092011059 26.587500000000002 -0.44898081865435063 6.5628127399126475e-05 0.73766385470538476 515.61250000000007 0.77641296553187722 562.82500000000016
decision_type=2 2 2 2 2 2 2 2 2 2 2 2 2 2
left_child=1 -1 3 4 6 13 -2 8 -4 -9 -11 12 -5 -3
right_child=2 5 7 11 -6 -7 -8 9 -10 10 -12 -13 -14 -15
leaf_value=0.026463186973793226 -0.024498250079566724 -0.006823967960630649 -0.015585757976110707 -0.032692935028690855 -0.041746444601438115 -0.027008176195979172 0.0079227897750311204 -0.018256689569771414 0.025041693031054014 -0.0037832096723768647 0.029680077615773577 0.050320111827112157 0.024011309223311825 0.047785316691589863
leaf_weight=31.708123087882996 21.865338772535324 6.1916851848363894 8.2214171714149398 4.5845480225980264 15.05150983808562 10.24387042224407 20.198290005326271 28.455940455198288 34.003330706618726 43.161824377253652 15.603040846064685 3.8527951240539542 4.7715324144810438 4.4437264800071716
leaf_count=48 34 135 203 55 339 21 33 49 113 87 30 5 55 6
internal_value=0.0017035 0.0144239 -0.00170019 -0.0120872 -0.0182793 -0.00423332 -0.00910771 0.00399215 0.0169537 -0.00240376 0.00544979 0.0140898 -0.00424806 0.018139
internal_weight=252.357 52.5874 199.77 70.324 57.1151 20.8793 42.0636 129.446 42.2247 87.2208 58.7649 13.2089 9.35608 10.6354
internal_count=1213 210 1003 521 406 162 67 482 316 166 117 115 110 141
is_linear=0
shrinkage=0.05


Tree=166
num_leaves=9
num_cat=0
split_feature=35 54 37 46 78 3 33 56
split_gain=13.0441 2.94388 2.59996 2.67452 2.35742 3.33694 0.613465 0.491101
threshold=10.325745549297764 -0.00017764514426888266 0.2253864688221893 0.030884210402383337 0.17194235806085137 -1.9209523970531013 2.8234669961925549 0.00011724000892722919
decision_type=2 2 2 2 2 2 2 2
left_child=1 4 -2 -4 5 -1 -3 -8
right_child=2 6 3 -5 -6 -7 7 -9
leaf_value=0.037000381304633352 0.034956946783956354 -0.031943536893215642 -0.032885739603861749 0.027113420373005383 -0.022912243199282666 -0.019625864939400831 -0.0012634013689973235 -0.02444117929844505
leaf_weight=4.9978936314582834 13.817121035419406 35.327480299398303 2.8704171534627667 2.590196211822331 7.46048898436129 3.7506873458623895 4.2241331040859205 4.2933634147047997
leaf_count=83 596 285 15 100 56 18 32 28
internal_value=-0.0108742 -0.022301 0.0240669 -0.00463409 -0.00378642 0.0132007 -0.0289086 -0.014287
internal_weight=79.3318 60.054 19.2777 5.46061 16.2091 8.74858 43.845 8.5175
internal_count=1213 502 711 115 157 101 345 60
is_linear=0
shrinkage=0.05


Tree=167
num_leaves=11
num_cat=0
split_feature=18 74 27 41 20 24 74 64 23 25
split_gain=7.1185 4.19615 6.27348 5.89425 5.19803 3.83708 3.71573 3.65274 3.57301 1.93744
threshold=-8.8452330012806524e-05 0.58447786386014744 508.50000000000006 0.98483267611579317 0.00011975647333590954 144.13750000000002 0.81184699092011059 23.574999999999999 0.76173324930093345 80.200000000000017
decision_type=2 2 2 2 2 2 2 2 2 2
left_child=9 3 6 -2 5 -4 -3 -8 -6 -1
right_child=1 2 4 -5 8 -7 7 -9 -10 -11
leaf_value=-0.034742136991156081 -0.024551984650729431 0.012145472799008357 0.040395511512403497 0.01052650217369632 -0.013488394641933774 0.014580964305032394 -0.030346448756227787 0.00061988459833851113 0.012511128428623373 0.024881614376968123
leaf_weight=14.321865099016573 25.926922589540482 17.557747699320316 20.918666422367096 20.779266148805618 21.165405213832855 48.245566263794899 18.454448044300079 18.57791155949235 31.759767264127731 0.7928878068923958
leaf_count=853 43 30 32 31 31 79 35 33 45 1
internal_value=0.0018453 0.00414311 0.0076627 -0.00905228 0.0139277 0.022853 -0.00634726 -0.0152038 0.00205629 -0.0302645
internal_weight=238.5 223.386 176.68 46.7062 122.089 69.1642 54.5901 37.0324 52.9252 15.1148
internal_count=1213 359 285 74 187 111 98 68 76 854
is_linear=0
shrinkage=0.05


Tree=168
num_leaves=13
num_cat=0
split_feature=26 71 54 1 67 54 7 47 29 1 3 71
split_gain=6.1232 4.7935 5.95057 5.36368 6.94657 5.73952 4.26028 4.82955 3.84186 3.51983 1.71557 1.27615
threshold=272.19000000000005 2.7390727470354652 4.0456058599483e-05 1.0970911467249591 7.3750000000000027 3.6730876079591023e-05 0.26433193457030763 0.31368034277660062 544.16500000000008 0.89386956637600079 -1.5379661381598861 4.8196120572340186
decision_type=2 2 2 2 2 2 2 2 2 2 2 2
left_child=1 2 6 4 9 -6 8 -8 -1 -3 11 -5
right_child=-2 3 -4 10 5 -7 7 -9 -10 -11 -12 -13
leaf_value=0.0042586135890870262 0.023683484082127185 -0.02785460607433296 0.029537866777264294 0.020850745525654794 0.013252937727676951 -0.021766905660661487 -0.0050935047206969314 0.027917653149733598 -0.025567728571854367 0.024522989136259818 -0.043813950105185184 -0.026079654509243412
leaf_weight=21.404842242598534 28.060866491869092 28.441797242499891 21.772481054067612 1.8016122207045548 52.723968780133873 14.000056950375436 21.397272333502769 21.41064291447401 20.295110955834389 2.8268033089116207 11.243492214940487 2.0287263002246618
leaf_count=33 48 368 32 5 475 27 35 35 34 8 55 65
internal_value=0.00211617 -0.000737879 0.00685278 -0.00787048 -0.00344217 0.00569215 0.000731136 0.0116776 -0.0105165 -0.0225062 -0.0346531 -0.004259
internal_weight=247.408 219.347 106.28 113.066 97.9926 66.724 84.5079 42.8079 41.7 31.2686 15.0738 3.83034
internal_count=1220 1172 169 1003 878 502 137 70 67 376 125 70
is_linear=0
shrinkage=0.05


Tree=169
num_leaves=10
num_cat=0
split_feature=18 14 17 27 38 69 38 73 18
split_gain=11.8251 2.14403 3.65798 2.06254 1.8199 1.44904 0.606436 0.428959 0.932927
threshold=-0.00015900020810196463 0.45009076751950133 0.45413670078607149 87.77500000000002 1.182357276671073 3.7976642730498731 1.3154603140339691 0.14292306174304856 -5.4806492973561334e-06
decision_type=2 2 2 2 2 2 2 2 2
left_child=1 2 6 -4 -2 -5 -1 8 -6
right_child=4 -3 3 5 7 -7 -8 -9 -10
leaf_value=0.036575424354928346 -0.0035613555956544025 0.031724661909085038 -0.041147530414514952 -0.01854812985407284 -0.0051756207286038003 0.024894889754958995 0.0053766775701249783 -0.033320836351108316 -0.030765036826508569
leaf_weight=5.1201030947268071 9.2018641792237741 11.656721625477074 3.5932650957256538 2.8959637507796288 7.1012904196977615 2.8036634651944041 2.6150299236178398 23.988793194293976 7.2818019911646825
leaf_count=79 54 637 27 16 56 74 15 206 56
internal_value=-0.00889817 0.0161106 0.00425502 -0.0161833 -0.0239985 0.00334779 0.027851 -0.0286846 -0.0192887
internal_weight=76.2585 28.6847 17.028 9.29289 47.5737 5.69963 7.73513 38.3719 14.3831
internal_count=1220 848 211 117 372 90 94 318 112
is_linear=0
shrinkage=0.05


Tree=170
num_leaves=12
num_cat=0
split_feature=54 5 29 30 34 66 2 60 48 76 38
split_gain=6.02808 6.2701 6.94006 4.26396 5.12622 5.20013 6.85937 4.01254 2.72855 0.466364 0.672938
threshold=-5.7771218704055117e-05 0.1654035468594563 556.51750000000004 16.125000000000004 0.13635814030300011 16.362500000000004 1.0164524484179507 257.67500000000007 0.0032262530169843875 0.034586190803039658 2.8793866863114066
decision_type=2 2 2 2 2 2 2 2 2 2 2
left_child=1 8 -3 7 -5 -6 -7 -2 -1 10 -10
right_child=3 2 -4 4 5 6 -8 -9 9 -11 -12
leaf_value=0.031685205681581292 0.0039759849023331033 -0.034942872845711626 0.028803138341291046 0.024238189589209619 0.019367731210601848 -0.013308810834543197 0.020929356594031001 -0.024238840929039274 -0.023280998409692492 -0.039190933830763261 0.017847829150629102
leaf_weight=0.81866520643234508 28.961126402020454 5.6381883206777301 11.044381797313688 37.897140383720398 32.371492370963097 54.808793317526579 18.854905784130096 20.990827664732933 1.885294398292902 19.948590006679296 0.6443951129913329
leaf_count=1 45 83 21 56 53 93 30 31 121 685 1
internal_value=0.00068885 -0.0167458 0.00650124 0.00435141 0.00870702 0.00298156 -0.00438229 -0.00812348 -0.0329751 -0.0365793 -0.0107159
internal_weight=233.864 39.9795 16.6826 193.884 143.932 106.035 73.6637 49.952 23.2969 22.4783 2.52969
internal_count=1220 912 104 308 232 176 123 76 808 807 122
is_linear=0
shrinkage=0.05


Tree=171
num_leaves=13
num_cat=0
split_feature=71 78 54 78 20 58 4 37 20 71 41 78
split_gain=5.86785 4.43526 3.68487 3.41714 4.72019 6.13653 4.69467 6.76441 5.07153 3.15975 1.35794 1.06274
threshold=4.2787760103701489 0.33827343739877908 0.00011448193696480211 0.024538872160765009 0.00020579621283007245 0.072255771241408334 0.15979697800884932 0.15252816454723686 6.127914234524763e-05 12.578982640279854 -0.15906565079725091 0.23333934182021729
decision_type=2 2 2 2 2 2 2 2 2 2 2 2
left_child=3 2 10 4 5 -1 -5 -8 -9 -3 -2 -12
right_child=1 9 -4 6 -6 -7 7 8 -10 -11 11 -13
leaf_value=-0.012259899228007813 0.01511822622054431 0.029273799008175613 0.011250692919677825 -0.020233204482260125 -0.02050729401576009 0.018368630273931031 0.042499769205649393 -0.004704274027806021 0.018682319944765362 -0.026840799978835397 -0.040640289344337957 -0.0063268352583711052
leaf_weight=27.945080518722534 0.83154460508376615 7.0000822050496918 5.0473362505435935 10.07548540830612 23.660063058137894 36.740373685956001 16.676031246781349 40.309483036398888 52.523992151021957 2.7506012637168169 18.859549673739828 3.007920146919786
leaf_count=49 3 39 8 18 35 57 24 78 80 182 474 160
internal_value=0.00228146 -0.0156689 -0.0256286 0.00557803 -0.00187291 0.00515145 0.0110524 0.0140879 0.00858565 0.01242 -0.0339578 -0.0364035
internal_weight=245.428 37.497 27.7464 207.931 88.3455 64.6855 119.585 109.51 92.8335 9.75068 22.699 21.8675
internal_count=1207 866 645 341 141 106 200 182 158 221 637 634
is_linear=0
shrinkage=0.05


Tree=172
num_leaves=9
num_cat=0
split_feature=71 9 65 71 65 54 11 73
split_gain=13.8789 2.97904 2.11634 1.95889 1.16361 0.43721 0.0537879 0.00565134
threshold=5.1122184038530163 0.0028800504769052374 554.65500000000009 12.33263970139776 576.94000000000017 -7.3093981811021833e-05 6.3255110989087566e-05 0.26797245101390815
decision_type=2 2 2 2 2 2 2 2
left_child=2 4 -1 -3 6 -4 -2 -5
right_child=1 3 5 7 -6 -7 -8 -9
leaf_value=0.0070091099318596254 0.0070636865265141582 -0.018420648577967415 -0.014529912383931663 0.028222292205624441 -0.0079596773698453385 -0.030954454472761007 0.036218738160232009 0.0083200012516694861
leaf_weight=4.3269915133714667 0.71470285765827313 6.1388607658445817 7.7071317918598643 2.0287908129394059 1.3416644223034371 33.474214175716043 15.133387903682886 1.1866561472415922
leaf_count=28 31 35 48 51 10 289 691 24
internal_value=-0.00829997 0.0199671 -0.0248624 -0.00268777 0.0317654 -0.0282979 0.0354012 0.0245935
internal_weight=72.0524 26.5441 45.5083 9.35431 17.1898 41.1813 15.8481 3.21545
internal_count=1207 842 365 110 732 337 722 75
is_linear=0
shrinkage=0.05


Tree=173
num_leaves=11
num_cat=0
split_feature=63 71 43 75 1 71 7 4 25 25
split_gain=6.8166 4.03023 5.95847 5.23733 4.39174 4.20744 5.11231 2.86544 2.04631 1.9072
threshold=456.83750000000003 2.7390727470354652 0.14856130903920714 0.79493558504636053 0.40141474618993678 3.1811916651365615 0.78880491166431643 0.36613746178596612 45.175000000000004 34.225000000000009
decision_type=2 2 2 2 2 2 2 2 2 2
left_child=8 2 4 -3 7 -5 -7 -2 -1 -4
right_child=1 3 9 5 -6 6 -8 -9 -10 -11
leaf_value=-0.03720686821710948 0.0063140006304994584 -0.014450870406067465 -0.032445336470980586 0.027414245163251857 0.016822738209953527 0.016145570383243768 -0.017043063379024937 -0.019384873338103417 0.016217526500454396 -0.0090524839561762927
leaf_weight=13.553168469108639 20.36835440993309 17.949275243096054 16.755133902654052 36.155377671122551 34.586489178240299 33.560926170088351 16.519755184650421 21.328203946352005 1.474710743408649 19.258288085460663
leaf_count=810 33 51 30 54 55 70 26 32 16 30
internal_value=0.000189747 0.00250808 -0.00404873 0.00954666 0.00389157 0.0146499 0.00507855 -0.00697737 -0.0312795 -0.0205185
internal_weight=231.51 216.482 112.296 104.185 76.283 86.2361 50.0807 41.6966 15.0279 36.0134
internal_count=1207 381 180 201 120 150 96 65 826 60
is_linear=0
shrinkage=0.05


Tree=174
num_leaves=8
num_cat=0
split_feature=50 22 73 77 77 12 66
split_gain=5.64438 5.25723 6.23048 5.22082 5.92714 4.72597 2.23748
threshold=0.47932241538525105 0.0091455754192282471 0.39680619138360024 0.96715863076317021 0.96328460846768416 0.0011454124276675871 16.512500000000003
decision_type=2 2 2 2 2 2 2
left_child=1 -1 3 4 -3 -5 -4
right_child=-2 2 6 5 -6 -7 -8
leaf_value=0.024278452249770661 0.044783441365235654 -0.0031143650015164979 0.00037374757773447393 -0.041649150688380022 0.037628238034318355 -0.0093833021334312258 0.02428776759368767
leaf_weight=20.165185496211052 6.4241352379322043 105.33647936210036 15.553482691757379 14.605942964553831 8.7447311924770457 44.955949177965522 25.501169806346297
leaf_count=36 15 623 33 26 41 382 52
internal_value=0.00185933 0.000500344 -0.00183519 -0.00598756 0.000308534 -0.0178527 0.0154523
internal_weight=241.287 234.863 214.698 173.643 114.081 59.5619 41.0547
internal_count=1208 1193 1157 1072 664 408 85
is_linear=0
shrinkage=0.05


Tree=175
num_leaves=9
num_cat=0
split_feature=69 51 17 6 3 26 20 41
split_gain=10.5806 4.28033 3.27873 2.0621 1.5799 0.806943 0.651846 0.904602
threshold=2.5495002546822363 0.44692021334438109 0.45413670078607149 -1.8194576771506148 -1.8656332456545925 266.25000000000006 3.0927538458876341e-05 0.89342339145558591
decision_type=2 2 2 2 2 2 2 2
left_child=6 2 4 5 -2 -3 7 -1
right_child=1 3 -4 -5 -6 -7 -8 -9
leaf_value=0.0034895925078482965 0.032422995833730893 0.036931065753498998 -0.034498082706564424 -0.0067498027837489469 -0.0084593114726216664 -0.0082352042489969232 -0.031918149869878176 -0.025145346477005587
leaf_weight=3.9992502853274328 3.4916809545829892 13.652810070663691 6.08490882627666 3.4508757572621098 4.3108542468398827 0.70923140645027238 27.846756998449564 6.553724966943264
leaf_count=30 47 710 35 52 29 8 247 50
internal_value=-0.0104066 0.0108047 -0.00965298 0.0264194 0.0114407 0.0343098 -0.0277472 -0.0149308
internal_weight=70.1001 31.7004 13.8874 17.8129 7.80254 14.362 38.3997 10.553
internal_count=1208 881 111 770 76 718 327 80
is_linear=0
shrinkage=0.05


Tree=176
num_leaves=10
num_cat=0
split_feature=20 40 40 48 43 70 77 48 56
split_gain=6.40241 4.20431 4.02994 5.90413 5.67537 5.76848 5.44049 4.5938 1.84221
threshold=4.5311669908658149e-06 0.9929962532367681 0.52490351049462858 0.018554111929501887 0.15178482478059005 0.2795663057253317 0.97012698070780556 0.049978865039748098 9.5835475543528892e-05
decision_type=2 2 2 2 2 2 2 2 2
left_child=8 2 4 -4 6 -6 -2 -5 -1
right_child=1 -3 3 7 5 -7 -8 -9 -10
leaf_value=-0.037241975659959167 -0.00092317859847269304 -0.017404984446346281 0.030806124251966091 -0.010074536192526882 -0.030831740293431872 0.0070324271487333017 0.028529761955805762 0.020689096530541354 0.00066712754384279783
leaf_weight=12.097445342689754 50.829444190487266 20.438004471361637 31.843115657567978 27.346567094326019 23.057149112224579 16.7513079168275 21.634567189030349 20.250124204903841 4.1968783582560709
leaf_count=761 95 34 53 42 37 56 48 32 50
internal_value=0.0012614 0.00362998 0.00595114 0.0144933 -0.000167543 -0.0151167 0.00813883 0.00317033 -0.0280039
internal_weight=228.445 212.15 191.712 79.4398 112.272 39.8085 72.464 47.5967 16.2943
internal_count=1208 397 363 127 236 93 143 74 811
is_linear=0
shrinkage=0.05


Tree=177
num_leaves=9
num_cat=0
split_feature=50 46 38 53 39 52 61 0
split_gain=5.35026 3.5183 3.27191 3.77067 3.32324 4.88222 2.61991 1.74407
threshold=0.45918565397122246 0.011981363702741938 2.8793866863114066 0.43431147404974763 -0.28848425077912571 0.10868341630192009 73.037500000000009 -0.31984544735133608
decision_type=2 2 2 2 2 2 2 2
left_child=1 7 4 -4 6 -6 -3 -1
right_child=-2 2 3 -5 5 -7 -8 -9
leaf_value=-0.037655128531590344 0.039195053873755686 0.0026241672682265488 0.007450712194677054 -0.022129570651974354 0.0022310907328796023 0.022891413827685309 -0.026363001477482186 0.0018462270120479147
leaf_weight=7.971951050683856 7.9970434298738828 16.57015818729997 16.89107209444046 26.921753877773881 121.60228996910155 36.492863736115396 13.450981264933942 3.9274772554635984
leaf_count=96 18 37 27 48 679 290 29 7
internal_value=0.00132992 -6.69883e-05 0.00134093 -0.0108138 0.00421401 0.00711399 -0.0107947 -0.0254851
internal_weight=251.826 243.829 231.929 43.8128 188.116 158.095 30.0211 11.8994
internal_count=1231 1213 1110 75 1035 969 66 103
is_linear=0
shrinkage=0.05


Tree=178
num_leaves=13
num_cat=0
split_feature=60 64 19 73 56 26 73 56 73 36 37 18
split_gain=11.4812 3.31506 3.67386 1.77054 1.75051 1.20081 0.342852 0.268156 0.657594 0.238548 0.0400457 0.0179471
threshold=118.90000000000002 24.175000000000001 0.00022063324856008555 0.10824517899073968 -1.2834634792129776e-06 83.997500000000016 0.069514636738251756 7.7716824296291583e-05 0.11620786494044846 -0.23116402177246759 0.24760579365541777 -3.7762404007151425e-05
decision_type=2 2 2 2 2 2 2 2 2 2 2 2
left_child=1 9 3 -3 -2 -5 -4 8 -6 -1 -11 -9
right_child=4 2 6 5 7 -7 -8 11 -10 10 -12 -13
leaf_value=0.0023285455530106737 0.0039112234474082018 0.018787808745175574 -0.00044664179565268399 -0.037151543252230849 -0.00016102892924755238 -0.0014934578951015026 0.033703374845324978 -0.01720927883259717 -0.027974271582453997 0.038144435835994688 0.0061860674873859423 -0.033409863869863436
leaf_weight=0.66131132375449198 4.1080392971634856 2.2607885384932187 0.80379180796444316 5.693571172654627 3.4540614672005159 3.7817076910287142 5.2337120929732919 3.6354533135890952 4.572589099407196 9.2531825248151982 0.53332537133246738 26.660012722015384
leaf_count=24 24 51 30 45 30 40 197 30 42 447 26 245
internal_value=-0.0100671 0.0143454 0.000784975 -0.0152759 -0.026261 -0.0244211 0.0297394 -0.0295126 -0.0173493 0.0353304 0.0371378 -0.0320778
internal_weight=70.6515 28.2214 17.7736 11.7361 42.4302 9.47528 6.0375 38.3221 8.02665 10.4478 9.78651 30.2955
internal_count=1231 860 363 136 371 85 227 347 72 497 473 275
is_linear=0
shrinkage=0.05


Tree=179
num_leaves=13
num_cat=0
split_feature=21 61 7 16 25 44 75 68 71 77 63 56
split_gain=7.18055 6.99554 4.54423 5.49531 5.66413 6.08079 4.23725 3.80989 2.73049 1.95976 4.0148 1.98991
threshold=0.32076336130395655 72.237500000000026 0.23013061575097485 0.056339596589907899 15.475000000000005 0.53613067876227105 0.77650871413545797 279.86250000000007 2.4747369637398644 0.99014144938066095 545.13750000000016 0.00083917955369784746
decision_type=2 2 2 2 2 2 2 2 2 2 2 2
left_child=2 7 6 4 -4 -6 -1 9 -8 11 -11 -2
right_child=1 -3 3 -5 5 -7 8 -9 -10 10 -12 -13
leaf_value=-0.0029124541572505946 -0.039804787478331771 0.009126353433688679 0.020547111380727186 0.019750639750482381 -0.020502366554901411 0.0091088134789646825 0.039917846659889809 0.020436125468999086 0.013708894156778948 -0.035360897912137722 0.039437458378418555 0.0068903142036297023
leaf_weight=17.433621725067496 26.677189012058083 21.355616565793753 16.812848104164004 28.576645612716675 51.285381952300668 25.230876293033361 18.912721276283264 3.2938120458275071 23.13420466799289 3.051318938843905 2.2230323553085327 2.1913627614267162
leaf_count=35 742 47 35 46 91 40 30 12 47 85 3 18
internal_value=0.00159669 -0.0134477 0.00651999 0.000952912 -0.00495117 -0.0107467 0.0177254 -0.0262274 0.0261511 -0.0311825 -0.00257398 -0.0361482
internal_weight=240.179 58.7923 181.386 121.906 93.3291 76.5163 59.4805 37.4367 42.0469 34.1429 5.27435 28.8686
internal_count=1231 907 324 212 166 131 112 860 77 848 88 760
is_linear=0
shrinkage=0.05


end of trees

feature_importances:
vert_centroid_drift_hz_per_s_med=101
horiz_centroid_drift_hz_per_s_med=88
horiz_envelope_peak_over_mean_p90=74
lp_envelope_coherence=49
vert_log_vlp_sp_ratio_med=48
vert_envelope_duration_50pc_s_mad=36
vert_log_lp_sp_ratio_med=34
horiz_log_lp_sp_ratio_mad=33
horiz_centroid_drift_hz_per_s_mad=32
vert_log_lp_sp_ratio_mad=31
vert_centroid_drift_hz_per_s_p90=31
vert_envelope_duration_20pc_s_med=30
log_hv_energy_ratio_mad=27
vert_log_vlp_sp_ratio_p90=26
vert_centroid_drift_hz_per_s_mad=26
horiz_envelope_peak_over_mean_med=26
vert_log_vlp_sp_ratio_mad=25
horiz_envelope_rise_10_50_s_med=25
horiz_envelope_duration_50pc_s_mad=24
vert_log_lp_mid_ratio_mad=23
vert_envelope_rise_10_50_s_med=23
horiz_log_vlp_sp_ratio_med=23
lp_rectilinearity_p90=23
horiz_log_lp_mid_ratio_med=21
horiz_centroid_drift_hz_per_s_p90=21
lp_rectilinearity_med=21
vert_envelope_duration_50pc_s_p90=19
vert_envelope_peak_over_mean_med=19
horiz_log_vlp_sp_ratio_p90=19
horiz_log_lp_mid_ratio_mad=19
horiz_envelope_duration_50pc_s_med=19
horiz_envelope_rise_10_50_s_mad=19
lp_rectilinearity_mad=19
vert_envelope_duration_20pc_s_p90=18
horiz_log_lp_mid_ratio_p90=18
horiz_spectral_centroid_hz_p90=18
horiz_envelope_rise_10_50_s_p90=18
vert_energy_fraction_lp_med=17
vert_energy_fraction_lp_p90=17
horiz_log_lp_sp_ratio_p90=17
log_hv_energy_ratio_p90=17
vert_envelope_duration_50pc_s_med=16
horiz_envelope_duration_20pc_s_med=16
horiz_envelope_duration_20pc_s_p90=16
horiz_energy_fraction_sp_med=15
horiz_energy_fraction_sp_mad=15
vert_log_lp_mid_ratio_p90=14
vert_envelope_duration_20pc_s_mad=14
vert_envelope_rise_10_50_s_p90=14
horiz_energy_fraction_lp_mad=14
log_hv_energy_ratio_med=14
vert_log_lp_sp_ratio_p90=13
vert_spectral_spread_hz_med=13
horiz_spectral_centroid_hz_mad=13
horiz_spectral_spread_hz_p90=13
horiz_envelope_peak_over_mean_mad=13
vert_spectral_centroid_hz_med=12
vert_envelope_peak_over_mean_p90=12
horiz_energy_fraction_lp_med=12
horiz_envelope_duration_50pc_s_p90=12
horiz_log_vlp_sp_ratio_mad=11
horiz_spectral_centroid_hz_med=11
vert_log_lp_mid_ratio_med=10
vert_spectral_centroid_hz_mad=10
horiz_energy_fraction_sp_p90=10
vert_energy_fraction_lp_mad=9
vert_energy_fraction_sp_p90=9
horiz_energy_fraction_lp_p90=9
horiz_spectral_spread_hz_mad=9
vert_spectral_centroid_hz_p90=8
vert_spectral_spread_hz_p90=8
vert_envelope_rise_10_50_s_mad=8
horiz_spectral_spread_hz_med=8
vert_energy_fraction_sp_med=7
vert_energy_fraction_sp_mad=7
vert_envelope_peak_over_mean_mad=6
horiz_envelope_duration_20pc_s_mad=6
vert_spectral_spread_hz_mad=5
horiz_log_lp_sp_ratio_med=5

parameters:
[boosting: gbdt]
[objective: multiclass]
[metric: multi_logloss]
[tree_learner: serial]
[device_type: cpu]
[data_sample_strategy: bagging]
[data: ]
[valid: ]
[num_iterations: 600]
[learning_rate: 0.05]
[num_leaves: 15]
[num_threads: 0]
[seed: 20260903]
[deterministic: 1]
[force_col_wise: 0]
[force_row_wise: 1]
[histogram_pool_size: -1]
[max_depth: 5]
[min_data_in_leaf: 30]
[min_sum_hessian_in_leaf: 0.001]
[bagging_fraction: 0.8]
[pos_bagging_fraction: 1]
[neg_bagging_fraction: 1]
[bagging_freq: 1]
[bagging_seed: 1721]
[bagging_by_query: 0]
[feature_fraction: 0.7]
[feature_fraction_bynode: 1]
[feature_fraction_seed: 12732]
[extra_trees: 0]
[extra_seed: 6506]
[early_stopping_round: 0]
[early_stopping_min_delta: 0]
[first_metric_only: 0]
[max_delta_step: 0]
[lambda_l1: 0]
[lambda_l2: 1]
[linear_lambda: 0]
[min_gain_to_split: 0]
[drop_rate: 0.1]
[max_drop: 50]
[skip_drop: 0.5]
[xgboost_dart_mode: 0]
[uniform_drop: 0]
[drop_seed: 14009]
[top_rate: 0.2]
[other_rate: 0.1]
[min_data_per_group: 100]
[max_cat_threshold: 32]
[cat_l2: 10]
[cat_smooth: 10]
[max_cat_to_onehot: 4]
[top_k: 20]
[monotone_constraints: ]
[monotone_constraints_method: basic]
[monotone_penalty: 0]
[feature_contri: ]
[forcedsplits_filename: ]
[refit_decay_rate: 0.9]
[cegb_tradeoff: 1]
[cegb_penalty_split: 0]
[cegb_penalty_feature_lazy: ]
[cegb_penalty_feature_coupled: ]
[path_smooth: 0]
[interaction_constraints: ]
[verbosity: -1]
[saved_feature_importance_type: 0]
[use_quantized_grad: 0]
[num_grad_quant_bins: 4]
[quant_train_renew_leaf: 0]
[stochastic_rounding: 1]
[linear_tree: 0]
[max_bin: 255]
[max_bin_by_feature: ]
[min_data_in_bin: 3]
[bin_construct_sample_cnt: 200000]
[data_random_seed: 5030]
[is_enable_sparse: 1]
[enable_bundle: 1]
[use_missing: 1]
[zero_as_missing: 0]
[feature_pre_filter: 1]
[pre_partition: 0]
[two_round: 0]
[header: 0]
[label_column: ]
[weight_column: ]
[group_column: ]
[ignore_column: ]
[categorical_feature: ]
[forcedbins_filename: ]
[precise_float_parser: 0]
[parser_config_file: ]
[objective_seed: 27550]
[num_class: 3]
[is_unbalance: 0]
[scale_pos_weight: 1]
[sigmoid: 1]
[boost_from_average: 1]
[reg_sqrt: 0]
[alpha: 0.9]
[fair_c: 1]
[poisson_max_delta_step: 0.7]
[tweedie_variance_power: 1.5]
[lambdarank_truncation_level: 30]
[lambdarank_norm: 1]
[label_gain: ]
[lambdarank_position_bias_regularization: 0]
[eval_at: ]
[multi_error_top_k: 1]
[auc_mu_weights: ]
[num_machines: 1]
[local_listen_port: 12400]
[time_out: 120]
[machine_list_filename: ]
[machines: ]
[gpu_platform_id: -1]
[gpu_device_id: -1]
[gpu_device_id_list: ]
[gpu_use_dp: 0]
[num_gpu: 1]

end of parameters

pandas_categorical:null
